,price,area,flat_type,locality,district
1,4000,29,1+1,"České Budějovice - České Budějovice 3, okres České Budějovice",České Budějovice - České Budějovice 3
2,9000,44,3+kk,Tábor,Tábor
3,10000,37,2+kk,"České Budějovice - České Budějovice 2, okres České Budějovice",České Budějovice - České Budějovice 2
4,8000,44,3+kk,"České Budějovice - České Budějovice 7, okres České Budějovice",České Budějovice - České Budějovice 7
5,9000,23,2+kk,"České Budějovice - České Budějovice 3, okres České Budějovice",České Budějovice - České Budějovice 3
6,6000,22,1+kk,"České Budějovice - České Budějovice 3, okres České Budějovice",České Budějovice - České Budějovice 3
7,9000,29,2+1,"České Budějovice - České Budějovice 3, okres České Budějovice",České Budějovice - České Budějovice 3
9,14000,71,4+1,"Hluboká nad Vltavou, okres České Budějovice",Hluboká nad Vltavou
13,8000,41,2+1,"České Budějovice - České Budějovice 6, okres České Budějovice",České Budějovice - České Budějovice 6
14,8000,29,2+kk,"České Budějovice - České Budějovice 2, okres České Budějovice",České Budějovice - České Budějovice 2
16,7000,26,2+kk,"České Budějovice - České Budějovice 6, okres České Budějovice",České Budějovice - České Budějovice 6
17,8000,39,2+1,"České Budějovice - České Budějovice 2, okres České Budějovice",České Budějovice - České Budějovice 2
19,5000,20,1+kk,"České Budějovice - České Budějovice 2, okres České Budějovice",České Budějovice - České Budějovice 2
23,8000,25,2+kk,"České Budějovice - České Budějovice 3, okres České Budějovice",České Budějovice - České Budějovice 3
24,10000,41,4+kk,"České Budějovice - České Budějovice 3, okres České Budějovice",České Budějovice - České Budějovice 3
25,7000,35,2+kk,"České Budějovice - České Budějovice 7, okres České Budějovice",České Budějovice - České Budějovice 7
26,8000,30,2+kk,"České Budějovice - České Budějovice 3, okres České Budějovice",České Budějovice - České Budějovice 3
28,7000,23,1+kk,"České Budějovice - České Budějovice 2, okres České Budějovice",České Budějovice - České Budějovice 2
30,11000,41,3+kk,"České Budějovice - České Budějovice 5, okres České Budějovice",České Budějovice - České Budějovice 5
32,5000,23,1+1,"České Budějovice - České Budějovice 2, okres České Budějovice",České Budějovice - České Budějovice 2
33,5000,29,1+1,"České Budějovice - České Budějovice 7, okres České Budějovice",České Budějovice - České Budějovice 7
35,9000,26,2+kk,"České Budějovice - České Budějovice 3, okres České Budějovice",České Budějovice - České Budějovice 3
36,8000,25,2+kk,"České Budějovice - České Budějovice 2, okres České Budějovice",České Budějovice - České Budějovice 2
37,5000,28,2+1,Tábor,Tábor
38,7000,37,2+kk,"České Budějovice - České Budějovice 3, okres České Budějovice",České Budějovice - České Budějovice 3
39,7000,37,3+1,"České Budějovice, okres České Budějovice",České Budějovice
40,8000,24,2+kk,"České Budějovice - České Budějovice 3, okres České Budějovice",České Budějovice - České Budějovice 3
41,6000,15,1+kk,"České Budějovice - České Budějovice 3, okres České Budějovice",České Budějovice - České Budějovice 3
44,10000,34,2+kk,"České Budějovice - České Budějovice 4, okres České Budějovice",České Budějovice - České Budějovice 4
45,5000,28,1+1,"Jindřichův Hradec - Jindřichův Hradec II, okres Jindřichův Hradec",Jindřichův Hradec - Jindřichův Hradec II
46,8000,29,2+1,"České Budějovice - České Budějovice 3, okres České Budějovice",České Budějovice - České Budějovice 3
48,7000,17,1+kk,"České Budějovice - České Budějovice 3, okres České Budějovice",České Budějovice - České Budějovice 3
49,6000,35,2+1,Tábor,Tábor
50,8000,25,2+kk,"České Budějovice, okres České Budějovice",České Budějovice
52,5000,17,1+kk,"České Budějovice - České Budějovice 2, okres České Budějovice",České Budějovice - České Budějovice 2
53,10000,48,3+1,"České Budějovice - České Budějovice 2, okres České Budějovice",České Budějovice - České Budějovice 2
55,10000,34,2+kk,"Jindřichův Hradec - Jindřichův Hradec II, okres Jindřichův Hradec",Jindřichův Hradec - Jindřichův Hradec II
57,8000,35,2+kk,"České Budějovice - České Budějovice 4, okres České Budějovice",České Budějovice - České Budějovice 4
61,6000,28,2+kk,"České Budějovice - České Budějovice 4, okres České Budějovice",České Budějovice - České Budějovice 4
62,10000,44,2+kk,"České Budějovice - České Budějovice 2, okres České Budějovice",České Budějovice - České Budějovice 2
63,6000,13,1+kk,"České Budějovice - České Budějovice 3, okres České Budějovice",České Budějovice - České Budějovice 3
69,5000,25,1+1,"České Budějovice - České Budějovice 3, okres České Budějovice",České Budějovice - České Budějovice 3
72,7000,22,2+kk,"České Budějovice - České Budějovice 2, okres České Budějovice",České Budějovice - České Budějovice 2
73,7000,35,2+1,"České Budějovice - České Budějovice 2, okres České Budějovice",České Budějovice - České Budějovice 2
75,8000,35,2+1,"České Budějovice - České Budějovice 5, okres České Budějovice",České Budějovice - České Budějovice 5
78,7000,22,2+kk,"České Budějovice - České Budějovice 3, okres České Budějovice",České Budějovice - České Budějovice 3
79,8000,29,1+kk,"České Budějovice - České Budějovice 3, okres České Budějovice",České Budějovice - České Budějovice 3
80,10000,47,4+1,"Strakonice - Strakonice I, okres Strakonice",Strakonice - Strakonice I
82,11000,50,3+1,"České Budějovice - České Budějovice 7, okres České Budějovice",České Budějovice - České Budějovice 7
83,8000,34,2+1,"Hluboká nad Vltavou, okres České Budějovice",Hluboká nad Vltavou
85,8000,22,1+kk,"České Budějovice - České Budějovice 2, okres České Budějovice",České Budějovice - České Budějovice 2
86,8000,41,3+1,"České Budějovice - České Budějovice 5, okres České Budějovice",České Budějovice - České Budějovice 5
87,8000,20,1+1,"České Budějovice - České Budějovice 5, okres České Budějovice",České Budějovice - České Budějovice 5
88,8000,28,2+1,"České Budějovice - České Budějovice 3, okres České Budějovice",České Budějovice - České Budějovice 3
89,10000,44,2+1,"Písek - Budějovické Předměstí, okres Písek",Písek - Budějovické Předměstí
90,14000,63,3+kk,"Písek - Budějovické Předměstí, okres Písek",Písek - Budějovické Předměstí
92,8000,39,3+1,Tábor,Tábor
93,9000,32,2+kk,"Písek - Budějovické Předměstí, okres Písek",Písek - Budějovické Předměstí
94,10000,36,2+kk,"České Budějovice - České Budějovice 2, okres České Budějovice",České Budějovice - České Budějovice 2
95,8000,29,1+1,Tábor,Tábor
96,8000,34,2+kk,"České Budějovice - České Budějovice 6, okres České Budějovice",České Budějovice - České Budějovice 6
97,6000,26,2+kk,"České Budějovice - České Budějovice 7, okres České Budějovice",České Budějovice - České Budějovice 7
98,10000,31,1+1,"České Budějovice - České Budějovice 7, okres České Budějovice",České Budějovice - České Budějovice 7
99,10000,42,2+kk,"České Budějovice - České Budějovice 7, okres České Budějovice",České Budějovice - České Budějovice 7
101,9000,32,2+kk,"České Budějovice - České Budějovice 2, okres České Budějovice",České Budějovice - České Budějovice 2
102,7000,35,2+1,Tábor,Tábor
104,7000,42,3+1,"Strakonice - Strakonice I, okres Strakonice",Strakonice - Strakonice I
106,4000,13,1+kk,"České Budějovice - České Budějovice 4, okres České Budějovice",České Budějovice - České Budějovice 4
108,7000,32,2+1,"České Budějovice - České Budějovice 3, okres České Budějovice",České Budějovice - České Budějovice 3
109,9000,46,3+1,"České Budějovice - České Budějovice 2, okres České Budějovice",České Budějovice - České Budějovice 2
111,7000,26,2+kk,"České Budějovice - České Budějovice 6, okres České Budějovice",České Budějovice - České Budějovice 6
116,9000,39,3+1,"České Budějovice - České Budějovice 3, okres České Budějovice",České Budějovice - České Budějovice 3
117,9000,39,2+kk,"Písek - Budějovické Předměstí, okres Písek",Písek - Budějovické Předměstí
119,6000,25,1+1,Tábor,Tábor
120,8000,33,2+1,"Hluboká nad Vltavou, okres České Budějovice",Hluboká nad Vltavou
121,8000,28,2+kk,"České Budějovice - České Budějovice 3, okres České Budějovice",České Budějovice - České Budějovice 3
122,7000,26,1+kk,"České Budějovice - České Budějovice 3, okres České Budějovice",České Budějovice - České Budějovice 3
124,8000,46,3+1,Tábor,Tábor
125,6000,21,1+kk,"České Budějovice, okres České Budějovice",České Budějovice
126,4000,19,1+kk,"České Budějovice - České Budějovice 3, okres České Budějovice",České Budějovice - České Budějovice 3
128,7000,23,2+kk,"České Budějovice - České Budějovice 3, okres České Budějovice",České Budějovice - České Budějovice 3
130,5000,18,1+kk,Tábor,Tábor
132,6000,22,1+1,"České Budějovice - České Budějovice 6, okres České Budějovice",České Budějovice - České Budějovice 6
133,10000,53,3+kk,"Strakonice - Strakonice I, okres Strakonice",Strakonice - Strakonice I
135,10000,39,2+kk,"Písek - Budějovické Předměstí, okres Písek",Písek - Budějovické Předměstí
136,6000,18,1+kk,"České Budějovice - České Budějovice 3, okres České Budějovice",České Budějovice - České Budějovice 3
137,7000,23,1+kk,"Hluboká nad Vltavou, okres České Budějovice",Hluboká nad Vltavou
138,7000,38,2+kk,"Písek - Budějovické Předměstí, okres Písek",Písek - Budějovické Předměstí
141,7000,30,2+kk,"České Budějovice - České Budějovice 2, okres České Budějovice",České Budějovice - České Budějovice 2
145,7000,35,2+kk,"České Budějovice - České Budějovice 3, okres České Budějovice",České Budějovice - České Budějovice 3
146,9000,27,2+kk,"České Budějovice - České Budějovice 2, okres České Budějovice",České Budějovice - České Budějovice 2
147,9000,39,2+1,"České Budějovice - České Budějovice 4, okres České Budějovice",České Budějovice - České Budějovice 4
148,8000,29,2+kk,"České Budějovice - České Budějovice 3, okres České Budějovice",České Budějovice - České Budějovice 3
149,10000,45,3+kk,"České Budějovice - České Budějovice 6, okres České Budějovice",České Budějovice - České Budějovice 6
150,10000,39,3+1,"České Budějovice - České Budějovice 3, okres České Budějovice",České Budějovice - České Budějovice 3
151,9000,32,2+1,"České Budějovice - České Budějovice 6, okres České Budějovice",České Budějovice - České Budějovice 6
152,8000,22,2+kk,"České Budějovice - České Budějovice 3, okres České Budějovice",České Budějovice - České Budějovice 3
153,11000,41,3+kk,"České Budějovice - České Budějovice 7, okres České Budějovice",České Budějovice - České Budějovice 7
154,8000,36,2+1,"České Budějovice, okres České Budějovice",České Budějovice
155,6000,25,2+kk,Tábor,Tábor
158,7000,20,1+kk,"České Budějovice - České Budějovice 3, okres České Budějovice",České Budějovice - České Budějovice 3
163,7000,30,2+kk,"České Budějovice - České Budějovice 3, okres České Budějovice",České Budějovice - České Budějovice 3
164,8000,26,1+kk,"České Budějovice - České Budějovice 3, okres České Budějovice",České Budějovice - České Budějovice 3
165,8000,31,3+1,"České Budějovice - České Budějovice 3, okres České Budějovice",České Budějovice - České Budějovice 3
166,10000,45,3+1,"České Budějovice - České Budějovice 3, okres České Budějovice",České Budějovice - České Budějovice 3
168,8000,44,2+kk,"České Budějovice - České Budějovice 3, okres České Budějovice",České Budějovice - České Budějovice 3
170,7000,22,1+kk,"České Budějovice - České Budějovice 5, okres České Budějovice",České Budějovice - České Budějovice 5
172,10000,31,2+1,"České Budějovice - České Budějovice 6, okres České Budějovice",České Budějovice - České Budějovice 6
173,7000,23,2+kk,"České Budějovice - České Budějovice 3, okres České Budějovice",České Budějovice - České Budějovice 3
174,7000,36,2+1,"České Budějovice - České Budějovice 6, okres České Budějovice",České Budějovice - České Budějovice 6
176,7000,31,2+kk,"České Budějovice - České Budějovice 6, okres České Budějovice",České Budějovice - České Budějovice 6
178,7000,23,1+1,"Písek - Budějovické Předměstí, okres Písek",Písek - Budějovické Předměstí
182,5000,17,1+kk,"České Budějovice - České Budějovice 7, okres České Budějovice",České Budějovice - České Budějovice 7
183,8000,29,2+kk,"České Budějovice - České Budějovice 5, okres České Budějovice",České Budějovice - České Budějovice 5
184,6000,36,2+1,Tábor,Tábor
185,11000,28,2+kk,"České Budějovice - České Budějovice 7, okres České Budějovice",České Budějovice - České Budějovice 7
187,7000,30,2+kk,"České Budějovice - České Budějovice 3, okres České Budějovice",České Budějovice - České Budějovice 3
190,7000,42,2+1,"České Budějovice, okres České Budějovice",České Budějovice
191,8000,23,1+1,"České Budějovice, okres České Budějovice",České Budějovice
193,9000,40,3+1,"Písek - Budějovické Předměstí, okres Písek",Písek - Budějovické Předměstí
194,8000,27,2+kk,"České Budějovice - České Budějovice 6, okres České Budějovice",České Budějovice - České Budějovice 6
195,7000,21,1+1,"České Budějovice - České Budějovice 3, okres České Budějovice",České Budějovice - České Budějovice 3
197,8000,24,1+kk,"České Budějovice - České Budějovice 2, okres České Budějovice",České Budějovice - České Budějovice 2
198,7000,29,2+1,"České Budějovice - České Budějovice 3, okres České Budějovice",České Budějovice - České Budějovice 3
199,10000,46,3+1,"České Budějovice - České Budějovice 3, okres České Budějovice",České Budějovice - České Budějovice 3
200,4000,14,other,"České Budějovice - České Budějovice 5, okres České Budějovice",České Budějovice - České Budějovice 5
201,8000,35,2+1,"České Budějovice - České Budějovice 3, okres České Budějovice",České Budějovice - České Budějovice 3
204,8000,24,1+kk,"České Budějovice - České Budějovice 3, okres České Budějovice",České Budějovice - České Budějovice 3
206,5000,36,2+kk,"Písek - Vnitřní Město, okres Písek",Písek - Vnitřní Město
208,8000,38,3+1,"Písek - Budějovické Předměstí, okres Písek",Písek - Budějovické Předměstí
209,7000,13,1+kk,"České Budějovice - České Budějovice 3, okres České Budějovice",České Budějovice - České Budějovice 3
210,8000,50,2+kk,"Písek - Budějovické Předměstí, okres Písek",Písek - Budějovické Předměstí
211,7000,22,2+kk,"České Budějovice - České Budějovice 3, okres České Budějovice",České Budějovice - České Budějovice 3
212,10000,38,3+1,"České Budějovice - České Budějovice 2, okres České Budějovice",České Budějovice - České Budějovice 2
213,7000,37,3+kk,"Jindřichův Hradec - Jindřichův Hradec II, okres Jindřichův Hradec",Jindřichův Hradec - Jindřichův Hradec II
214,6000,31,2+1,"České Budějovice - České Budějovice 7, okres České Budějovice",České Budějovice - České Budějovice 7
215,6000,32,2+1,Tábor,Tábor
217,11000,49,3+kk,"Hluboká nad Vltavou, okres České Budějovice",Hluboká nad Vltavou
218,6000,26,1+1,"Písek - Budějovické Předměstí, okres Písek",Písek - Budějovické Předměstí
219,7000,34,2+1,"Písek - Budějovické Předměstí, okres Písek",Písek - Budějovické Předměstí
220,7000,35,2+kk,"Písek - Vnitřní Město, okres Písek",Písek - Vnitřní Město
221,8000,29,2+kk,"České Budějovice - České Budějovice 4, okres České Budějovice",České Budějovice - České Budějovice 4
222,8000,31,2+1,"České Budějovice - České Budějovice 3, okres České Budějovice",České Budějovice - České Budějovice 3
223,11000,39,5+1,"České Budějovice - České Budějovice 3, okres České Budějovice",České Budějovice - České Budějovice 3
225,8000,34,2+kk,"České Budějovice - České Budějovice 6, okres České Budějovice",České Budějovice - České Budějovice 6
226,7000,24,1+kk,"Písek - Vnitřní Město, okres Písek",Písek - Vnitřní Město
228,6000,25,2+kk,"České Budějovice - České Budějovice 3, okres České Budějovice",České Budějovice - České Budějovice 3
229,7000,22,1+kk,"České Budějovice - České Budějovice 2, okres České Budějovice",České Budějovice - České Budějovice 2
233,6000,35,2+1,"České Budějovice - České Budějovice 2, okres České Budějovice",České Budějovice - České Budějovice 2
235,9000,46,3+1,Tábor,Tábor
243,9000,47,4+1,"Hluboká nad Vltavou, okres České Budějovice",Hluboká nad Vltavou
245,11000,38,2+kk,"České Budějovice - České Budějovice 3, okres České Budějovice",České Budějovice - České Budějovice 3
246,8000,33,2+kk,"České Budějovice - České Budějovice 3, okres České Budějovice",České Budějovice - České Budějovice 3
248,6000,26,1+1,"České Budějovice - České Budějovice 5, okres České Budějovice",České Budějovice - České Budějovice 5
251,6000,19,1+kk,"České Budějovice - České Budějovice 2, okres České Budějovice",České Budějovice - České Budějovice 2
252,7000,19,1+1,"České Budějovice - České Budějovice 2, okres České Budějovice",České Budějovice - České Budějovice 2
253,7000,34,2+1,Tábor,Tábor
254,7000,28,1+1,"České Budějovice - České Budějovice 2, okres České Budějovice",České Budějovice - České Budějovice 2
255,9000,28,2+1,"České Budějovice - České Budějovice 5, okres České Budějovice",České Budějovice - České Budějovice 5
257,10000,30,2+kk,"Hluboká nad Vltavou, okres České Budějovice",Hluboká nad Vltavou
258,7000,26,1+kk,"České Budějovice - České Budějovice 3, okres České Budějovice",České Budějovice - České Budějovice 3
259,11000,39,2+kk,"České Budějovice - České Budějovice 2, okres České Budějovice",České Budějovice - České Budějovice 2
261,8000,13,1+kk,"České Budějovice - České Budějovice 6, okres České Budějovice",České Budějovice - České Budějovice 6
262,8000,38,2+kk,"Písek - Budějovické Předměstí, okres Písek",Písek - Budějovické Předměstí
263,10000,44,2+kk,"České Budějovice - České Budějovice 2, okres České Budějovice",České Budějovice - České Budějovice 2
266,5000,29,1+kk,"Písek - Vnitřní Město, okres Písek",Písek - Vnitřní Město
267,10000,41,3+kk,"České Budějovice - České Budějovice 3, okres České Budějovice",České Budějovice - České Budějovice 3
270,7000,25,1+kk,"České Budějovice - České Budějovice 3, okres České Budějovice",České Budějovice - České Budějovice 3
271,11000,45,2+kk,"České Budějovice - České Budějovice 2, okres České Budějovice",České Budějovice - České Budějovice 2
272,7000,22,1+1,"České Budějovice - České Budějovice 3, okres České Budějovice",České Budějovice - České Budějovice 3
274,8000,38,2+1,"České Budějovice - České Budějovice 3, okres České Budějovice",České Budějovice - České Budějovice 3
278,10000,51,4+1,"České Budějovice - České Budějovice 2, okres České Budějovice",České Budějovice - České Budějovice 2
279,10000,47,3+1,"České Budějovice - České Budějovice 3, okres České Budějovice",České Budějovice - České Budějovice 3
281,5000,12,1+kk,"České Budějovice - České Budějovice 5, okres České Budějovice",České Budějovice - České Budějovice 5
282,5000,33,2+1,Tábor,Tábor
283,7000,19,1+1,"České Budějovice - České Budějovice 2, okres České Budějovice",České Budějovice - České Budějovice 2
288,8000,34,3+1,"České Budějovice - České Budějovice 3, okres České Budějovice",České Budějovice - České Budějovice 3
289,8000,32,2+kk,"České Budějovice - České Budějovice 3, okres České Budějovice",České Budějovice - České Budějovice 3
290,10000,36,2+kk,"České Budějovice - České Budějovice 7, okres České Budějovice",České Budějovice - České Budějovice 7
291,5000,17,1+kk,"České Budějovice - České Budějovice 3, okres České Budějovice",České Budějovice - České Budějovice 3
296,10000,44,2+kk,"České Budějovice - České Budějovice 2, okres České Budějovice",České Budějovice - České Budějovice 2
297,8000,36,3+kk,"České Budějovice - České Budějovice 4, okres České Budějovice",České Budějovice - České Budějovice 4
298,6000,17,1+kk,"České Budějovice - České Budějovice 4, okres České Budějovice",České Budějovice - České Budějovice 4
300,8000,29,2+kk,"České Budějovice - České Budějovice 3, okres České Budějovice",České Budějovice - České Budějovice 3
302,4000,17,1+kk,"Frymburk, okres Český Krumlov",Frymburk
303,7000,27,2+kk,"České Budějovice - České Budějovice 3, okres České Budějovice",České Budějovice - České Budějovice 3
305,8000,35,2+1,"České Budějovice - České Budějovice 3, okres České Budějovice",České Budějovice - České Budějovice 3
306,9000,39,3+1,"České Budějovice, okres České Budějovice",České Budějovice
313,7000,16,1+kk,"České Budějovice - České Budějovice 2, okres České Budějovice",České Budějovice - České Budějovice 2
314,8000,34,2+kk,"Jindřichův Hradec - Jindřichův Hradec II, okres Jindřichův Hradec",Jindřichův Hradec - Jindřichův Hradec II
315,11000,41,3+kk,"České Budějovice - České Budějovice 3, okres České Budějovice",České Budějovice - České Budějovice 3
316,7000,15,1+kk,"Hluboká nad Vltavou, okres České Budějovice",Hluboká nad Vltavou
317,8000,36,2+1,"České Budějovice - České Budějovice 3, okres České Budějovice",České Budějovice - České Budějovice 3
318,7000,46,2+1,Tábor,Tábor
319,8000,22,1+1,"Písek - Budějovické Předměstí, okres Písek",Písek - Budějovické Předměstí
321,7000,37,2+1,"České Budějovice - České Budějovice 2, okres České Budějovice",České Budějovice - České Budějovice 2
322,6000,22,1+1,"České Budějovice - České Budějovice 2, okres České Budějovice",České Budějovice - České Budějovice 2
323,5000,41,2+1,"České Budějovice - České Budějovice 3, okres České Budějovice",České Budějovice - České Budějovice 3
324,7000,34,2+1,"České Budějovice - České Budějovice 7, okres České Budějovice",České Budějovice - České Budějovice 7
327,8000,28,2+kk,"České Budějovice - České Budějovice 6, okres České Budějovice",České Budějovice - České Budějovice 6
328,7000,37,3+kk,"České Budějovice - České Budějovice 3, okres České Budějovice",České Budějovice - České Budějovice 3
332,7000,13,1+kk,"Jindřichův Hradec - Jindřichův Hradec II, okres Jindřichův Hradec",Jindřichův Hradec - Jindřichův Hradec II
334,8000,25,2+kk,"České Budějovice - České Budějovice 3, okres České Budějovice",České Budějovice - České Budějovice 3
335,9000,25,2+kk,"Hluboká nad Vltavou, okres České Budějovice",Hluboká nad Vltavou
336,9000,32,2+kk,"České Budějovice - České Budějovice 3, okres České Budějovice",České Budějovice - České Budějovice 3
337,11000,34,2+kk,"České Budějovice - České Budějovice 2, okres České Budějovice",České Budějovice - České Budějovice 2
338,8000,23,2+kk,"České Budějovice - České Budějovice 3, okres České Budějovice",České Budějovice - České Budějovice 3
339,7000,29,2+kk,"Písek - Budějovické Předměstí, okres Písek",Písek - Budějovické Předměstí
340,5000,23,1+1,Tábor,Tábor
341,9000,43,3+1,"České Budějovice - České Budějovice 2, okres České Budějovice",České Budějovice - České Budějovice 2
342,7000,30,2+1,"České Budějovice - České Budějovice 3, okres České Budějovice",České Budějovice - České Budějovice 3
343,7000,21,1+kk,"České Budějovice - České Budějovice 5, okres České Budějovice",České Budějovice - České Budějovice 5
344,7000,22,1+1,"Písek - Budějovické Předměstí, okres Písek",Písek - Budějovické Předměstí
347,8000,29,2+1,"Jindřichův Hradec - Jindřichův Hradec II, okres Jindřichův Hradec",Jindřichův Hradec - Jindřichův Hradec II
348,9000,39,3+1,"České Budějovice - České Budějovice 3, okres České Budějovice",České Budějovice - České Budějovice 3
350,10000,44,3+kk,"České Budějovice - České Budějovice 6, okres České Budějovice",České Budějovice - České Budějovice 6
352,7000,36,2+1,Tábor,Tábor
353,5000,12,1+kk,"České Budějovice - České Budějovice 7, okres České Budějovice",České Budějovice - České Budějovice 7
354,10000,48,3+1,"České Budějovice - České Budějovice 2, okres České Budějovice",České Budějovice - České Budějovice 2
355,12000,49,3+kk,"České Budějovice - České Budějovice 3, okres České Budějovice",České Budějovice - České Budějovice 3
356,11000,34,2+kk,"České Budějovice - České Budějovice 3, okres České Budějovice",České Budějovice - České Budějovice 3
359,9000,48,2+1,"Písek - Vnitřní Město, okres Písek",Písek - Vnitřní Město
361,8000,41,3+1,"Strakonice - Strakonice I, okres Strakonice",Strakonice - Strakonice I
362,6000,15,1+kk,"České Budějovice - České Budějovice 2, okres České Budějovice",České Budějovice - České Budějovice 2
363,7000,41,3+1,"České Budějovice - České Budějovice 2, okres České Budějovice",České Budějovice - České Budějovice 2
364,9000,38,3+kk,"České Budějovice - České Budějovice 3, okres České Budějovice",České Budějovice - České Budějovice 3
366,6000,26,2+kk,"České Budějovice - České Budějovice 5, okres České Budějovice",České Budějovice - České Budějovice 5
367,11000,45,4+1,"České Budějovice - České Budějovice 2, okres České Budějovice",České Budějovice - České Budějovice 2
368,5000,29,2+1,"České Budějovice - České Budějovice 6, okres České Budějovice",České Budějovice - České Budějovice 6
369,11000,42,3+kk,"České Budějovice - České Budějovice 2, okres České Budějovice",České Budějovice - České Budějovice 2
370,6000,36,2+kk,"Jindřichův Hradec - Jindřichův Hradec II, okres Jindřichův Hradec",Jindřichův Hradec - Jindřichův Hradec II
371,10000,56,3+1,"České Budějovice - České Budějovice 3, okres České Budějovice",České Budějovice - České Budějovice 3
372,5000,26,1+kk,"České Budějovice - České Budějovice 5, okres České Budějovice",České Budějovice - České Budějovice 5
373,10000,43,3+kk,"Písek - Vnitřní Město, okres Písek",Písek - Vnitřní Město
374,8000,35,3+kk,"České Budějovice - České Budějovice 4, okres České Budějovice",České Budějovice - České Budějovice 4
376,10000,38,3+kk,"České Budějovice - České Budějovice 5, okres České Budějovice",České Budějovice - České Budějovice 5
382,7000,18,1+kk,"České Budějovice - České Budějovice 2, okres České Budějovice",České Budějovice - České Budějovice 2
384,6000,26,1+1,"České Budějovice, okres České Budějovice",České Budějovice
385,10000,44,3+1,"České Budějovice - České Budějovice 2, okres České Budějovice",České Budějovice - České Budějovice 2
389,8000,42,2+kk,"České Budějovice - České Budějovice 3, okres České Budějovice",České Budějovice - České Budějovice 3
390,8000,36,2+kk,"České Budějovice - České Budějovice 6, okres České Budějovice",České Budějovice - České Budějovice 6
391,7000,42,2+1,"České Budějovice, okres České Budějovice",České Budějovice
392,6000,19,1+kk,"České Budějovice, okres České Budějovice",České Budějovice
393,8000,32,2+kk,"České Budějovice - České Budějovice 5, okres České Budějovice",České Budějovice - České Budějovice 5
395,7000,20,2+kk,"České Budějovice - České Budějovice 2, okres České Budějovice",České Budějovice - České Budějovice 2
397,14000,89,3+kk,"Písek - Vnitřní Město, okres Písek",Písek - Vnitřní Město
398,13000,57,3+kk,"Písek - Vnitřní Město, okres Písek",Písek - Vnitřní Město
399,10000,39,2+kk,"Písek - Vnitřní Město, okres Písek",Písek - Vnitřní Město
400,14000,87,2+kk,"Písek - Vnitřní Město, okres Písek",Písek - Vnitřní Město
403,8000,27,2+kk,"České Budějovice - České Budějovice 3, okres České Budějovice",České Budějovice - České Budějovice 3
404,7000,24,2+1,Tábor,Tábor
405,4000,15,1+kk,"Strakonice - Strakonice I, okres Strakonice",Strakonice - Strakonice I
407,7000,22,1+kk,"České Budějovice - České Budějovice 3, okres České Budějovice",České Budějovice - České Budějovice 3
408,7000,29,2+kk,Tábor,Tábor
412,7000,45,3+1,"České Budějovice - České Budějovice 2, okres České Budějovice",České Budějovice - České Budějovice 2
413,6000,25,2+kk,"České Budějovice - České Budějovice 2, okres České Budějovice",České Budějovice - České Budějovice 2
415,9000,37,2+kk,Tábor,Tábor
416,7000,14,1+kk,"České Budějovice - České Budějovice 3, okres České Budějovice",České Budějovice - České Budějovice 3
418,9000,24,1+kk,"České Budějovice - České Budějovice 5, okres České Budějovice",České Budějovice - České Budějovice 5
422,6000,31,2+1,"Strakonice - Strakonice I, okres Strakonice",Strakonice - Strakonice I
424,4000,19,1+kk,"Strakonice - Strakonice I, okres Strakonice",Strakonice - Strakonice I
427,7000,25,2+kk,"České Budějovice - České Budějovice 2, okres České Budějovice",České Budějovice - České Budějovice 2
428,8000,26,2+kk,"České Budějovice - České Budějovice 3, okres České Budějovice",České Budějovice - České Budějovice 3
430,6000,16,1+kk,"České Budějovice - České Budějovice 6, okres České Budějovice",České Budějovice - České Budějovice 6
431,8000,25,2+kk,"České Budějovice - České Budějovice 3, okres České Budějovice",České Budějovice - České Budějovice 3
432,9000,31,2+kk,"České Budějovice - České Budějovice 3, okres České Budějovice",České Budějovice - České Budějovice 3
433,7000,22,2+kk,"České Budějovice - České Budějovice 3, okres České Budějovice",České Budějovice - České Budějovice 3
434,7000,22,1+kk,"České Budějovice - České Budějovice 2, okres České Budějovice",České Budějovice - České Budějovice 2
438,5000,31,2+1,"Jindřichův Hradec - Jindřichův Hradec II, okres Jindřichův Hradec",Jindřichův Hradec - Jindřichův Hradec II
440,6000,12,1+kk,"České Budějovice - České Budějovice 3, okres České Budějovice",České Budějovice - České Budějovice 3
442,7000,42,3+1,"Písek - Budějovické Předměstí, okres Písek",Písek - Budějovické Předměstí
443,7000,28,1+1,"České Budějovice - České Budějovice 6, okres České Budějovice",České Budějovice - České Budějovice 6
445,7000,29,1+1,"České Budějovice - České Budějovice 6, okres České Budějovice",České Budějovice - České Budějovice 6
446,8000,23,1+1,"České Budějovice - České Budějovice 3, okres České Budějovice",České Budějovice - České Budějovice 3
447,10000,37,3+1,"Strakonice - Strakonice I, okres Strakonice",Strakonice - Strakonice I
449,7000,29,2+1,"Písek - Budějovické Předměstí, okres Písek",Písek - Budějovické Předměstí
451,7000,21,2+kk,"České Budějovice - České Budějovice 3, okres České Budějovice",České Budějovice - České Budějovice 3
452,8000,41,2+kk,"Písek - Vnitřní Město, okres Písek",Písek - Vnitřní Město
454,13000,48,3+kk,"Hluboká nad Vltavou, okres České Budějovice",Hluboká nad Vltavou
456,7000,26,2+kk,"České Budějovice - České Budějovice 2, okres České Budějovice",České Budějovice - České Budějovice 2
458,5000,12,1+kk,"České Budějovice - České Budějovice 3, okres České Budějovice",České Budějovice - České Budějovice 3
459,8000,19,1+kk,"České Budějovice - České Budějovice 4, okres České Budějovice",České Budějovice - České Budějovice 4
460,6000,32,2+1,"České Budějovice - České Budějovice 6, okres České Budějovice",České Budějovice - České Budějovice 6
469,8000,31,2+kk,"České Budějovice - České Budějovice 6, okres České Budějovice",České Budějovice - České Budějovice 6
472,12000,62,3+kk,"České Budějovice - České Budějovice 2, okres České Budějovice",České Budějovice - České Budějovice 2
475,5000,32,2+1,"Strakonice - Strakonice I, okres Strakonice",Strakonice - Strakonice I
476,8000,32,2+kk,"České Budějovice - České Budějovice 3, okres České Budějovice",České Budějovice - České Budějovice 3
477,8000,35,2+1,"Písek - Budějovické Předměstí, okres Písek",Písek - Budějovické Předměstí
478,7000,20,1+1,"České Budějovice - České Budějovice 3, okres České Budějovice",České Budějovice - České Budějovice 3
479,7000,32,2+kk,"Písek - Vnitřní Město, okres Písek",Písek - Vnitřní Město
480,7000,20,1+1,"České Budějovice - České Budějovice 3, okres České Budějovice",České Budějovice - České Budějovice 3
487,7000,28,2+kk,Tábor,Tábor
490,5000,20,1+1,"České Budějovice - České Budějovice 6, okres České Budějovice",České Budějovice - České Budějovice 6
491,10000,35,2+kk,"České Budějovice - České Budějovice 4, okres České Budějovice",České Budějovice - České Budějovice 4
494,5000,34,2+1,"Strakonice - Strakonice I, okres Strakonice",Strakonice - Strakonice I
496,7000,35,2+1,"Frymburk, okres Český Krumlov",Frymburk
497,9000,71,4+1,"Písek - Budějovické Předměstí, okres Písek",Písek - Budějovické Předměstí
498,8000,66,3+1,"Písek - Budějovické Předměstí, okres Písek",Písek - Budějovické Předměstí
502,6000,28,2+kk,"České Budějovice - České Budějovice 3, okres České Budějovice",České Budějovice - České Budějovice 3
505,5000,42,2+1,"Strakonice - Strakonice I, okres Strakonice",Strakonice - Strakonice I
506,8000,24,1+kk,"České Budějovice - České Budějovice 5, okres České Budějovice",České Budějovice - České Budějovice 5
507,7000,23,1+1,"České Budějovice - České Budějovice 3, okres České Budějovice",České Budějovice - České Budějovice 3
508,8000,34,2+1,"České Budějovice - České Budějovice 3, okres České Budějovice",České Budějovice - České Budějovice 3
509,7000,27,2+1,"České Budějovice - České Budějovice 3, okres České Budějovice",České Budějovice - České Budějovice 3
514,8000,25,2+1,"České Budějovice - České Budějovice 7, okres České Budějovice",České Budějovice - České Budějovice 7
517,7000,36,2+1,"České Budějovice - České Budějovice 6, okres České Budějovice",České Budějovice - České Budějovice 6
520,8000,34,2+kk,"Písek - Budějovické Předměstí, okres Písek",Písek - Budějovické Předměstí
521,7000,34,2+1,"Jindřichův Hradec - Jindřichův Hradec II, okres Jindřichův Hradec",Jindřichův Hradec - Jindřichův Hradec II
522,7000,20,2+1,"Jindřichův Hradec - Jindřichův Hradec II, okres Jindřichův Hradec",Jindřichův Hradec - Jindřichův Hradec II
524,6000,38,2+1,"Jindřichův Hradec - Jindřichův Hradec II, okres Jindřichův Hradec",Jindřichův Hradec - Jindřichův Hradec II
525,7000,36,2+kk,"České Budějovice - České Budějovice 2, okres České Budějovice",České Budějovice - České Budějovice 2
528,5000,23,1+1,"České Budějovice - České Budějovice 3, okres České Budějovice",České Budějovice - České Budějovice 3
532,8000,38,2+kk,"Hluboká nad Vltavou, okres České Budějovice",Hluboká nad Vltavou
535,7000,25,1+kk,"Jindřichův Hradec - Jindřichův Hradec II, okres Jindřichův Hradec",Jindřichův Hradec - Jindřichův Hradec II
537,7000,36,3+kk,"Jindřichův Hradec - Jindřichův Hradec II, okres Jindřichův Hradec",Jindřichův Hradec - Jindřichův Hradec II
541,12000,47,3+1,"České Budějovice - České Budějovice 3, okres České Budějovice",České Budějovice - České Budějovice 3
547,10000,47,3+kk,"České Budějovice - České Budějovice 3, okres České Budějovice",České Budějovice - České Budějovice 3
554,32000,69,4+kk,"Frymburk, okres Český Krumlov",Frymburk
555,21000,38,2+kk,"Frymburk, okres Český Krumlov",Frymburk
556,23000,38,2+kk,"Frymburk, okres Český Krumlov",Frymburk
557,18000,22,1+kk,"Frymburk, okres Český Krumlov",Frymburk
558,23000,32,2+kk,"Frymburk, okres Český Krumlov",Frymburk
559,21000,32,2+kk,"Frymburk, okres Český Krumlov",Frymburk
560,21000,25,1+kk,"Frymburk, okres Český Krumlov",Frymburk
561,18000,25,1+kk,"Frymburk, okres Český Krumlov",Frymburk
562,21000,34,2+kk,"Frymburk, okres Český Krumlov",Frymburk
565,12000,27,2+1,"Plzeň - Jižní Předměstí, okres Plzeň-město",Plzeň - Jižní Předměstí
566,11000,53,2+1,"Plzeň - Jižní Předměstí, okres Plzeň-město",Plzeň - Jižní Předměstí
568,7000,30,1+kk,"Plzeň - Doubravka, okres Plzeň-město",Plzeň - Doubravka
571,7000,16,1+kk,"Plzeň - Jižní Předměstí, okres Plzeň-město",Plzeň - Jižní Předměstí
572,7000,19,1+kk,"Plzeň - Jižní Předměstí, okres Plzeň-město",Plzeň - Jižní Předměstí
573,7000,28,2+kk,"Plzeň - Doubravka, okres Plzeň-město",Plzeň - Doubravka
575,7000,41,2+1,"Plzeň - Severní Předměstí, okres Plzeň-město",Plzeň - Severní Předměstí
578,12000,31,2+kk,"Plzeň - Východní Předměstí, okres Plzeň-město",Plzeň - Východní Předměstí
580,10000,34,2+kk,"Plzeň - Severní Předměstí, okres Plzeň-město",Plzeň - Severní Předměstí
581,11000,38,2+1,"Plzeň - Východní Předměstí, okres Plzeň-město",Plzeň - Východní Předměstí
582,7000,23,1+kk,"Plzeň - Východní Předměstí, okres Plzeň-město",Plzeň - Východní Předměstí
583,6000,17,1+kk,"Plzeň - Bolevec, okres Plzeň-město",Plzeň - Bolevec
584,8000,48,3+1,Tachov,Tachov
586,8000,16,1+kk,"Plzeň - Jižní Předměstí, okres Plzeň-město",Plzeň - Jižní Předměstí
587,12000,26,2+1,"Plzeň - Jižní Předměstí, okres Plzeň-město",Plzeň - Jižní Předměstí
588,12000,27,2+1,"Plzeň - Jižní Předměstí, okres Plzeň-město",Plzeň - Jižní Předměstí
589,12000,26,2+1,"Plzeň - Jižní Předměstí, okres Plzeň-město",Plzeň - Jižní Předměstí
590,12000,27,2+1,"Plzeň - Jižní Předměstí, okres Plzeň-město",Plzeň - Jižní Předměstí
591,12000,32,2+1,"Plzeň - Jižní Předměstí, okres Plzeň-město",Plzeň - Jižní Předměstí
592,12000,32,2+1,"Plzeň - Jižní Předměstí, okres Plzeň-město",Plzeň - Jižní Předměstí
594,10000,45,3+kk,"Plzeň - Jižní Předměstí, okres Plzeň-město",Plzeň - Jižní Předměstí
595,11000,47,3+1,"Plzeň - Jižní Předměstí, okres Plzeň-město",Plzeň - Jižní Předměstí
597,9000,38,2+kk,"Plzeň - Jižní Předměstí, okres Plzeň-město",Plzeň - Jižní Předměstí
601,8000,29,2+1,"Plzeň - Jižní Předměstí, okres Plzeň-město",Plzeň - Jižní Předměstí
602,7000,23,1+kk,"Plzeň - Doubravka, okres Plzeň-město",Plzeň - Doubravka
603,6000,20,1+kk,"Plzeň - Bolevec, okres Plzeň-město",Plzeň - Bolevec
605,7000,16,1+kk,"Plzeň - Východní Předměstí, okres Plzeň-město",Plzeň - Východní Předměstí
611,14000,66,3+1,"Plzeň - Východní Předměstí, okres Plzeň-město",Plzeň - Východní Předměstí
612,7000,16,1+kk,"Plzeň - Jižní Předměstí, okres Plzeň-město",Plzeň - Jižní Předměstí
613,8000,25,1+kk,"Plzeň - Východní Předměstí, okres Plzeň-město",Plzeň - Východní Předměstí
614,10000,36,3+kk,"Plzeň - Doubravka, okres Plzeň-město",Plzeň - Doubravka
615,8000,20,1+kk,"Plzeň - Východní Předměstí, okres Plzeň-město",Plzeň - Východní Předměstí
618,7000,32,3+kk,"Plzeň - Východní Předměstí, okres Plzeň-město",Plzeň - Východní Předměstí
619,9000,47,3+1,"Plzeň - Skvrňany, okres Plzeň-město",Plzeň - Skvrňany
620,5000,11,1+kk,"Plzeň - Lobzy, okres Plzeň-město",Plzeň - Lobzy
621,11000,46,4+1,"Plzeň - Bolevec, okres Plzeň-město",Plzeň - Bolevec
622,7000,17,1+1,"Plzeň - Lobzy, okres Plzeň-město",Plzeň - Lobzy
623,9000,42,3+1,"Plzeň - Vnitřní Město, okres Plzeň-město",Plzeň - Vnitřní Město
625,7000,19,1+kk,"Plzeň - Severní Předměstí, okres Plzeň-město",Plzeň - Severní Předměstí
626,8000,16,1+kk,"Plzeň - Jižní Předměstí, okres Plzeň-město",Plzeň - Jižní Předměstí
628,10000,50,3+1,"Plzeň - Jižní Předměstí, okres Plzeň-město",Plzeň - Jižní Předměstí
629,6000,19,1+kk,"Plzeň - Jižní Předměstí, okres Plzeň-město",Plzeň - Jižní Předměstí
633,14000,44,3+kk,"Plzeň - Východní Předměstí, okres Plzeň-město",Plzeň - Východní Předměstí
634,11000,38,3+1,"Plzeň - Jižní Předměstí, okres Plzeň-město",Plzeň - Jižní Předměstí
636,10000,33,2+kk,"Plzeň - Východní Předměstí, okres Plzeň-město",Plzeň - Východní Předměstí
638,8000,52,3+kk,"Plzeň - Bolevec, okres Plzeň-město",Plzeň - Bolevec
639,8000,29,2+1,"Plzeň - Lobzy, okres Plzeň-město",Plzeň - Lobzy
640,7000,23,1+kk,"Plzeň - Jižní Předměstí, okres Plzeň-město",Plzeň - Jižní Předměstí
641,4000,13,1+kk,"Plzeň - Severní Předměstí, okres Plzeň-město",Plzeň - Severní Předměstí
642,8000,30,2+1,"Plzeň - Lobzy, okres Plzeň-město",Plzeň - Lobzy
643,8000,26,2+kk,"Plzeň - Skvrňany, okres Plzeň-město",Plzeň - Skvrňany
644,8000,37,2+1,"Plzeň - Jižní Předměstí, okres Plzeň-město",Plzeň - Jižní Předměstí
645,6000,20,1+1,"Plzeň - Východní Předměstí, okres Plzeň-město",Plzeň - Východní Předměstí
646,8000,30,2+kk,"Plzeň - Jižní Předměstí, okres Plzeň-město",Plzeň - Jižní Předměstí
647,8000,25,1+kk,"Plzeň - Východní Předměstí, okres Plzeň-město",Plzeň - Východní Předměstí
649,19000,65,4+1,"Plzeň - Vnitřní Město, okres Plzeň-město",Plzeň - Vnitřní Město
650,11000,47,2+1,"Plzeň - Vnitřní Město, okres Plzeň-město",Plzeň - Vnitřní Město
653,8000,42,2+1,"Plzeň - Doubravka, okres Plzeň-město",Plzeň - Doubravka
654,8000,23,2+kk,"Plzeň - Severní Předměstí, okres Plzeň-město",Plzeň - Severní Předměstí
656,6000,17,1+kk,"Plzeň - Bolevec, okres Plzeň-město",Plzeň - Bolevec
657,9000,53,3+1,"Plzeň - Východní Předměstí, okres Plzeň-město",Plzeň - Východní Předměstí
660,7000,19,1+kk,"Plzeň - Jižní Předměstí, okres Plzeň-město",Plzeň - Jižní Předměstí
662,9000,47,3+1,"Plzeň - Skvrňany, okres Plzeň-město",Plzeň - Skvrňany
663,6000,28,2+kk,"Plzeň - Východní Předměstí, okres Plzeň-město",Plzeň - Východní Předměstí
665,12000,31,2+kk,"Plzeň - Východní Předměstí, okres Plzeň-město",Plzeň - Východní Předměstí
666,12000,39,2+kk,"Plzeň - Jižní Předměstí, okres Plzeň-město",Plzeň - Jižní Předměstí
667,8000,60,3+kk,"Plzeň - Východní Předměstí, okres Plzeň-město",Plzeň - Východní Předměstí
668,8000,35,2+1,"Plzeň - Bolevec, okres Plzeň-město",Plzeň - Bolevec
669,7000,32,3+kk,"Plzeň - Východní Předměstí, okres Plzeň-město",Plzeň - Východní Předměstí
670,8000,28,2+kk,"Plzeň - Jižní Předměstí, okres Plzeň-město",Plzeň - Jižní Předměstí
671,10000,40,3+1,"Plzeň - Bolevec, okres Plzeň-město",Plzeň - Bolevec
672,5000,20,1+1,"Dobřany, okres Plzeň-jih",Dobřany
673,10000,34,2+kk,"Dobřany, okres Plzeň-jih",Dobřany
675,17000,57,3+kk,"Plzeň - Doubravka, okres Plzeň-město",Plzeň - Doubravka
676,16000,53,4+kk,"Dobřany, okres Plzeň-jih",Dobřany
677,11000,41,2+kk,"Plzeň - Východní Předměstí, okres Plzeň-město",Plzeň - Východní Předměstí
678,7000,23,1+kk,"Plzeň - Doubravka, okres Plzeň-město",Plzeň - Doubravka
680,9000,47,3+kk,"Plzeň - Východní Předměstí, okres Plzeň-město",Plzeň - Východní Předměstí
681,5000,11,1+kk,"Plzeň - Jižní Předměstí, okres Plzeň-město",Plzeň - Jižní Předměstí
685,8000,29,2+1,Tachov,Tachov
687,8000,16,1+kk,"Plzeň - Jižní Předměstí, okres Plzeň-město",Plzeň - Jižní Předměstí
688,5000,11,1+kk,"Plzeň - Jižní Předměstí, okres Plzeň-město",Plzeň - Jižní Předměstí
693,8000,44,3+1,"Plzeň - Severní Předměstí, okres Plzeň-město",Plzeň - Severní Předměstí
694,8000,26,2+kk,"Plzeň - Lobzy, okres Plzeň-město",Plzeň - Lobzy
695,10000,42,3+kk,"Plzeň - Jižní Předměstí, okres Plzeň-město",Plzeň - Jižní Předměstí
697,10000,48,2+1,"Plzeň - Východní Předměstí, okres Plzeň-město",Plzeň - Východní Předměstí
698,11000,48,3+kk,"Plzeň - Východní Předměstí, okres Plzeň-město",Plzeň - Východní Předměstí
699,6000,32,2+1,"Plzeň - Východní Předměstí, okres Plzeň-město",Plzeň - Východní Předměstí
701,7000,28,2+kk,"Plzeň - Jižní Předměstí, okres Plzeň-město",Plzeň - Jižní Předměstí
702,8000,39,3+1,Tachov,Tachov
704,10000,38,2+kk,"Plzeň - Severní Předměstí, okres Plzeň-město",Plzeň - Severní Předměstí
708,8000,35,3+1,"Plzeň - Jižní Předměstí, okres Plzeň-město",Plzeň - Jižní Předměstí
709,7000,23,1+1,"Plzeň - Východní Předměstí, okres Plzeň-město",Plzeň - Východní Předměstí
710,8000,28,1+kk,"Plzeň - Jižní Předměstí, okres Plzeň-město",Plzeň - Jižní Předměstí
711,10000,41,4+kk,"Plzeň - Východní Předměstí, okres Plzeň-město",Plzeň - Východní Předměstí
713,8000,25,1+kk,"Plzeň - Východní Předměstí, okres Plzeň-město",Plzeň - Východní Předměstí
714,9000,48,2+1,"Plzeň - Východní Předměstí, okres Plzeň-město",Plzeň - Východní Předměstí
717,7000,31,2+kk,"Plzeň - Jižní Předměstí, okres Plzeň-město",Plzeň - Jižní Předměstí
718,8000,31,2+1,"Plzeň - Lobzy, okres Plzeň-město",Plzeň - Lobzy
719,8000,21,1+1,"Plzeň - Severní Předměstí, okres Plzeň-město",Plzeň - Severní Předměstí
720,11000,46,4+1,"Plzeň - Bolevec, okres Plzeň-město",Plzeň - Bolevec
721,13000,34,2+kk,"Plzeň - Severní Předměstí, okres Plzeň-město",Plzeň - Severní Předměstí
722,10000,42,3+kk,"Plzeň - Jižní Předměstí, okres Plzeň-město",Plzeň - Jižní Předměstí
723,6000,16,1+kk,"Plzeň - Východní Předměstí, okres Plzeň-město",Plzeň - Východní Předměstí
726,11000,50,2+kk,"Plzeň - Doubravka, okres Plzeň-město",Plzeň - Doubravka
730,10000,40,2+kk,"Plzeň - Jižní Předměstí, okres Plzeň-město",Plzeň - Jižní Předměstí
731,10000,40,3+1,"Plzeň - Lobzy, okres Plzeň-město",Plzeň - Lobzy
733,8000,35,2+kk,"Plzeň - Východní Předměstí, okres Plzeň-město",Plzeň - Východní Předměstí
735,6000,26,2+kk,"Plzeň - Východní Předměstí, okres Plzeň-město",Plzeň - Východní Předměstí
739,16000,50,3+kk,"Plzeň - Východní Předměstí, okres Plzeň-město",Plzeň - Východní Předměstí
740,11000,47,3+kk,Tachov,Tachov
741,6000,14,1+kk,"Plzeň - Skvrňany, okres Plzeň-město",Plzeň - Skvrňany
742,9000,31,2+kk,"Dobřany, okres Plzeň-jih",Dobřany
743,7000,41,2+1,"Plzeň - Vnitřní Město, okres Plzeň-město",Plzeň - Vnitřní Město
744,8000,17,1+1,"Plzeň - Lobzy, okres Plzeň-město",Plzeň - Lobzy
745,7000,45,2+1,"Plzeň - Vnitřní Město, okres Plzeň-město",Plzeň - Vnitřní Město
746,16000,83,3+1,"Plzeň - Jižní Předměstí, okres Plzeň-město",Plzeň - Jižní Předměstí
747,8000,28,2+kk,"Plzeň - Východní Předměstí, okres Plzeň-město",Plzeň - Východní Předměstí
748,8000,16,1+kk,"Plzeň - Jižní Předměstí, okres Plzeň-město",Plzeň - Jižní Předměstí
749,6000,32,2+1,"Plzeň - Východní Předměstí, okres Plzeň-město",Plzeň - Východní Předměstí
751,7000,28,2+kk,"Plzeň - Jižní Předměstí, okres Plzeň-město",Plzeň - Jižní Předměstí
752,8000,39,3+1,Tachov,Tachov
754,10000,38,2+kk,"Plzeň - Severní Předměstí, okres Plzeň-město",Plzeň - Severní Předměstí
758,8000,35,3+1,"Plzeň - Jižní Předměstí, okres Plzeň-město",Plzeň - Jižní Předměstí
759,7000,23,1+1,"Plzeň - Východní Předměstí, okres Plzeň-město",Plzeň - Východní Předměstí
760,8000,28,1+kk,"Plzeň - Jižní Předměstí, okres Plzeň-město",Plzeň - Jižní Předměstí
761,10000,41,4+kk,"Plzeň - Východní Předměstí, okres Plzeň-město",Plzeň - Východní Předměstí
763,9000,48,2+1,"Plzeň - Východní Předměstí, okres Plzeň-město",Plzeň - Východní Předměstí
766,7000,31,2+kk,"Plzeň - Jižní Předměstí, okres Plzeň-město",Plzeň - Jižní Předměstí
767,8000,21,1+1,"Plzeň - Severní Předměstí, okres Plzeň-město",Plzeň - Severní Předměstí
769,13000,34,2+kk,"Plzeň - Severní Předměstí, okres Plzeň-město",Plzeň - Severní Předměstí
770,6000,16,1+kk,"Plzeň - Východní Předměstí, okres Plzeň-město",Plzeň - Východní Předměstí
773,11000,50,2+kk,"Plzeň - Doubravka, okres Plzeň-město",Plzeň - Doubravka
777,10000,40,3+1,"Plzeň - Lobzy, okres Plzeň-město",Plzeň - Lobzy
779,8000,35,2+kk,"Plzeň - Východní Předměstí, okres Plzeň-město",Plzeň - Východní Předměstí
780,6000,26,2+kk,"Plzeň - Východní Předměstí, okres Plzeň-město",Plzeň - Východní Předměstí
784,16000,50,3+kk,"Plzeň - Východní Předměstí, okres Plzeň-město",Plzeň - Východní Předměstí
785,11000,47,3+kk,Tachov,Tachov
786,9000,31,2+kk,"Dobřany, okres Plzeň-jih",Dobřany
787,7000,41,2+1,"Plzeň - Vnitřní Město, okres Plzeň-město",Plzeň - Vnitřní Město
788,8000,17,1+1,"Plzeň - Lobzy, okres Plzeň-město",Plzeň - Lobzy
789,16000,83,3+1,"Plzeň - Jižní Předměstí, okres Plzeň-město",Plzeň - Jižní Předměstí
790,8000,28,2+kk,"Plzeň - Východní Předměstí, okres Plzeň-město",Plzeň - Východní Předměstí
791,14000,50,3+kk,"Plzeň - Skvrňany, okres Plzeň-město",Plzeň - Skvrňany
792,10000,49,2+1,"Plzeň - Jižní Předměstí, okres Plzeň-město",Plzeň - Jižní Předměstí
793,11000,36,2+kk,"Plzeň - Severní Předměstí, okres Plzeň-město",Plzeň - Severní Předměstí
794,7000,14,1+kk,"Plzeň - Skvrňany, okres Plzeň-město",Plzeň - Skvrňany
795,8000,27,2+1,"Plzeň - Skvrňany, okres Plzeň-město",Plzeň - Skvrňany
797,6000,23,1+1,"Plzeň - Severní Předměstí, okres Plzeň-město",Plzeň - Severní Předměstí
798,11000,38,2+1,"Plzeň - Jižní Předměstí, okres Plzeň-město",Plzeň - Jižní Předměstí
800,11000,27,2+kk,"Plzeň - Východní Předměstí, okres Plzeň-město",Plzeň - Východní Předměstí
801,10000,40,2+kk,"Plzeň - Jižní Předměstí, okres Plzeň-město",Plzeň - Jižní Předměstí
803,8000,29,1+1,"Plzeň - Vnitřní Město, okres Plzeň-město",Plzeň - Vnitřní Město
804,8000,28,2+kk,"Plzeň - Jižní Předměstí, okres Plzeň-město",Plzeň - Jižní Předměstí
805,8000,23,1+1,"Plzeň - Jižní Předměstí, okres Plzeň-město",Plzeň - Jižní Předměstí
807,11000,47,4+1,"Plzeň - Bolevec, okres Plzeň-město",Plzeň - Bolevec
809,12000,26,2+1,"Plzeň - Jižní Předměstí, okres Plzeň-město",Plzeň - Jižní Předměstí
811,8000,34,2+kk,"Plzeň - Bolevec, okres Plzeň-město",Plzeň - Bolevec
812,15000,43,2+kk,"Plzeň - Východní Předměstí, okres Plzeň-město",Plzeň - Východní Předměstí
814,10000,31,2+kk,"Plzeň - Jižní Předměstí, okres Plzeň-město",Plzeň - Jižní Předměstí
816,9000,29,2+1,"Plzeň - Jižní Předměstí, okres Plzeň-město",Plzeň - Jižní Předměstí
817,7000,29,2+kk,"Plzeň - Skvrňany, okres Plzeň-město",Plzeň - Skvrňany
818,7000,11,1+kk,"Plzeň - Jižní Předměstí, okres Plzeň-město",Plzeň - Jižní Předměstí
820,6000,13,1+kk,"Plzeň - Východní Předměstí, okres Plzeň-město",Plzeň - Východní Předměstí
827,8000,28,2+kk,"Plzeň - Východní Předměstí, okres Plzeň-město",Plzeň - Východní Předměstí
828,15000,71,5+kk,"Plzeň - Jižní Předměstí, okres Plzeň-město",Plzeň - Jižní Předměstí
829,7000,20,1+kk,"Plzeň - Bolevec, okres Plzeň-město",Plzeň - Bolevec
830,8000,33,2+1,"Plzeň - Severní Předměstí, okres Plzeň-město",Plzeň - Severní Předměstí
831,10000,38,2+kk,"Plzeň - Východní Předměstí, okres Plzeň-město",Plzeň - Východní Předměstí
832,11000,38,3+kk,"Plzeň - Jižní Předměstí, okres Plzeň-město",Plzeň - Jižní Předměstí
833,11000,45,4+kk,"Plzeň - Severní Předměstí, okres Plzeň-město",Plzeň - Severní Předměstí
834,6000,20,1+kk,"Plzeň - Bolevec, okres Plzeň-město",Plzeň - Bolevec
835,11000,45,3+1,"Plzeň - Skvrňany, okres Plzeň-město",Plzeň - Skvrňany
836,11000,44,2+kk,"Plzeň - Jižní Předměstí, okres Plzeň-město",Plzeň - Jižní Předměstí
841,5000,19,1+kk,"Plzeň - Jižní Předměstí, okres Plzeň-město",Plzeň - Jižní Předměstí
842,8000,36,2+kk,"Plzeň - Východní Předměstí, okres Plzeň-město",Plzeň - Východní Předměstí
844,8000,20,1+kk,"Plzeň - Jižní Předměstí, okres Plzeň-město",Plzeň - Jižní Předměstí
846,7000,23,1+1,"Plzeň - Bolevec, okres Plzeň-město",Plzeň - Bolevec
849,8000,33,2+kk,"Plzeň - Bolevec, okres Plzeň-město",Plzeň - Bolevec
850,5000,17,1+kk,"Dobřany, okres Plzeň-jih",Dobřany
852,11000,44,4+1,"Plzeň - Severní Předměstí, okres Plzeň-město",Plzeň - Severní Předměstí
853,13000,63,4+kk,"Plzeň - Jižní Předměstí, okres Plzeň-město",Plzeň - Jižní Předměstí
857,9000,34,2+kk,"Plzeň - Skvrňany, okres Plzeň-město",Plzeň - Skvrňany
859,11000,48,2+kk,"Plzeň - Jižní Předměstí, okres Plzeň-město",Plzeň - Jižní Předměstí
860,6000,21,1+1,"Plzeň - Jižní Předměstí, okres Plzeň-město",Plzeň - Jižní Předměstí
862,8000,24,2+kk,"Plzeň - Jižní Předměstí, okres Plzeň-město",Plzeň - Jižní Předměstí
863,11000,32,2+kk,"Plzeň - Východní Předměstí, okres Plzeň-město",Plzeň - Východní Předměstí
864,7000,24,2+kk,"Plzeň - Jižní Předměstí, okres Plzeň-město",Plzeň - Jižní Předměstí
866,7000,23,2+kk,"Plzeň - Jižní Předměstí, okres Plzeň-město",Plzeň - Jižní Předměstí
867,5000,13,1+kk,"Plzeň - Jižní Předměstí, okres Plzeň-město",Plzeň - Jižní Předměstí
868,7000,20,1+1,"Plzeň - Jižní Předměstí, okres Plzeň-město",Plzeň - Jižní Předměstí
869,8000,26,2+kk,"Plzeň - Jižní Předměstí, okres Plzeň-město",Plzeň - Jižní Předměstí
870,8000,16,1+kk,"Plzeň - Jižní Předměstí, okres Plzeň-město",Plzeň - Jižní Předměstí
873,9000,38,2+1,"Plzeň - Východní Předměstí, okres Plzeň-město",Plzeň - Východní Předměstí
874,9000,53,3+1,"Plzeň - Východní Předměstí, okres Plzeň-město",Plzeň - Východní Předměstí
875,17000,68,4+kk,"Plzeň - Východní Předměstí, okres Plzeň-město",Plzeň - Východní Předměstí
876,8000,32,2+kk,"Plzeň - Bolevec, okres Plzeň-město",Plzeň - Bolevec
877,8000,22,1+kk,"Plzeň - Východní Předměstí, okres Plzeň-město",Plzeň - Východní Předměstí
879,10000,32,2+kk,"Plzeň - Východní Předměstí, okres Plzeň-město",Plzeň - Východní Předměstí
880,7000,20,1+kk,"Plzeň - Východní Předměstí, okres Plzeň-město",Plzeň - Východní Předměstí
882,8000,19,1+kk,"Plzeň - Jižní Předměstí, okres Plzeň-město",Plzeň - Jižní Předměstí
883,8000,25,1+kk,"Plzeň - Doubravka, okres Plzeň-město",Plzeň - Doubravka
885,6000,26,1+1,"Plzeň - Severní Předměstí, okres Plzeň-město",Plzeň - Severní Předměstí
886,8000,21,1+kk,"Plzeň - Bolevec, okres Plzeň-město",Plzeň - Bolevec
887,7000,22,1+kk,"Dobřany, okres Plzeň-jih",Dobřany
888,9000,31,2+kk,"Dobřany, okres Plzeň-jih",Dobřany
889,5000,19,1+kk,"Plzeň - Bolevec, okres Plzeň-město",Plzeň - Bolevec
894,6000,19,2+kk,"Plzeň - Východní Předměstí, okres Plzeň-město",Plzeň - Východní Předměstí
895,6000,27,2+kk,"Dobřany, okres Plzeň-jih",Dobřany
896,9000,28,2+kk,"Plzeň - Bolevec, okres Plzeň-město",Plzeň - Bolevec
897,8000,22,1+kk,"Dobřany, okres Plzeň-jih",Dobřany
899,10000,32,2+kk,"Plzeň - Východní Předměstí, okres Plzeň-město",Plzeň - Východní Předměstí
901,19000,161,5+1,"Plzeň - Jižní Předměstí, okres Plzeň-město",Plzeň - Jižní Předměstí
902,7000,27,2+kk,"Plzeň - Jižní Předměstí, okres Plzeň-město",Plzeň - Jižní Předměstí
903,8000,25,2+kk,"Dobřany, okres Plzeň-jih",Dobřany
904,9000,29,2+kk,"Plzeň - Jižní Předměstí, okres Plzeň-město",Plzeň - Jižní Předměstí
907,8000,26,2+kk,"Plzeň - Lobzy, okres Plzeň-město",Plzeň - Lobzy
910,6000,19,1+kk,"Plzeň - Východní Předměstí, okres Plzeň-město",Plzeň - Východní Předměstí
913,6000,20,1+kk,"Plzeň - Východní Předměstí, okres Plzeň-město",Plzeň - Východní Předměstí
916,7000,28,2+kk,"Plzeň - Doubravka, okres Plzeň-město",Plzeň - Doubravka
917,11000,52,3+kk,"Plzeň - Jižní Předměstí, okres Plzeň-město",Plzeň - Jižní Předměstí
920,9000,32,2+kk,"Plzeň - Severní Předměstí, okres Plzeň-město",Plzeň - Severní Předměstí
921,17000,89,3+1,"Plzeň - Východní Předměstí, okres Plzeň-město",Plzeň - Východní Předměstí
923,8000,20,1+kk,"Plzeň - Východní Předměstí, okres Plzeň-město",Plzeň - Východní Předměstí
925,8000,47,3+1,Tachov,Tachov
926,20000,149,3+kk,"Plzeň - Jižní Předměstí, okres Plzeň-město",Plzeň - Jižní Předměstí
927,10000,38,2+kk,"Plzeň - Východní Předměstí, okres Plzeň-město",Plzeň - Východní Předměstí
928,7000,26,1+kk,"Plzeň - Doubravka, okres Plzeň-město",Plzeň - Doubravka
929,9000,27,2+kk,"Plzeň - Jižní Předměstí, okres Plzeň-město",Plzeň - Jižní Předměstí
930,10000,35,2+kk,"Plzeň - Skvrňany, okres Plzeň-město",Plzeň - Skvrňany
931,12000,26,2+1,"Plzeň - Jižní Předměstí, okres Plzeň-město",Plzeň - Jižní Předměstí
933,11000,49,4+1,"Plzeň - Bolevec, okres Plzeň-město",Plzeň - Bolevec
936,11000,32,2+kk,"Plzeň - Jižní Předměstí, okres Plzeň-město",Plzeň - Jižní Předměstí
937,13000,34,2+kk,"Plzeň - Bolevec, okres Plzeň-město",Plzeň - Bolevec
938,11000,42,3+kk,"Plzeň - Severní Předměstí, okres Plzeň-město",Plzeň - Severní Předměstí
939,9000,28,2+kk,"Plzeň - Skvrňany, okres Plzeň-město",Plzeň - Skvrňany
942,9000,37,2+kk,"Plzeň - Jižní Předměstí, okres Plzeň-město",Plzeň - Jižní Předměstí
943,8000,26,2+kk,"Plzeň - Jižní Předměstí, okres Plzeň-město",Plzeň - Jižní Předměstí
944,8000,26,1+kk,"Plzeň - Jižní Předměstí, okres Plzeň-město",Plzeň - Jižní Předměstí
945,7000,23,2+kk,"Plzeň - Východní Předměstí, okres Plzeň-město",Plzeň - Východní Předměstí
946,6000,28,1+1,"Plzeň - Severní Předměstí, okres Plzeň-město",Plzeň - Severní Předměstí
947,8000,23,1+1,"Plzeň - Lobzy, okres Plzeň-město",Plzeň - Lobzy
948,9000,36,2+kk,"Plzeň - Jižní Předměstí, okres Plzeň-město",Plzeň - Jižní Předměstí
949,11000,31,2+kk,"Plzeň - Východní Předměstí, okres Plzeň-město",Plzeň - Východní Předměstí
952,8000,32,2+kk,"Plzeň - Východní Předměstí, okres Plzeň-město",Plzeň - Východní Předměstí
953,11000,20,2+kk,"Plzeň - Jižní Předměstí, okres Plzeň-město",Plzeň - Jižní Předměstí
955,8000,35,2+1,"Plzeň - Skvrňany, okres Plzeň-město",Plzeň - Skvrňany
956,8000,29,2+kk,"Plzeň - Jižní Předměstí, okres Plzeň-město",Plzeň - Jižní Předměstí
957,6000,23,1+kk,"Plzeň - Východní Předměstí, okres Plzeň-město",Plzeň - Východní Předměstí
958,8000,29,2+kk,"Plzeň - Severní Předměstí, okres Plzeň-město",Plzeň - Severní Předměstí
960,7000,21,1+1,"Plzeň - Skvrňany, okres Plzeň-město",Plzeň - Skvrňany
961,7000,29,2+kk,"Plzeň - Východní Předměstí, okres Plzeň-město",Plzeň - Východní Předměstí
963,8000,23,2+kk,"Plzeň - Skvrňany, okres Plzeň-město",Plzeň - Skvrňany
964,9000,44,3+kk,"Plzeň - Jižní Předměstí, okres Plzeň-město",Plzeň - Jižní Předměstí
965,11000,44,3+kk,"Plzeň - Jižní Předměstí, okres Plzeň-město",Plzeň - Jižní Předměstí
969,13000,54,3+1,"Plzeň - Jižní Předměstí, okres Plzeň-město",Plzeň - Jižní Předměstí
971,7000,34,2+kk,"Plzeň - Severní Předměstí, okres Plzeň-město",Plzeň - Severní Předměstí
972,8000,35,2+kk,"Plzeň - Jižní Předměstí, okres Plzeň-město",Plzeň - Jižní Předměstí
973,8000,40,2+1,"Plzeň - Severní Předměstí, okres Plzeň-město",Plzeň - Severní Předměstí
974,11000,20,2+kk,"Plzeň - Jižní Předměstí, okres Plzeň-město",Plzeň - Jižní Předměstí
975,11000,48,4+1,"Plzeň - Bolevec, okres Plzeň-město",Plzeň - Bolevec
977,8000,29,2+kk,"Plzeň - Jižní Předměstí, okres Plzeň-město",Plzeň - Jižní Předměstí
979,6000,18,1+kk,"Plzeň - Bolevec, okres Plzeň-město",Plzeň - Bolevec
980,9000,31,2+kk,"Dobřany, okres Plzeň-jih",Dobřany
983,5000,11,1+kk,"Plzeň - Doubravka, okres Plzeň-město",Plzeň - Doubravka
984,7000,21,1+1,"Plzeň - Bolevec, okres Plzeň-město",Plzeň - Bolevec
985,8000,45,2+1,"Plzeň - Vnitřní Město, okres Plzeň-město",Plzeň - Vnitřní Město
986,10000,46,3+1,"Plzeň - Severní Předměstí, okres Plzeň-město",Plzeň - Severní Předměstí
987,8000,39,2+1,"Plzeň - Jižní Předměstí, okres Plzeň-město",Plzeň - Jižní Předměstí
991,7000,16,1+kk,Tachov,Tachov
992,8000,16,1+kk,"Plzeň - Jižní Předměstí, okres Plzeň-město",Plzeň - Jižní Předměstí
993,6000,19,1+kk,Tachov,Tachov
995,7000,26,1+1,"Plzeň - Severní Předměstí, okres Plzeň-město",Plzeň - Severní Předměstí
996,8000,20,1+kk,"Plzeň - Bolevec, okres Plzeň-město",Plzeň - Bolevec
998,9000,26,1+1,"Plzeň - Jižní Předměstí, okres Plzeň-město",Plzeň - Jižní Předměstí
1001,7000,17,1+kk,"Plzeň - Jižní Předměstí, okres Plzeň-město",Plzeň - Jižní Předměstí
1002,7000,35,2+kk,"Plzeň - Východní Předměstí, okres Plzeň-město",Plzeň - Východní Předměstí
1006,7000,23,1+1,"Plzeň - Východní Předměstí, okres Plzeň-město",Plzeň - Východní Předměstí
1007,9000,35,2+kk,"Plzeň - Jižní Předměstí, okres Plzeň-město",Plzeň - Jižní Předměstí
1008,7000,20,1+kk,"Plzeň - Jižní Předměstí, okres Plzeň-město",Plzeň - Jižní Předměstí
1009,5000,16,1+kk,"Plzeň - Jižní Předměstí, okres Plzeň-město",Plzeň - Jižní Předměstí
1010,6000,23,1+1,"Plzeň - Severní Předměstí, okres Plzeň-město",Plzeň - Severní Předměstí
1011,8000,34,2+1,"Plzeň - Východní Předměstí, okres Plzeň-město",Plzeň - Východní Předměstí
1013,10000,34,2+1,"Plzeň - Doubravka, okres Plzeň-město",Plzeň - Doubravka
1015,7000,17,1+1,"Plzeň - Lobzy, okres Plzeň-město",Plzeň - Lobzy
1016,7000,24,1+1,Tachov,Tachov
1017,8000,33,2+1,"Plzeň - Lobzy, okres Plzeň-město",Plzeň - Lobzy
1021,11000,47,4+1,"Plzeň - Severní Předměstí, okres Plzeň-město",Plzeň - Severní Předměstí
1026,15000,65,4+kk,"Plzeň - Severní Předměstí, okres Plzeň-město",Plzeň - Severní Předměstí
1027,8000,21,1+kk,"Plzeň - Vnitřní Město, okres Plzeň-město",Plzeň - Vnitřní Město
1028,8000,28,2+kk,"Plzeň - Východní Předměstí, okres Plzeň-město",Plzeň - Východní Předměstí
1029,7000,16,1+1,"Plzeň - Východní Předměstí, okres Plzeň-město",Plzeň - Východní Předměstí
1030,7000,40,2+1,"Dobřany, okres Plzeň-jih",Dobřany
1031,5000,16,1+kk,"Dobřany, okres Plzeň-jih",Dobřany
1032,7000,25,2+kk,"Plzeň - Severní Předměstí, okres Plzeň-město",Plzeň - Severní Předměstí
1034,9000,35,2+kk,"Plzeň - Jižní Předměstí, okres Plzeň-město",Plzeň - Jižní Předměstí
1036,8000,60,2+1,"Plzeň - Vnitřní Město, okres Plzeň-město",Plzeň - Vnitřní Město
1042,17000,77,4+kk,"Plzeň - Jižní Předměstí, okres Plzeň-město",Plzeň - Jižní Předměstí
1046,9000,49,2+1,"Plzeň - Jižní Předměstí, okres Plzeň-město",Plzeň - Jižní Předměstí
1048,13000,48,4+1,"Plzeň - Bolevec, okres Plzeň-město",Plzeň - Bolevec
1052,10000,42,3+kk,"Plzeň - Jižní Předměstí, okres Plzeň-město",Plzeň - Jižní Předměstí
1053,12000,26,2+1,"Plzeň - Jižní Předměstí, okres Plzeň-město",Plzeň - Jižní Předměstí
1054,5000,16,1+kk,"Plzeň - Vnitřní Město, okres Plzeň-město",Plzeň - Vnitřní Město
1056,13000,39,2+kk,"Plzeň - Skvrňany, okres Plzeň-město",Plzeň - Skvrňany
1058,13000,69,3+1,"Plzeň - Jižní Předměstí, okres Plzeň-město",Plzeň - Jižní Předměstí
1061,11000,19,1+kk,"Plzeň - Východní Předměstí, okres Plzeň-město",Plzeň - Východní Předměstí
1064,6000,23,1+1,"Plzeň - Bolevec, okres Plzeň-město",Plzeň - Bolevec
1067,13000,47,3+kk,"Plzeň - Východní Předměstí, okres Plzeň-město",Plzeň - Východní Předměstí
1071,13000,51,3+kk,"Plzeň - Jižní Předměstí, okres Plzeň-město",Plzeň - Jižní Předměstí
1073,11000,50,3+kk,"Plzeň - Jižní Předměstí, okres Plzeň-město",Plzeň - Jižní Předměstí
1075,10000,41,3+kk,"Plzeň - Skvrňany, okres Plzeň-město",Plzeň - Skvrňany
1076,12000,48,2+1,"Plzeň - Skvrňany, okres Plzeň-město",Plzeň - Skvrňany
1077,10000,41,3+1,"Plzeň - Skvrňany, okres Plzeň-město",Plzeň - Skvrňany
1078,8000,38,2+kk,"Plzeň - Východní Předměstí, okres Plzeň-město",Plzeň - Východní Předměstí
1079,12000,48,2+1,"Plzeň - Skvrňany, okres Plzeň-město",Plzeň - Skvrňany
1082,8000,23,1+1,"Plzeň - Bolevec, okres Plzeň-město",Plzeň - Bolevec
1083,11000,48,2+1,"Plzeň - Jižní Předměstí, okres Plzeň-město",Plzeň - Jižní Předměstí
1088,5000,15,1+kk,"Plzeň - Východní Předměstí, okres Plzeň-město",Plzeň - Východní Předměstí
1090,7000,38,2+1,"Dobřany, okres Plzeň-jih",Dobřany
1091,9000,28,2+kk,"Plzeň - Jižní Předměstí, okres Plzeň-město",Plzeň - Jižní Předměstí
1094,8000,29,2+kk,"Plzeň - Severní Předměstí, okres Plzeň-město",Plzeň - Severní Předměstí
1095,8000,26,2+kk,"Plzeň - Bolevec, okres Plzeň-město",Plzeň - Bolevec
1098,8000,29,2+1,"Plzeň - Jižní Předměstí, okres Plzeň-město",Plzeň - Jižní Předměstí
1099,8000,17,1+kk,"Plzeň - Jižní Předměstí, okres Plzeň-město",Plzeň - Jižní Předměstí
1100,6000,36,2+1,"Plzeň - Jižní Předměstí, okres Plzeň-město",Plzeň - Jižní Předměstí
1101,10000,31,2+kk,"Dobřany, okres Plzeň-jih",Dobřany
1102,9000,26,2+kk,"Dobřany, okres Plzeň-jih",Dobřany
1106,7000,16,1+kk,"Plzeň - Východní Předměstí, okres Plzeň-město",Plzeň - Východní Předměstí
1107,8000,39,2+1,"Plzeň - Doubravka, okres Plzeň-město",Plzeň - Doubravka
1108,12000,38,3+kk,"Plzeň - Jižní Předměstí, okres Plzeň-město",Plzeň - Jižní Předměstí
1109,6000,34,2+1,"Plzeň - Východní Předměstí, okres Plzeň-město",Plzeň - Východní Předměstí
1111,11000,45,4+1,"Plzeň - Severní Předměstí, okres Plzeň-město",Plzeň - Severní Předměstí
1112,6000,34,2+1,"Plzeň - Východní Předměstí, okres Plzeň-město",Plzeň - Východní Předměstí
1113,17000,87,4+kk,"Plzeň - Východní Předměstí, okres Plzeň-město",Plzeň - Východní Předměstí
1114,12000,32,2+1,"Plzeň - Jižní Předměstí, okres Plzeň-město",Plzeň - Jižní Předměstí
1115,9000,33,2+kk,"Dobřany, okres Plzeň-jih",Dobřany
1119,7000,33,2+kk,"Plzeň - Jižní Předměstí, okres Plzeň-město",Plzeň - Jižní Předměstí
1121,7000,29,2+kk,"Plzeň - Jižní Předměstí, okres Plzeň-město",Plzeň - Jižní Předměstí
1122,15000,53,3+kk,"Plzeň - Severní Předměstí, okres Plzeň-město",Plzeň - Severní Předměstí
1123,4000,9,other,"Plzeň - Jižní Předměstí, okres Plzeň-město",Plzeň - Jižní Předměstí
1128,8000,29,2+kk,"Plzeň - Jižní Předměstí, okres Plzeň-město",Plzeň - Jižní Předměstí
1129,5000,11,1+kk,"Plzeň - Lobzy, okres Plzeň-město",Plzeň - Lobzy
1130,5000,18,1+kk,"Plzeň - Severní Předměstí, okres Plzeň-město",Plzeň - Severní Předměstí
1135,12000,44,2+kk,"Plzeň - Jižní Předměstí, okres Plzeň-město",Plzeň - Jižní Předměstí
1140,7000,25,1+kk,"Plzeň - Lobzy, okres Plzeň-město",Plzeň - Lobzy
1144,15000,46,2+kk,"Plzeň - Východní Předměstí, okres Plzeň-město",Plzeň - Východní Předměstí
1145,11000,38,2+kk,"Plzeň - Skvrňany, okres Plzeň-město",Plzeň - Skvrňany
1148,11000,30,2+kk,"Dobřany, okres Plzeň-jih",Dobřany
1151,7000,29,2+kk,"Plzeň - Východní Předměstí, okres Plzeň-město",Plzeň - Východní Předměstí
1154,8000,19,1+kk,"Plzeň - Skvrňany, okres Plzeň-město",Plzeň - Skvrňany
1156,5000,7,other,"Plzeň - Lobzy, okres Plzeň-město",Plzeň - Lobzy
1157,6000,20,1+1,"Dobřany, okres Plzeň-jih",Dobřany
1159,6000,21,1+1,"Plzeň - Skvrňany, okres Plzeň-město",Plzeň - Skvrňany
1161,9000,35,2+kk,"Plzeň - Jižní Předměstí, okres Plzeň-město",Plzeň - Jižní Předměstí
1166,10000,33,2+kk,"Plzeň - Východní Předměstí, okres Plzeň-město",Plzeň - Východní Předměstí
1168,7000,26,1+kk,"Plzeň - Jižní Předměstí, okres Plzeň-město",Plzeň - Jižní Předměstí
1171,11000,34,2+1,"Plzeň - Lobzy, okres Plzeň-město",Plzeň - Lobzy
1172,5000,10,other,"Plzeň - Jižní Předměstí, okres Plzeň-město",Plzeň - Jižní Předměstí
1173,11000,42,3+kk,"Dobřany, okres Plzeň-jih",Dobřany
1174,11000,44,3+kk,"Dobřany, okres Plzeň-jih",Dobřany
1175,12000,32,2+1,"Plzeň - Jižní Předměstí, okres Plzeň-město",Plzeň - Jižní Předměstí
1176,6000,21,1+1,"Plzeň - Skvrňany, okres Plzeň-město",Plzeň - Skvrňany
1178,8000,35,2+kk,"Plzeň - Jižní Předměstí, okres Plzeň-město",Plzeň - Jižní Předměstí
1184,10000,33,2+kk,"Plzeň - Východní Předměstí, okres Plzeň-město",Plzeň - Východní Předměstí
1186,7000,26,1+kk,"Plzeň - Jižní Předměstí, okres Plzeň-město",Plzeň - Jižní Předměstí
1189,11000,34,2+1,"Plzeň - Lobzy, okres Plzeň-město",Plzeň - Lobzy
1190,5000,10,other,"Plzeň - Jižní Předměstí, okres Plzeň-město",Plzeň - Jižní Předměstí
1191,11000,42,3+kk,"Dobřany, okres Plzeň-jih",Dobřany
1192,11000,44,3+kk,"Dobřany, okres Plzeň-jih",Dobřany
1193,8000,23,2+kk,"Dobřany, okres Plzeň-jih",Dobřany
1197,10000,47,3+1,"Plzeň - Jižní Předměstí, okres Plzeň-město",Plzeň - Jižní Předměstí
1198,10000,47,3+1,"Plzeň - Jižní Předměstí, okres Plzeň-město",Plzeň - Jižní Předměstí
1199,10000,47,3+1,"Plzeň - Jižní Předměstí, okres Plzeň-město",Plzeň - Jižní Předměstí
1200,10000,47,3+1,"Plzeň - Jižní Předměstí, okres Plzeň-město",Plzeň - Jižní Předměstí
1204,8000,34,1+1,"Plzeň - Jižní Předměstí, okres Plzeň-město",Plzeň - Jižní Předměstí
1210,4000,11,other,"Plzeň - Lobzy, okres Plzeň-město",Plzeň - Lobzy
1212,8000,41,2+kk,"Plzeň - Východní Předměstí, okres Plzeň-město",Plzeň - Východní Předměstí
1213,6000,20,1+kk,"Plzeň - Východní Předměstí, okres Plzeň-město",Plzeň - Východní Předměstí
1215,8000,31,1+kk,"Plzeň - Bolevec, okres Plzeň-město",Plzeň - Bolevec
1216,8000,38,2+kk,"Plzeň - Vnitřní Město, okres Plzeň-město",Plzeň - Vnitřní Město
1217,7000,24,1+1,"Plzeň - Doubravka, okres Plzeň-město",Plzeň - Doubravka
1222,12000,54,3+1,"Plzeň - Jižní Předměstí, okres Plzeň-město",Plzeň - Jižní Předměstí
1223,8000,34,1+1,"Plzeň - Jižní Předměstí, okres Plzeň-město",Plzeň - Jižní Předměstí
1226,5000,20,1+1,"Plzeň - Východní Předměstí, okres Plzeň-město",Plzeň - Východní Předměstí
1228,15000,49,2+kk,"Plzeň - Východní Předměstí, okres Plzeň-město",Plzeň - Východní Předměstí
1229,15000,46,2+kk,"Plzeň - Východní Předměstí, okres Plzeň-město",Plzeň - Východní Předměstí
1232,9000,47,3+kk,"Plzeň - Jižní Předměstí, okres Plzeň-město",Plzeň - Jižní Předměstí
1233,7000,19,1+kk,"Plzeň - Východní Předměstí, okres Plzeň-město",Plzeň - Východní Předměstí
1237,7000,31,2+1,Sokolov,Sokolov
1239,7000,18,1+kk,"Karlovy Vary - Drahovice, okres Karlovy Vary",Karlovy Vary - Drahovice
1240,5000,23,1+1,Karlovy Vary,Karlovy Vary
1242,10000,53,3+1,Karlovy Vary,Karlovy Vary
1244,5000,25,1+kk,"Nejdek, okres Karlovy Vary",Nejdek
1245,8000,50,3+1,"Karlovy Vary - Rybáře, okres Karlovy Vary",Karlovy Vary - Rybáře
1246,7000,28,2+1,Karlovy Vary,Karlovy Vary
1249,8000,36,2+1,"Karlovy Vary - Stará Role, okres Karlovy Vary",Karlovy Vary - Stará Role
1250,5000,21,1+1,"Mariánské Lázně - Úšovice, okres Cheb",Mariánské Lázně - Úšovice
1251,8000,39,3+kk,"Chodov, okres Sokolov",Chodov
1252,7000,41,2+1,"Karlovy Vary - Drahovice, okres Karlovy Vary",Karlovy Vary - Drahovice
1253,8000,35,2+1,Sokolov,Sokolov
1254,5000,31,2+1,"Kraslice, okres Sokolov",Kraslice
1255,4000,23,1+1,"Kraslice, okres Sokolov",Kraslice
1256,7000,26,2+1,Cheb,Cheb
1257,4000,34,2+1,"Chodov, okres Sokolov",Chodov
1258,7000,36,2+1,"Karlovy Vary - Rybáře, okres Karlovy Vary",Karlovy Vary - Rybáře
1259,10000,52,3+1,Karlovy Vary,Karlovy Vary
1260,6000,37,2+1,"Karlovy Vary - Drahovice, okres Karlovy Vary",Karlovy Vary - Drahovice
1261,10000,35,3+kk,Cheb,Cheb
1263,4000,13,1+kk,Sokolov,Sokolov
1264,6000,32,2+1,"Chodov, okres Sokolov",Chodov
1265,9000,38,2+1,"Mariánské Lázně, okres Cheb",Mariánské Lázně
1266,5000,32,2+1,"Horní Slavkov, okres Sokolov",Horní Slavkov
1267,8000,35,3+1,"Karlovy Vary - Drahovice, okres Karlovy Vary",Karlovy Vary - Drahovice
1269,14000,47,2+kk,"Mariánské Lázně - Úšovice, okres Cheb",Mariánské Lázně - Úšovice
1270,11000,51,2+1,Karlovy Vary,Karlovy Vary
1271,15000,48,3+kk,Karlovy Vary,Karlovy Vary
1272,14000,68,3+1,"Mariánské Lázně - Úšovice, okres Cheb",Mariánské Lázně - Úšovice
1273,6000,16,1+kk,"Mariánské Lázně, okres Cheb",Mariánské Lázně
1274,9000,33,3+1,Cheb,Cheb
1276,7000,33,2+1,Cheb,Cheb
1277,8000,43,3+1,"Chodov, okres Sokolov",Chodov
1278,5000,18,1+1,Cheb,Cheb
1280,8000,35,2+1,Cheb,Cheb
1281,4000,23,1+1,"Horní Slavkov, okres Sokolov",Horní Slavkov
1283,8000,32,2+1,"Aš, okres Cheb",Aš
1284,6000,27,1+kk,"Františkovy Lázně, okres Cheb",Františkovy Lázně
1285,14000,101,atypické,"Aš, okres Cheb",Aš
1286,8000,36,2+1,"Karlovy Vary - Stará Role, okres Karlovy Vary",Karlovy Vary - Stará Role
1287,4000,13,1+kk,"Kraslice, okres Sokolov",Kraslice
1288,5000,16,1+1,Sokolov,Sokolov
1289,4000,22,2+kk,"Kraslice, okres Sokolov",Kraslice
1290,7000,17,1+kk,"Mariánské Lázně - Úšovice, okres Cheb",Mariánské Lázně - Úšovice
1291,7000,17,1+kk,"Mariánské Lázně - Úšovice, okres Cheb",Mariánské Lázně - Úšovice
1292,4000,31,2+1,"Horní Slavkov, okres Sokolov",Horní Slavkov
1293,4000,29,2+1,"Horní Slavkov, okres Sokolov",Horní Slavkov
1294,6000,35,2+1,Karlovy Vary,Karlovy Vary
1295,10000,23,1+kk,"Mariánské Lázně - Úšovice, okres Cheb",Mariánské Lázně - Úšovice
1296,8000,32,2+1,"Aš, okres Cheb",Aš
1297,6000,27,1+kk,"Františkovy Lázně, okres Cheb",Františkovy Lázně
1298,14000,101,atypické,"Aš, okres Cheb",Aš
1299,4000,13,1+kk,"Kraslice, okres Sokolov",Kraslice
1301,5000,32,2+1,"Aš, okres Cheb",Aš
1302,5000,16,1+1,Sokolov,Sokolov
1303,4000,22,2+kk,"Kraslice, okres Sokolov",Kraslice
1304,7000,17,1+kk,"Mariánské Lázně - Úšovice, okres Cheb",Mariánské Lázně - Úšovice
1305,4000,31,2+1,"Horní Slavkov, okres Sokolov",Horní Slavkov
1306,4000,29,2+1,"Horní Slavkov, okres Sokolov",Horní Slavkov
1307,7000,42,3+1,"Kraslice, okres Sokolov",Kraslice
1308,6000,35,2+1,Karlovy Vary,Karlovy Vary
1309,10000,53,3+1,"Mariánské Lázně, okres Cheb",Mariánské Lázně
1310,10000,23,1+kk,"Mariánské Lázně - Úšovice, okres Cheb",Mariánské Lázně - Úšovice
1311,6000,13,1+kk,"Mariánské Lázně, okres Cheb",Mariánské Lázně
1312,5000,17,1+1,Karlovy Vary,Karlovy Vary
1313,7000,39,3+1,"Kraslice, okres Sokolov",Kraslice
1315,10000,45,3+1,Karlovy Vary,Karlovy Vary
1318,10000,23,1+kk,"Mariánské Lázně - Úšovice, okres Cheb",Mariánské Lázně - Úšovice
1319,5000,12,1+kk,"Chodov, okres Sokolov",Chodov
1320,8000,36,2+1,"Mariánské Lázně - Úšovice, okres Cheb",Mariánské Lázně - Úšovice
1322,8000,48,2+kk,Karlovy Vary,Karlovy Vary
1323,5000,32,2+1,"Horní Slavkov, okres Sokolov",Horní Slavkov
1324,12000,51,3+kk,"Mariánské Lázně, okres Cheb",Mariánské Lázně
1326,7000,23,2+kk,"Karlovy Vary - Drahovice, okres Karlovy Vary",Karlovy Vary - Drahovice
1327,6000,31,2+1,Sokolov,Sokolov
1328,10000,29,2+kk,"Mariánské Lázně, okres Cheb",Mariánské Lázně
1329,7000,37,2+1,Sokolov,Sokolov
1330,4000,23,1+1,"Kraslice, okres Sokolov",Kraslice
1331,4000,22,1+kk,Sokolov,Sokolov
1332,4000,20,1+1,"Habartov, okres Sokolov",Habartov
1333,5000,27,2+kk,"Chodov, okres Sokolov",Chodov
1335,10000,37,2+kk,"Karlovy Vary - Rybáře, okres Karlovy Vary",Karlovy Vary - Rybáře
1337,10000,23,1+kk,"Mariánské Lázně - Úšovice, okres Cheb",Mariánské Lázně - Úšovice
1339,7000,19,1+1,"Mariánské Lázně, okres Cheb",Mariánské Lázně
1340,4000,30,3+kk,"Chodov, okres Sokolov",Chodov
1341,5000,22,1+1,"Chodov, okres Sokolov",Chodov
1342,8000,44,3+1,Cheb,Cheb
1343,9000,39,3+kk,"Františkovy Lázně, okres Cheb",Františkovy Lázně
1344,6000,25,1+1,Karlovy Vary,Karlovy Vary
1345,5000,22,2+kk,Sokolov,Sokolov
1346,8000,38,3+kk,"Mariánské Lázně, okres Cheb",Mariánské Lázně
1349,5000,29,2+1,"Habartov, okres Sokolov",Habartov
1350,11000,41,3+kk,Cheb,Cheb
1351,8000,32,2+kk,Cheb,Cheb
1352,7000,23,2+kk,"Karlovy Vary - Stará Role, okres Karlovy Vary",Karlovy Vary - Stará Role
1353,7000,28,1+1,"Františkovy Lázně, okres Cheb",Františkovy Lázně
1354,6000,20,1+1,"Františkovy Lázně, okres Cheb",Františkovy Lázně
1355,6000,31,2+1,Karlovy Vary,Karlovy Vary
1356,7000,22,2+kk,"Františkovy Lázně, okres Cheb",Františkovy Lázně
1357,7000,35,2+1,Karlovy Vary,Karlovy Vary
1358,4000,21,1+1,"Nejdek, okres Karlovy Vary",Nejdek
1359,5000,11,1+kk,Cheb,Cheb
1360,7000,35,2+1,Cheb,Cheb
1361,8000,44,2+1,Karlovy Vary,Karlovy Vary
1363,8000,39,3+1,"Mariánské Lázně, okres Cheb",Mariánské Lázně
1364,5000,32,2+1,"Chodov, okres Sokolov",Chodov
1366,7000,33,2+1,Karlovy Vary,Karlovy Vary
1370,6000,19,2+kk,"Karlovy Vary - Stará Role, okres Karlovy Vary",Karlovy Vary - Stará Role
1371,8000,28,2+kk,Sokolov,Sokolov
1372,5000,12,1+kk,"Karlovy Vary - Drahovice, okres Karlovy Vary",Karlovy Vary - Drahovice
1373,10000,14,other,Cheb,Cheb
1374,7000,31,2+1,Karlovy Vary,Karlovy Vary
1375,5000,28,2+1,"Nejdek, okres Karlovy Vary",Nejdek
1376,10000,26,2+kk,Karlovy Vary,Karlovy Vary
1378,6000,41,2+kk,Cheb,Cheb
1379,6000,41,2+kk,Cheb,Cheb
1381,4000,22,1+1,Sokolov,Sokolov
1382,8000,22,1+1,Cheb,Cheb
1384,8000,37,3+1,Sokolov,Sokolov
1386,4000,21,1+1,"Chodov, okres Sokolov",Chodov
1387,4000,17,2+kk,"Aš, okres Cheb",Aš
1388,7000,41,2+1,Sokolov,Sokolov
1389,5000,22,1+1,Karlovy Vary,Karlovy Vary
1390,7000,39,2+1,"Karlovy Vary - Stará Role, okres Karlovy Vary",Karlovy Vary - Stará Role
1391,8000,29,2+kk,"Mariánské Lázně, okres Cheb",Mariánské Lázně
1392,8000,43,3+1,"Karlovy Vary - Rybáře, okres Karlovy Vary",Karlovy Vary - Rybáře
1395,5000,14,1+kk,Cheb,Cheb
1396,11000,68,3+1,Cheb,Cheb
1397,7000,44,2+1,Cheb,Cheb
1398,6000,47,3+1,Cheb,Cheb
1399,7000,37,2+1,Cheb,Cheb
1402,4000,21,1+1,"Habartov, okres Sokolov",Habartov
1403,4000,21,1+1,"Kraslice, okres Sokolov",Kraslice
1404,4000,21,1+1,"Chodov, okres Sokolov",Chodov
1405,5000,31,2+1,Sokolov,Sokolov
1407,6000,20,1+1,"Chodov, okres Sokolov",Chodov
1408,8000,31,2+1,"Sokolov, okres Sokolov",Sokolov
1410,6000,40,2+1,"Františkovy Lázně, okres Cheb",Františkovy Lázně
1411,8000,39,2+1,"Nejdek, okres Karlovy Vary",Nejdek
1412,7000,29,2+kk,Cheb,Cheb
1413,7000,32,2+1,"Chodov, okres Sokolov",Chodov
1414,4000,22,1+1,Sokolov,Sokolov
1415,9000,28,2+kk,"Karlovy Vary - Stará Role, okres Karlovy Vary",Karlovy Vary - Stará Role
1416,6000,31,2+1,"Nejdek, okres Karlovy Vary",Nejdek
1417,4000,32,2+1,Sokolov,Sokolov
1418,4000,21,1+1,"Chodov, okres Sokolov",Chodov
1419,6000,34,2+1,Sokolov,Sokolov
1420,4000,25,1+1,Sokolov,Sokolov
1421,7000,61,3+1,Karlovy Vary,Karlovy Vary
1422,4000,22,1+1,Sokolov,Sokolov
1424,5000,32,2+1,"Chodov, okres Sokolov",Chodov
1425,5000,23,1+1,"Karlovy Vary - Drahovice, okres Karlovy Vary",Karlovy Vary - Drahovice
1426,5000,35,2+1,Sokolov,Sokolov
1428,11000,47,3+1,Karlovy Vary,Karlovy Vary
1431,10000,41,2+1,"Karlovy Vary - Drahovice, okres Karlovy Vary",Karlovy Vary - Drahovice
1437,4000,36,2+1,Sokolov,Sokolov
1439,8000,53,3+1,"Mariánské Lázně - Úšovice, okres Cheb",Mariánské Lázně - Úšovice
1440,10000,47,3+kk,"Mariánské Lázně - Úšovice, okres Cheb",Mariánské Lázně - Úšovice
1441,7000,30,2+kk,"Františkovy Lázně, okres Cheb",Františkovy Lázně
1442,5000,23,1+1,"Karlovy Vary - Stará Role, okres Karlovy Vary",Karlovy Vary - Stará Role
1444,6000,35,2+1,"Kraslice, okres Sokolov",Kraslice
1445,8000,29,2+kk,"Mariánské Lázně, okres Cheb",Mariánské Lázně
1448,5000,31,2+1,"Kraslice, okres Sokolov",Kraslice
1449,8000,38,2+kk,Cheb,Cheb
1450,8000,40,3+1,"Aš, okres Cheb",Aš
1451,7000,35,2+1,"Aš, okres Cheb",Aš
1452,4000,21,1+1,Sokolov,Sokolov
1453,5000,23,1+1,"Chodov, okres Sokolov",Chodov
1454,8000,48,2+kk,Karlovy Vary,Karlovy Vary
1455,5000,32,2+1,"Mariánské Lázně, okres Cheb",Mariánské Lázně
1456,7000,49,3+1,"Karlovy Vary - Drahovice, okres Karlovy Vary",Karlovy Vary - Drahovice
1458,8000,42,3+kk,Karlovy Vary,Karlovy Vary
1460,4000,22,1+1,"Chodov, okres Sokolov",Chodov
1464,4000,19,1+1,"Chodov, okres Sokolov",Chodov
1466,5000,23,1+1,Sokolov,Sokolov
1468,7000,45,3+1,Sokolov,Sokolov
1469,4000,14,2+kk,"Kraslice, okres Sokolov",Kraslice
1470,5000,21,1+1,"Chodov, okres Sokolov",Chodov
1472,7000,16,1+kk,Karlovy Vary,Karlovy Vary
1473,8000,20,1+kk,"Mariánské Lázně, okres Cheb",Mariánské Lázně
1474,5000,29,2+1,"Aš, okres Cheb",Aš
1475,7000,31,2+1,Cheb,Cheb
1478,5000,29,1+kk,"Nejdek, okres Karlovy Vary",Nejdek
1480,7000,38,2+1,Cheb,Cheb
1481,5000,20,1+1,"Mariánské Lázně - Úšovice, okres Cheb",Mariánské Lázně - Úšovice
1482,4000,21,1+1,"Chodov, okres Sokolov",Chodov
1485,13000,38,2+1,Karlovy Vary,Karlovy Vary
1488,4000,19,1+1,"Habartov, okres Sokolov",Habartov
1489,4000,23,1+1,Sokolov,Sokolov
1491,9000,34,2+1,Karlovy Vary,Karlovy Vary
1492,8000,33,2+1,"Karlovy Vary - Rybáře, okres Karlovy Vary",Karlovy Vary - Rybáře
1493,5000,28,2+1,Sokolov,Sokolov
1494,13000,47,2+kk,"Mariánské Lázně, okres Cheb",Mariánské Lázně
1496,5000,22,1+1,Cheb,Cheb
1497,7000,32,2+1,"Karlovy Vary - Stará Role, okres Karlovy Vary",Karlovy Vary - Stará Role
1498,5000,27,1+1,Karlovy Vary,Karlovy Vary
1499,5000,22,2+1,Karlovy Vary,Karlovy Vary
1500,20000,74,3+1,"Mariánské Lázně, okres Cheb",Mariánské Lázně
1501,10000,34,2+kk,"Mariánské Lázně, okres Cheb",Mariánské Lázně
1502,5000,21,1+kk,"Karlovy Vary - Stará Role, okres Karlovy Vary",Karlovy Vary - Stará Role
1504,9000,59,3+1,"Mariánské Lázně, okres Cheb",Mariánské Lázně
1505,8000,36,2+1,"Mariánské Lázně - Úšovice, okres Cheb",Mariánské Lázně - Úšovice
1507,5000,26,1+1,"Karlovy Vary - Stará Role, okres Karlovy Vary",Karlovy Vary - Stará Role
1509,5000,29,2+1,Sokolov,Sokolov
1512,13000,51,3+kk,Karlovy Vary,Karlovy Vary
1514,5000,13,1+kk,Cheb,Cheb
1515,5000,29,2+1,"Horní Slavkov, okres Sokolov",Horní Slavkov
1517,9000,29,2+1,"Aš, okres Cheb",Aš
1518,4000,28,2+kk,"Aš, okres Cheb",Aš
1519,4000,20,1+1,"Aš, okres Cheb",Aš
1523,5000,14,1+kk,"Karlovy Vary - Rybáře, okres Karlovy Vary",Karlovy Vary - Rybáře
1524,10000,41,2+kk,Karlovy Vary,Karlovy Vary
1525,11000,52,2+1,Sokolov,Sokolov
1526,5000,21,1+1,"Nejdek, okres Karlovy Vary",Nejdek
1527,4000,13,1+kk,Sokolov,Sokolov
1528,4000,25,1+1,"Nejdek, okres Karlovy Vary",Nejdek
1529,7000,44,1+1,Cheb,Cheb
1530,5000,23,1+1,Karlovy Vary,Karlovy Vary
1531,10000,51,3+1,"Mariánské Lázně, okres Cheb",Mariánské Lázně
1532,4000,11,1+kk,"Mariánské Lázně, okres Cheb",Mariánské Lázně
1533,4000,11,1+kk,"Mariánské Lázně, okres Cheb",Mariánské Lázně
1534,5000,65,3+1,"Mariánské Lázně, okres Cheb",Mariánské Lázně
1535,7000,44,2+1,"Mariánské Lázně, okres Cheb",Mariánské Lázně
1537,6000,31,2+1,"Habartov, okres Sokolov",Habartov
1538,9000,38,2+1,"Karlovy Vary - Rybáře, okres Karlovy Vary",Karlovy Vary - Rybáře
1539,7000,40,2+1,"Mariánské Lázně - Úšovice, okres Cheb",Mariánské Lázně - Úšovice
1541,10000,37,2+kk,Karlovy Vary,Karlovy Vary
1542,8000,45,2+1,Karlovy Vary,Karlovy Vary
1543,17000,83,3+kk,"Mariánské Lázně, okres Cheb",Mariánské Lázně
1544,5000,29,2+1,"Habartov, okres Sokolov",Habartov
1545,7000,29,2+kk,"Mariánské Lázně, okres Cheb",Mariánské Lázně
1546,7000,26,2+kk,"Mariánské Lázně, okres Cheb",Mariánské Lázně
1547,7000,42,3+1,"Chodov, okres Sokolov",Chodov
1548,4000,11,1+kk,Sokolov,Sokolov
1549,7000,38,3+1,Cheb,Cheb
1550,5000,32,2+1,"Chodov, okres Sokolov",Chodov
1551,7000,33,2+1,Cheb,Cheb
1553,6000,13,1+kk,"Mariánské Lázně, okres Cheb",Mariánské Lázně
1555,8000,32,2+1,Karlovy Vary,Karlovy Vary
1556,7000,33,2+1,"Karlovy Vary - Rybáře, okres Karlovy Vary",Karlovy Vary - Rybáře
1558,8000,38,2+1,Cheb,Cheb
1559,4000,23,1+kk,"Aš, okres Cheb",Aš
1560,5000,11,other,"Mariánské Lázně, okres Cheb",Mariánské Lázně
1562,7000,32,2+kk,Karlovy Vary,Karlovy Vary
1563,5000,17,1+1,"Karlovy Vary - Rybáře, okres Karlovy Vary",Karlovy Vary - Rybáře
1564,4000,26,1+1,Sokolov,Sokolov
1565,5000,23,1+kk,"Františkovy Lázně, okres Cheb",Františkovy Lázně
1566,11000,59,3+1,"Františkovy Lázně, okres Cheb",Františkovy Lázně
1569,7000,31,2+1,"Karlovy Vary - Stará Role, okres Karlovy Vary",Karlovy Vary - Stará Role
1571,10000,53,3+1,"Mariánské Lázně, okres Cheb",Mariánské Lázně
1572,7000,22,2+kk,Karlovy Vary,Karlovy Vary
1573,8000,45,3+1,"Karlovy Vary - Rybáře, okres Karlovy Vary",Karlovy Vary - Rybáře
1575,7000,43,3+1,"Kraslice, okres Sokolov",Kraslice
1576,7000,30,2+1,Karlovy Vary,Karlovy Vary
1577,6000,33,3+kk,"Nejdek, okres Karlovy Vary",Nejdek
1579,11000,71,3+1,Karlovy Vary,Karlovy Vary
1581,9000,44,2+1,Karlovy Vary,Karlovy Vary
1582,6000,32,2+1,"Chodov, okres Sokolov",Chodov
1585,7000,36,2+1,"Františkovy Lázně, okres Cheb",Františkovy Lázně
1586,4000,11,1+kk,"Chodov, okres Sokolov",Chodov
1587,4000,24,1+1,Sokolov,Sokolov
1589,4000,21,1+1,"Chodov, okres Sokolov",Chodov
1590,5000,35,1+1,"Karlovy Vary - Rybáře, okres Karlovy Vary",Karlovy Vary - Rybáře
1591,7000,47,3+1,Cheb,Cheb
1592,6000,26,1+1,"Mariánské Lázně, okres Cheb",Mariánské Lázně
1594,5000,29,2+1,Sokolov,Sokolov
1595,28000,334,other,Karlovy Vary,Karlovy Vary
1596,5000,35,1+1,"Karlovy Vary - Rybáře, okres Karlovy Vary",Karlovy Vary - Rybáře
1597,7000,47,3+1,Cheb,Cheb
1598,6000,26,1+1,"Mariánské Lázně, okres Cheb",Mariánské Lázně
1600,5000,29,2+1,Sokolov,Sokolov
1601,4000,9,other,"Mariánské Lázně, okres Cheb",Mariánské Lázně
1602,7000,33,2+1,"Mariánské Lázně, okres Cheb",Mariánské Lázně
1604,7000,32,2+kk,Karlovy Vary,Karlovy Vary
1605,4000,34,2+1,"Habartov, okres Sokolov",Habartov
1607,8000,57,3+kk,"Mariánské Lázně, okres Cheb",Mariánské Lázně
1608,7000,46,2+1,Karlovy Vary,Karlovy Vary
1611,7000,38,2+kk,"Karlovy Vary - Rybáře, okres Karlovy Vary",Karlovy Vary - Rybáře
1612,5000,31,2+1,"Chodov, okres Sokolov",Chodov
1615,4000,23,1+1,"Aš, okres Cheb",Aš
1616,10000,32,2+1,Karlovy Vary,Karlovy Vary
1617,5000,34,2+1,"Habartov, okres Sokolov",Habartov
1618,4000,24,1+1,"Habartov, okres Sokolov",Habartov
1619,4000,34,2+1,"Habartov, okres Sokolov",Habartov
1621,5000,22,2+kk,"Nejdek, okres Karlovy Vary",Nejdek
1625,5000,36,2+1,"Aš, okres Cheb",Aš
1627,17000,77,3+1,Karlovy Vary,Karlovy Vary
1628,6000,37,2+1,"Nejdek, okres Karlovy Vary",Nejdek
1629,4000,50,3+1,Cheb,Cheb
1630,6000,32,2+1,"Chodov, okres Sokolov",Chodov
1632,10000,41,1+kk,Cheb,Cheb
1633,4000,25,1+1,Sokolov,Sokolov
1634,5000,23,2+kk,Cheb,Cheb
1635,17000,64,4+1,Karlovy Vary,Karlovy Vary
1636,8000,42,3+kk,Karlovy Vary,Karlovy Vary
1637,6000,48,2+1,"Aš, okres Cheb",Aš
1640,7000,29,2+1,"Mariánské Lázně, okres Cheb",Mariánské Lázně
1644,7000,29,2+1,"Aš, okres Cheb",Aš
1645,8000,32,2+kk,"Karlovy Vary - Stará Role, okres Karlovy Vary",Karlovy Vary - Stará Role
1646,6000,17,1+kk,"Karlovy Vary - Stará Role, okres Karlovy Vary",Karlovy Vary - Stará Role
1649,14000,62,4+kk,"Mariánské Lázně, okres Cheb",Mariánské Lázně
1651,5000,13,1+kk,Cheb,Cheb
1652,7000,27,1+1,Cheb,Cheb
1653,4000,20,1+1,"Aš, okres Cheb",Aš
1654,5000,21,1+1,"Habartov, okres Sokolov",Habartov
1658,9000,21,1+1,"Karlovy Vary - Drahovice, okres Karlovy Vary",Karlovy Vary - Drahovice
1660,32000,131,other,Sokolov,Sokolov
1671,4000,31,2+1,"Habartov, okres Sokolov",Habartov
1674,4000,37,2+1,"Horní Slavkov, okres Sokolov",Horní Slavkov
1677,4000,31,2+1,"Horní Slavkov, okres Sokolov",Horní Slavkov
1680,5000,25,1+1,"Děčín - Děčín VI-Letná, okres Děčín",Děčín - Děčín VI-Letná
1681,13000,77,4+1,"Ústí nad Labem - Ústí nad Labem-centrum, okres Ústí nad Labem",Ústí nad Labem - Ústí nad Labem-centrum
1682,8000,38,3+kk,Most,Most
1683,4000,22,2+1,"Litvínov - Horní Litvínov, okres Most",Litvínov - Horní Litvínov
1684,8000,35,2+1,"Roudnice nad Labem, okres Litoměřice",Roudnice nad Labem
1685,7000,34,2+1,"Roudnice nad Labem, okres Litoměřice",Roudnice nad Labem
1686,6000,19,1+1,"Roudnice nad Labem, okres Litoměřice",Roudnice nad Labem
1687,12000,39,2+kk,Louny,Louny
1688,16000,75,3+1,Louny,Louny
1689,7000,32,2+1,Teplice,Teplice
1690,6000,31,2+1,"Litoměřice - Předměstí, okres Litoměřice",Litoměřice - Předměstí
1691,7000,34,2+kk,"Chomutov, okres Chomutov",Chomutov
1692,7000,30,2+kk,"Chomutov, okres Chomutov",Chomutov
1693,7000,37,2+1,"Ústí nad Labem - Severní Terasa, okres Ústí nad Labem",Ústí nad Labem - Severní Terasa
1694,5000,38,2+1,"Ústí nad Labem - Střekov, okres Ústí nad Labem",Ústí nad Labem - Střekov
1695,5000,20,1+1,"Ústí nad Labem - Střekov, okres Ústí nad Labem",Ústí nad Labem - Střekov
1696,5000,20,1+1,Teplice,Teplice
1698,5000,26,1+1,"Ústí nad Labem - Klíše, okres Ústí nad Labem",Ústí nad Labem - Klíše
1699,8000,29,2+1,"Ústí nad Labem - Ústí nad Labem-centrum, okres Ústí nad Labem",Ústí nad Labem - Ústí nad Labem-centrum
1700,20000,93,5+kk,Most,Most
1701,17000,57,4+kk,Most,Most
1702,4000,12,1+kk,"Kadaň, okres Chomutov",Kadaň
1703,5000,20,1+1,"Klášterec nad Ohří - Miřetice u Klášterce nad Ohří, okres Chomutov",Klášterec nad Ohří - Miřetice u Klášterce nad Ohří
1704,6000,31,2+1,"Klášterec nad Ohří - Miřetice u Klášterce nad Ohří, okres Chomutov",Klášterec nad Ohří - Miřetice u Klášterce nad Ohří
1705,4000,12,1+kk,"Ústí nad Labem - Severní Terasa, okres Ústí nad Labem",Ústí nad Labem - Severní Terasa
1706,8000,35,3+kk,Most,Most
1707,7000,26,2+kk,Louny,Louny
1708,10000,46,3+1,"Ústí nad Labem - Ústí nad Labem-centrum, okres Ústí nad Labem",Ústí nad Labem - Ústí nad Labem-centrum
1709,11000,38,3+1,Most,Most
1710,7000,28,2+kk,Chomutov,Chomutov
1711,6000,20,1+1,Most,Most
1712,9000,46,4+kk,Chomutov,Chomutov
1713,6000,36,2+1,Chomutov,Chomutov
1714,6000,32,2+kk,"Lovosice, okres Litoměřice",Lovosice
1715,6000,21,1+1,"Ústí nad Labem - Střekov, okres Ústí nad Labem",Ústí nad Labem - Střekov
1716,4000,19,1+kk,"Teplice - Trnovany, okres Teplice",Teplice - Trnovany
1718,5000,41,3+kk,"Litvínov - Horní Litvínov, okres Most",Litvínov - Horní Litvínov
1719,5000,20,2+kk,"Litoměřice - Předměstí, okres Litoměřice",Litoměřice - Předměstí
1722,5000,38,2+1,"Děčín - Děčín IX-Bynov, okres Děčín",Děčín - Děčín IX-Bynov
1723,6000,34,2+1,Chomutov,Chomutov
1724,8000,44,3+1,Chomutov,Chomutov
1726,7000,36,2+1,Chomutov,Chomutov
1727,7000,31,2+1,Most,Most
1728,6000,29,2+1,Most,Most
1729,7000,31,2+1,Chomutov,Chomutov
1730,6000,34,2+1,Chomutov,Chomutov
1731,7000,39,3+1,Most,Most
1732,6000,30,2+1,Chomutov,Chomutov
1733,6000,36,3+1,Most,Most
1734,6000,35,2+1,Chomutov,Chomutov
1735,4000,21,1+1,Chomutov,Chomutov
1736,6000,35,2+1,Chomutov,Chomutov
1737,4000,20,1+1,Chomutov,Chomutov
1738,4000,21,1+1,Chomutov,Chomutov
1739,6000,35,2+1,Chomutov,Chomutov
1740,4000,20,1+1,Chomutov,Chomutov
1741,5000,21,1+1,Most,Most
1742,4000,13,1+kk,Most,Most
1743,7000,39,3+1,"Litvínov - Janov, okres Most",Litvínov - Janov
1744,6000,36,2+1,Chomutov,Chomutov
1745,6000,36,2+1,Chomutov,Chomutov
1746,6000,35,2+1,Chomutov,Chomutov
1749,6000,20,1+1,"Jirkov, okres Chomutov",Jirkov
1750,4000,21,2+kk,"Bílina - Teplické Předměstí, okres Teplice",Bílina - Teplické Předměstí
1751,8000,39,2+1,"Ústí nad Labem - Severní Terasa, okres Ústí nad Labem",Ústí nad Labem - Severní Terasa
1752,9000,52,4+1,"Jirkov, okres Chomutov",Jirkov
1753,6000,45,3+1,Louny,Louny
1754,8000,32,2+1,Most,Most
1755,9000,31,2+1,Most,Most
1756,4000,19,1+kk,"Ústí nad Labem - Krásné Březno, okres Ústí nad Labem",Ústí nad Labem - Krásné Březno
1757,4000,19,1+1,Most,Most
1758,8000,31,3+1,Most,Most
1759,9000,36,3+1,"Žatec, okres Louny",Žatec
1760,5000,38,3+1,"Děčín - Děčín IX-Bynov, okres Děčín",Děčín - Děčín IX-Bynov
1761,7000,34,2+1,"Ústí nad Labem - Neštěmice, okres Ústí nad Labem",Ústí nad Labem - Neštěmice
1762,6000,32,2+1,Most,Most
1763,10000,34,1+1,"Žatec, okres Louny",Žatec
1764,10000,26,2+kk,"Ústí nad Labem - Ústí nad Labem-centrum, okres Ústí nad Labem",Ústí nad Labem - Ústí nad Labem-centrum
1765,8000,34,2+1,"Ústí nad Labem - Ústí nad Labem-centrum, okres Ústí nad Labem",Ústí nad Labem - Ústí nad Labem-centrum
1766,10000,62,4+1,"Ústí nad Labem - Klíše, okres Ústí nad Labem",Ústí nad Labem - Klíše
1767,8000,34,2+1,"Ústí nad Labem - Bukov, okres Ústí nad Labem",Ústí nad Labem - Bukov
1768,7000,31,2+1,Most,Most
1769,6000,25,2+kk,Most,Most
1770,4000,20,1+kk,"Meziboří, okres Most",Meziboří
1771,8000,41,4+1,Most,Most
1772,5000,21,1+1,"Žatec, okres Louny",Žatec
1773,4000,38,2+1,"Litvínov - Horní Litvínov, okres Most",Litvínov - Horní Litvínov
1774,8000,47,2+1,Teplice,Teplice
1775,4000,25,1+1,"Děčín - Děčín IV-Podmokly, okres Děčín",Děčín - Děčín IV-Podmokly
1776,5000,11,1+kk,Louny,Louny
1777,7000,25,2+kk,Teplice,Teplice
1780,5000,26,1+kk,"Ústí nad Labem - Ústí nad Labem-centrum, okres Ústí nad Labem",Ústí nad Labem - Ústí nad Labem-centrum
1781,10000,32,3+1,Most,Most
1782,6000,21,1+1,"Ústí nad Labem - Severní Terasa, okres Ústí nad Labem",Ústí nad Labem - Severní Terasa
1784,6000,23,1+1,"Litoměřice - Předměstí, okres Litoměřice",Litoměřice - Předměstí
1785,7000,20,1+1,"Roudnice nad Labem, okres Litoměřice",Roudnice nad Labem
1786,7000,43,2+1,"Ústí nad Labem - Střekov, okres Ústí nad Labem",Ústí nad Labem - Střekov
1788,7000,41,3+kk,"Děčín - Děčín II-Nové Město, okres Děčín",Děčín - Děčín II-Nové Město
1791,6000,40,3+1,"Ústí nad Labem - Bukov, okres Ústí nad Labem",Ústí nad Labem - Bukov
1792,7000,21,1+1,"Žatec, okres Louny",Žatec
1793,6000,32,2+1,"Ústí nad Labem - Neštěmice, okres Ústí nad Labem",Ústí nad Labem - Neštěmice
1794,4000,22,1+1,"Litvínov - Horní Litvínov, okres Most",Litvínov - Horní Litvínov
1795,16000,62,4+kk,Most,Most
1797,7000,22,1+1,"Teplice - Trnovany, okres Teplice",Teplice - Trnovany
1798,7000,32,3+kk,"Teplice - Trnovany, okres Teplice",Teplice - Trnovany
1799,6000,29,2+1,"Ústí nad Labem - Klíše, okres Ústí nad Labem",Ústí nad Labem - Klíše
1800,8000,28,2+kk,Teplice,Teplice
1801,8000,28,2+kk,Teplice,Teplice
1802,6000,20,1+1,Louny,Louny
1803,5000,27,2+1,"Litvínov - Horní Litvínov, okres Most",Litvínov - Horní Litvínov
1804,5000,26,2+kk,"Teplice - Trnovany, okres Teplice",Teplice - Trnovany
1805,5000,20,1+1,Chomutov,Chomutov
1806,6000,20,1+1,Chomutov,Chomutov
1808,5000,25,2+kk,"Ústí nad Labem - Severní Terasa, okres Ústí nad Labem",Ústí nad Labem - Severní Terasa
1809,4000,23,2+1,"Ústí nad Labem - Klíše, okres Ústí nad Labem",Ústí nad Labem - Klíše
1810,8000,22,1+1,"Lovosice, okres Litoměřice",Lovosice
1813,5000,30,2+kk,"Jirkov, okres Chomutov",Jirkov
1814,6000,27,2+kk,Teplice,Teplice
1816,6000,31,2+1,"Ústí nad Labem - Bukov, okres Ústí nad Labem",Ústí nad Labem - Bukov
1818,7000,41,3+kk,"Děčín - Děčín II-Nové Město, okres Děčín",Děčín - Děčín II-Nové Město
1819,8000,32,2+1,Most,Most
1820,8000,60,4+1,"Litvínov - Horní Litvínov, okres Most",Litvínov - Horní Litvínov
1822,5000,17,1+1,"Děčín - Děčín VI-Letná, okres Děčín",Děčín - Děčín VI-Letná
1823,9000,55,4+kk,Most,Most
1825,7000,17,1+kk,"Roudnice nad Labem, okres Litoměřice",Roudnice nad Labem
1826,6000,31,2+1,"Bílina - Teplické Předměstí, okres Teplice",Bílina - Teplické Předměstí
1828,5000,20,1+1,"Klášterec nad Ohří - Miřetice u Klášterce nad Ohří, okres Chomutov",Klášterec nad Ohří - Miřetice u Klášterce nad Ohří
1829,6000,34,2+1,"Litvínov - Horní Litvínov, okres Most",Litvínov - Horní Litvínov
1830,14000,83,3+kk,Louny,Louny
1831,10000,58,3+1,Chomutov,Chomutov
1832,4000,19,2+kk,Most,Most
1833,8000,41,3+kk,Teplice,Teplice
1836,5000,30,2+1,"Děčín - Děčín II-Nové Město, okres Děčín",Děčín - Děčín II-Nové Město
1839,5000,19,1+1,Most,Most
1840,7000,36,2+kk,"Děčín - Děčín IV-Podmokly, okres Děčín",Děčín - Děčín IV-Podmokly
1842,4000,23,1+kk,"Děčín - Děčín VI-Letná, okres Děčín",Děčín - Děčín VI-Letná
1843,5000,17,1+1,Most,Most
1847,5000,19,1+1,"Ústí nad Labem - Severní Terasa, okres Ústí nad Labem",Ústí nad Labem - Severní Terasa
1851,7000,32,2+1,Chomutov,Chomutov
1853,4000,19,1+1,"Meziboří, okres Most",Meziboří
1855,5000,25,2+kk,"Ústí nad Labem - Klíše, okres Ústí nad Labem",Ústí nad Labem - Klíše
1856,5000,20,1+1,"Ústí nad Labem - Severní Terasa, okres Ústí nad Labem",Ústí nad Labem - Severní Terasa
1858,5000,26,1+kk,"Ústí nad Labem - Ústí nad Labem-centrum, okres Ústí nad Labem",Ústí nad Labem - Ústí nad Labem-centrum
1859,6000,21,1+1,"Ústí nad Labem - Severní Terasa, okres Ústí nad Labem",Ústí nad Labem - Severní Terasa
1861,6000,23,1+1,"Litoměřice - Předměstí, okres Litoměřice",Litoměřice - Předměstí
1862,7000,20,1+1,"Roudnice nad Labem, okres Litoměřice",Roudnice nad Labem
1863,6000,43,2+1,"Ústí nad Labem - Střekov, okres Ústí nad Labem",Ústí nad Labem - Střekov
1865,7000,41,3+kk,"Děčín - Děčín II-Nové Město, okres Děčín",Děčín - Děčín II-Nové Město
1868,6000,40,3+1,"Ústí nad Labem - Bukov, okres Ústí nad Labem",Ústí nad Labem - Bukov
1869,6000,21,1+1,"Žatec, okres Louny",Žatec
1870,4000,22,1+1,"Litvínov - Horní Litvínov, okres Most",Litvínov - Horní Litvínov
1871,16000,62,4+kk,Most,Most
1873,9000,37,2+kk,"Ústí nad Labem - Ústí nad Labem-centrum, okres Ústí nad Labem",Ústí nad Labem - Ústí nad Labem-centrum
1874,4000,34,2+1,"Duchcov, okres Teplice",Duchcov
1875,7000,32,3+kk,"Teplice - Trnovany, okres Teplice",Teplice - Trnovany
1876,6000,29,2+1,"Ústí nad Labem - Klíše, okres Ústí nad Labem",Ústí nad Labem - Klíše
1877,8000,28,2+kk,Teplice,Teplice
1878,8000,28,2+kk,Teplice,Teplice
1879,6000,20,1+1,Louny,Louny
1880,5000,27,2+1,"Litvínov - Horní Litvínov, okres Most",Litvínov - Horní Litvínov
1881,5000,26,2+kk,"Teplice - Trnovany, okres Teplice",Teplice - Trnovany
1882,6000,20,1+1,Chomutov,Chomutov
1884,4000,23,2+1,"Ústí nad Labem - Klíše, okres Ústí nad Labem",Ústí nad Labem - Klíše
1885,5000,30,2+kk,"Jirkov, okres Chomutov",Jirkov
1886,6000,27,2+kk,Teplice,Teplice
1888,6000,31,2+1,"Ústí nad Labem - Bukov, okres Ústí nad Labem",Ústí nad Labem - Bukov
1890,8000,32,2+1,Most,Most
1891,8000,60,4+1,"Litvínov - Horní Litvínov, okres Most",Litvínov - Horní Litvínov
1893,5000,17,1+1,"Děčín - Děčín VI-Letná, okres Děčín",Děčín - Děčín VI-Letná
1894,9000,55,4+kk,Most,Most
1896,7000,17,1+kk,"Roudnice nad Labem, okres Litoměřice",Roudnice nad Labem
1897,6000,31,2+1,"Bílina - Teplické Předměstí, okres Teplice",Bílina - Teplické Předměstí
1899,5000,20,1+1,"Klášterec nad Ohří - Miřetice u Klášterce nad Ohří, okres Chomutov",Klášterec nad Ohří - Miřetice u Klášterce nad Ohří
1900,6000,34,2+1,"Litvínov - Horní Litvínov, okres Most",Litvínov - Horní Litvínov
1901,14000,83,3+kk,Louny,Louny
1902,10000,58,3+1,Chomutov,Chomutov
1903,4000,19,2+kk,Most,Most
1904,8000,41,3+kk,Teplice,Teplice
1907,5000,30,2+1,"Děčín - Děčín II-Nové Město, okres Děčín",Děčín - Děčín II-Nové Město
1910,5000,19,1+1,Most,Most
1911,7000,36,2+kk,"Děčín - Děčín IV-Podmokly, okres Děčín",Děčín - Děčín IV-Podmokly
1913,4000,23,1+kk,"Děčín - Děčín VI-Letná, okres Děčín",Děčín - Děčín VI-Letná
1914,5000,17,1+1,Most,Most
1918,4000,19,1+1,"Ústí nad Labem - Severní Terasa, okres Ústí nad Labem",Ústí nad Labem - Severní Terasa
1923,4000,19,1+1,"Meziboří, okres Most",Meziboří
1925,5000,25,2+kk,"Ústí nad Labem - Klíše, okres Ústí nad Labem",Ústí nad Labem - Klíše
1926,5000,20,1+1,"Ústí nad Labem - Severní Terasa, okres Ústí nad Labem",Ústí nad Labem - Severní Terasa
1930,7000,34,2+1,Most,Most
1931,5000,35,2+1,Most,Most
1932,8000,36,3+1,Chomutov,Chomutov
1933,10000,56,3+kk,"Teplice - Trnovany, okres Teplice",Teplice - Trnovany
1934,5000,32,2+1,Most,Most
1935,6000,32,2+1,Most,Most
1936,6000,29,2+kk,Chomutov,Chomutov
1937,6000,29,2+kk,Chomutov,Chomutov
1938,6000,34,2+1,Most,Most
1939,8000,38,3+kk,Chomutov,Chomutov
1940,11000,57,3+kk,Chomutov,Chomutov
1941,8000,34,2+kk,Chomutov,Chomutov
1942,9000,42,2+kk,Chomutov,Chomutov
1943,11000,61,3+kk,Chomutov,Chomutov
1944,9000,38,2+1,Chomutov,Chomutov
1945,8000,35,3+1,Most,Most
1946,6000,29,2+1,"Děčín - Děčín VI-Letná, okres Děčín",Děčín - Děčín VI-Letná
1948,5000,12,1+kk,"Ústí nad Labem - Ústí nad Labem-centrum, okres Ústí nad Labem",Ústí nad Labem - Ústí nad Labem-centrum
1949,4000,14,1+kk,"Ústí nad Labem - Ústí nad Labem-centrum, okres Ústí nad Labem",Ústí nad Labem - Ústí nad Labem-centrum
1950,4000,22,1+kk,"Ústí nad Labem - Ústí nad Labem-centrum, okres Ústí nad Labem",Ústí nad Labem - Ústí nad Labem-centrum
1951,5000,32,2+kk,"Ústí nad Labem - Neštěmice, okres Ústí nad Labem",Ústí nad Labem - Neštěmice
1952,4000,23,1+1,Most,Most
1953,6000,32,2+1,Chomutov,Chomutov
1954,5000,20,1+1,Most,Most
1956,6000,36,3+1,Most,Most
1957,5000,29,3+1,"Děčín - Děčín IV-Podmokly, okres Děčín",Děčín - Děčín IV-Podmokly
1959,6000,23,2+kk,Most,Most
1960,4000,23,1+1,"Žatec, okres Louny",Žatec
1962,7000,56,2+kk,Chomutov,Chomutov
1963,5000,32,2+1,Most,Most
1964,4000,29,2+kk,Most,Most
1965,7000,20,1+1,"Litoměřice - Předměstí, okres Litoměřice",Litoměřice - Předměstí
1966,8000,35,3+kk,"Ústí nad Labem - Klíše, okres Ústí nad Labem",Ústí nad Labem - Klíše
1967,10000,39,2+1,"Litoměřice - Předměstí, okres Litoměřice",Litoměřice - Předměstí
1968,7000,25,2+kk,"Děčín - Děčín II-Nové Město, okres Děčín",Děčín - Děčín II-Nové Město
1969,9000,38,2+1,"Litoměřice - Předměstí, okres Litoměřice",Litoměřice - Předměstí
1970,10000,38,3+1,"Litoměřice - Předměstí, okres Litoměřice",Litoměřice - Předměstí
1971,8000,26,1+1,"Litoměřice - Předměstí, okres Litoměřice",Litoměřice - Předměstí
1972,7000,31,2+1,"Ústí nad Labem - Střekov, okres Ústí nad Labem",Ústí nad Labem - Střekov
1973,7000,28,2+kk,"Ústí nad Labem - Střekov, okres Ústí nad Labem",Ústí nad Labem - Střekov
1974,10000,31,3+1,"Litvínov - Horní Litvínov, okres Most",Litvínov - Horní Litvínov
1975,7000,48,3+1,"Litvínov - Horní Litvínov, okres Most",Litvínov - Horní Litvínov
1976,9000,49,2+1,"Duchcov, okres Teplice",Duchcov
1978,6000,36,2+1,"Ústí nad Labem - Ústí nad Labem-centrum, okres Ústí nad Labem",Ústí nad Labem - Ústí nad Labem-centrum
1979,6000,28,2+kk,"Děčín - Děčín IV-Podmokly, okres Děčín",Děčín - Děčín IV-Podmokly
1980,5000,20,1+kk,Most,Most
1981,8000,56,4+1,"Litvínov - Horní Litvínov, okres Most",Litvínov - Horní Litvínov
1982,5000,38,2+1,"Litvínov - Horní Litvínov, okres Most",Litvínov - Horní Litvínov
1983,5000,24,1+1,Chomutov,Chomutov
1984,8000,38,2+1,"Ústí nad Labem - Severní Terasa, okres Ústí nad Labem",Ústí nad Labem - Severní Terasa
1985,5000,39,2+1,"Děčín - Děčín II-Nové Město, okres Děčín",Děčín - Děčín II-Nové Město
1987,7000,41,4+1,"Litvínov - Horní Litvínov, okres Most",Litvínov - Horní Litvínov
1990,6000,32,2+1,"Bílina - Teplické Předměstí, okres Teplice",Bílina - Teplické Předměstí
1991,5000,28,1+1,"Ústí nad Labem - Ústí nad Labem-centrum, okres Ústí nad Labem",Ústí nad Labem - Ústí nad Labem-centrum
1992,7000,33,2+1,Teplice,Teplice
1995,7000,38,2+1,"Bílina - Teplické Předměstí, okres Teplice",Bílina - Teplické Předměstí
1996,6000,47,2+1,"Ústí nad Labem - Ústí nad Labem-centrum, okres Ústí nad Labem",Ústí nad Labem - Ústí nad Labem-centrum
1997,8000,32,2+1,"Ústí nad Labem - Klíše, okres Ústí nad Labem",Ústí nad Labem - Klíše
1998,5000,23,2+kk,Most,Most
1999,4000,20,2+kk,"Bílina - Teplické Předměstí, okres Teplice",Bílina - Teplické Předměstí
2000,12000,51,4+1,"Ústí nad Labem - Bukov, okres Ústí nad Labem",Ústí nad Labem - Bukov
2001,6000,31,2+kk,"Ústí nad Labem - Krásné Březno, okres Ústí nad Labem",Ústí nad Labem - Krásné Březno
2002,9000,31,2+1,"Lovosice, okres Litoměřice",Lovosice
2003,5000,26,1+1,"Ústí nad Labem - Klíše, okres Ústí nad Labem",Ústí nad Labem - Klíše
2004,7000,31,2+kk,"Roudnice nad Labem, okres Litoměřice",Roudnice nad Labem
2005,4000,22,1+1,"Ústí nad Labem - Ústí nad Labem-centrum, okres Ústí nad Labem",Ústí nad Labem - Ústí nad Labem-centrum
2006,4000,16,1+1,Most,Most
2007,5000,21,1+1,Most,Most
2010,10000,41,2+1,"Žatec, okres Louny",Žatec
2011,5000,21,1+kk,Most,Most
2013,5000,23,2+kk,Most,Most
2014,6000,33,2+1,"Kadaň, okres Chomutov",Kadaň
2015,7000,32,2+1,Louny,Louny
2016,7000,46,3+1,Chomutov,Chomutov
2019,5000,25,1+1,"Ústí nad Labem - Severní Terasa, okres Ústí nad Labem",Ústí nad Labem - Severní Terasa
2021,7000,42,3+1,Most,Most
2022,8000,35,2+1,Chomutov,Chomutov
2023,10000,53,2+kk,Chomutov,Chomutov
2024,6000,29,1+1,Chomutov,Chomutov
2025,5000,31,2+1,"Děčín - Děčín II-Nové Město, okres Děčín",Děčín - Děčín II-Nové Město
2026,6000,34,2+kk,"Teplice - Trnovany, okres Teplice",Teplice - Trnovany
2029,8000,48,2+1,"Ústí nad Labem - Ústí nad Labem-centrum, okres Ústí nad Labem",Ústí nad Labem - Ústí nad Labem-centrum
2031,8000,47,2+1,"Ústí nad Labem - Ústí nad Labem-centrum, okres Ústí nad Labem",Ústí nad Labem - Ústí nad Labem-centrum
2032,8000,41,2+1,Teplice,Teplice
2033,4000,18,1+kk,Louny,Louny
2034,7000,29,2+kk,"Teplice - Trnovany, okres Teplice",Teplice - Trnovany
2036,9000,39,3+1,Most,Most
2037,5000,23,2+kk,Most,Most
2038,10000,59,atypické,"Ústí nad Labem - Ústí nad Labem-centrum, okres Ústí nad Labem",Ústí nad Labem - Ústí nad Labem-centrum
2039,4000,34,3+kk,"Meziboří, okres Most",Meziboří
2040,5000,21,1+1,"Děčín - Děčín VI-Letná, okres Děčín",Děčín - Děčín VI-Letná
2043,6000,32,2+kk,Teplice,Teplice
2044,7000,32,2+1,"Ústí nad Labem - Bukov, okres Ústí nad Labem",Ústí nad Labem - Bukov
2045,7000,31,2+1,Louny,Louny
2046,10000,48,3+1,Teplice,Teplice
2047,5000,22,1+1,"Ústí nad Labem - Ústí nad Labem-centrum, okres Ústí nad Labem",Ústí nad Labem - Ústí nad Labem-centrum
2051,9000,39,2+kk,"Lovosice, okres Litoměřice",Lovosice
2052,7000,32,2+1,"Jirkov, okres Chomutov",Jirkov
2053,8000,21,2+kk,"Teplice - Trnovany, okres Teplice",Teplice - Trnovany
2054,6000,31,2+1,"Děčín - Děčín IV-Podmokly, okres Děčín",Děčín - Děčín IV-Podmokly
2055,8000,48,2+1,Teplice,Teplice
2056,7000,35,3+kk,"Ústí nad Labem - Ústí nad Labem-centrum, okres Ústí nad Labem",Ústí nad Labem - Ústí nad Labem-centrum
2058,5000,26,1+1,"Ústí nad Labem - Střekov, okres Ústí nad Labem",Ústí nad Labem - Střekov
2059,8000,37,3+kk,Most,Most
2060,12000,81,3+kk,Chomutov,Chomutov
2061,8000,47,3+1,"Bílina - Teplické Předměstí, okres Teplice",Bílina - Teplické Předměstí
2063,8000,30,2+1,"Žatec, okres Louny",Žatec
2065,7000,47,3+1,"Ústí nad Labem - Střekov, okres Ústí nad Labem",Ústí nad Labem - Střekov
2068,6000,31,2+1,"Kadaň, okres Chomutov",Kadaň
2069,7000,36,3+1,"Litvínov - Horní Litvínov, okres Most",Litvínov - Horní Litvínov
2071,5000,25,2+kk,"Žatec, okres Louny",Žatec
2072,7000,37,2+kk,"Žatec, okres Louny",Žatec
2073,5000,23,1+kk,"Žatec, okres Louny",Žatec
2074,12000,44,2+kk,Teplice,Teplice
2079,7000,32,3+1,Most,Most
2080,5000,41,3+1,"Ústí nad Labem - Krásné Březno, okres Ústí nad Labem",Ústí nad Labem - Krásné Březno
2082,4000,23,1+kk,"Ústí nad Labem - Klíše, okres Ústí nad Labem",Ústí nad Labem - Klíše
2083,6000,34,3+kk,Most,Most
2084,5000,30,2+1,"Jirkov, okres Chomutov",Jirkov
2089,4000,20,1+1,"Bílina - Teplické Předměstí, okres Teplice",Bílina - Teplické Předměstí
2091,6000,26,2+kk,"Ústí nad Labem - Severní Terasa, okres Ústí nad Labem",Ústí nad Labem - Severní Terasa
2093,6000,27,2+kk,"Ústí nad Labem - Ústí nad Labem-centrum, okres Ústí nad Labem",Ústí nad Labem - Ústí nad Labem-centrum
2094,8000,31,2+kk,Most,Most
2095,5000,22,1+1,Teplice,Teplice
2097,5000,25,1+1,"Ústí nad Labem - Krásné Březno, okres Ústí nad Labem",Ústí nad Labem - Krásné Březno
2098,8000,41,2+1,Teplice,Teplice
2099,8000,41,2+1,"Ústí nad Labem - Klíše, okres Ústí nad Labem",Ústí nad Labem - Klíše
2100,8000,32,2+1,"Roudnice nad Labem, okres Litoměřice",Roudnice nad Labem
2101,6000,23,2+kk,Most,Most
2102,5000,36,3+1,"Meziboří, okres Most",Meziboří
2103,5000,23,2+kk,Most,Most
2104,5000,38,2+1,"Meziboří, okres Most",Meziboří
2105,7000,31,2+1,Most,Most
2106,4000,20,1+1,Most,Most
2107,7000,31,2+1,Most,Most
2108,6000,32,2+1,"Litvínov - Horní Litvínov, okres Most",Litvínov - Horní Litvínov
2109,5000,20,1+1,"Litvínov - Horní Litvínov, okres Most",Litvínov - Horní Litvínov
2110,5000,32,2+1,"Litvínov - Horní Litvínov, okres Most",Litvínov - Horní Litvínov
2111,5000,20,1+1,Most,Most
2113,5000,20,1+1,"Litvínov - Horní Litvínov, okres Most",Litvínov - Horní Litvínov
2114,5000,38,3+1,"Bílina - Teplické Předměstí, okres Teplice",Bílina - Teplické Předměstí
2115,6000,23,2+kk,Most,Most
2116,7000,36,2+1,"Bílina - Teplické Předměstí, okres Teplice",Bílina - Teplické Předměstí
2118,5000,11,1+kk,"Lovosice, okres Litoměřice",Lovosice
2120,6000,21,1+1,"Ústí nad Labem - Ústí nad Labem-centrum, okres Ústí nad Labem",Ústí nad Labem - Ústí nad Labem-centrum
2121,5000,36,3+1,Most,Most
2122,8000,31,2+1,"Lovosice, okres Litoměřice",Lovosice
2124,7000,44,3+1,"Ústí nad Labem - Střekov, okres Ústí nad Labem",Ústí nad Labem - Střekov
2126,8000,42,3+kk,"Ústí nad Labem - Krásné Březno, okres Ústí nad Labem",Ústí nad Labem - Krásné Březno
2129,5000,31,2+kk,"Ústí nad Labem - Neštěmice, okres Ústí nad Labem",Ústí nad Labem - Neštěmice
2130,6000,19,1+1,"Ústí nad Labem - Severní Terasa, okres Ústí nad Labem",Ústí nad Labem - Severní Terasa
2131,4000,19,1+1,Most,Most
2132,6000,32,2+kk,"Ústí nad Labem - Neštěmice, okres Ústí nad Labem",Ústí nad Labem - Neštěmice
2133,11000,53,4+1,Teplice,Teplice
2134,6000,22,2+kk,"Žatec, okres Louny",Žatec
2136,7000,56,2+kk,"Teplice - Trnovany, okres Teplice",Teplice - Trnovany
2137,5000,32,2+1,Most,Most
2140,6000,29,2+1,"Ústí nad Labem - Střekov, okres Ústí nad Labem",Ústí nad Labem - Střekov
2141,4000,36,2+1,"Děčín - Děčín II-Nové Město, okres Děčín",Děčín - Děčín II-Nové Město
2143,5000,27,2+1,"Ústí nad Labem - Klíše, okres Ústí nad Labem",Ústí nad Labem - Klíše
2144,4000,20,1+1,"Litvínov - Horní Litvínov, okres Most",Litvínov - Horní Litvínov
2145,8000,35,2+1,"Teplice - Trnovany, okres Teplice",Teplice - Trnovany
2146,11000,59,3+1,"Teplice - Trnovany, okres Teplice",Teplice - Trnovany
2147,6000,36,3+1,Most,Most
2148,6000,23,2+kk,"Litoměřice - Předměstí, okres Litoměřice",Litoměřice - Předměstí
2149,7000,34,2+kk,Most,Most
2150,10000,59,4+1,"Teplice - Trnovany, okres Teplice",Teplice - Trnovany
2151,6000,36,2+1,"Ústí nad Labem - Severní Terasa, okres Ústí nad Labem",Ústí nad Labem - Severní Terasa
2152,8000,23,2+kk,Teplice,Teplice
2154,8000,52,4+1,"Litvínov - Horní Litvínov, okres Most",Litvínov - Horní Litvínov
2155,5000,27,1+1,Most,Most
2156,6000,29,2+1,"Teplice - Trnovany, okres Teplice",Teplice - Trnovany
2158,6000,29,2+1,"Teplice - Trnovany, okres Teplice",Teplice - Trnovany
2160,9000,36,2+1,Chomutov,Chomutov
2161,8000,31,2+1,"Teplice, okres Teplice",Teplice
2162,8000,42,3+1,Most,Most
2163,5000,39,3+kk,Most,Most
2164,4000,15,1+kk,Chomutov,Chomutov
2165,7000,31,1+1,"Ústí nad Labem - Ústí nad Labem-centrum, okres Ústí nad Labem",Ústí nad Labem - Ústí nad Labem-centrum
2166,5000,22,1+1,"Děčín - Děčín II-Nové Město, okres Děčín",Děčín - Děčín II-Nové Město
2167,5000,20,1+1,Chomutov,Chomutov
2168,5000,26,2+kk,"Ústí nad Labem - Ústí nad Labem-centrum, okres Ústí nad Labem",Ústí nad Labem - Ústí nad Labem-centrum
2169,7000,32,2+kk,"Ústí nad Labem - Klíše, okres Ústí nad Labem",Ústí nad Labem - Klíše
2171,5000,30,2+kk,"Ústí nad Labem - Ústí nad Labem-centrum, okres Ústí nad Labem",Ústí nad Labem - Ústí nad Labem-centrum
2172,7000,41,2+1,Teplice,Teplice
2173,4000,22,1+1,Chomutov,Chomutov
2174,5000,39,2+1,Chomutov,Chomutov
2175,5000,38,2+1,Chomutov,Chomutov
2176,10000,48,3+1,"Ústí nad Labem - Severní Terasa, okres Ústí nad Labem",Ústí nad Labem - Severní Terasa
2177,7000,42,3+1,"Ústí nad Labem - Krásné Březno, okres Ústí nad Labem",Ústí nad Labem - Krásné Březno
2178,4000,19,1+kk,"Ústí nad Labem - Ústí nad Labem-centrum, okres Ústí nad Labem",Ústí nad Labem - Ústí nad Labem-centrum
2179,5000,29,2+kk,"Ústí nad Labem - Ústí nad Labem-centrum, okres Ústí nad Labem",Ústí nad Labem - Ústí nad Labem-centrum
2180,4000,26,1+1,"Děčín - Děčín IV-Podmokly, okres Děčín",Děčín - Děčín IV-Podmokly
2181,4000,22,1+1,Chomutov,Chomutov
2182,5000,36,2+1,Chomutov,Chomutov
2184,4000,26,2+kk,Teplice,Teplice
2186,5000,48,4+1,"Litvínov - Janov, okres Most",Litvínov - Janov
2187,5000,20,1+1,"Jirkov, okres Chomutov",Jirkov
2188,4000,32,2+1,Most,Most
2189,5000,23,2+kk,Teplice,Teplice
2191,7000,33,2+1,"Duchcov, okres Teplice",Duchcov
2193,8000,26,2+kk,"Litoměřice - Předměstí, okres Litoměřice",Litoměřice - Předměstí
2194,5000,22,1+1,Chomutov,Chomutov
2195,7000,21,1+1,"Bílina - Teplické Předměstí, okres Teplice",Bílina - Teplické Předměstí
2196,9000,37,2+1,"Roudnice nad Labem, okres Litoměřice",Roudnice nad Labem
2197,7000,23,2+kk,Most,Most
2199,7000,37,3+1,"Ústí nad Labem - Neštěmice, okres Ústí nad Labem",Ústí nad Labem - Neštěmice
2200,6000,38,2+1,"Ústí nad Labem - Střekov, okres Ústí nad Labem",Ústí nad Labem - Střekov
2201,6000,36,2+1,Chomutov,Chomutov
2202,5000,15,1+1,Most,Most
2203,7000,33,1+1,"Ústí nad Labem - Klíše, okres Ústí nad Labem",Ústí nad Labem - Klíše
2204,8000,43,3+1,"Bílina - Teplické Předměstí, okres Teplice",Bílina - Teplické Předměstí
2205,4000,12,1+kk,"Ústí nad Labem - Bukov, okres Ústí nad Labem",Ústí nad Labem - Bukov
2206,7000,47,3+1,"Ústí nad Labem - Střekov, okres Ústí nad Labem",Ústí nad Labem - Střekov
2207,6000,31,2+1,"Klášterec nad Ohří - Miřetice u Klášterce nad Ohří, okres Chomutov",Klášterec nad Ohří - Miřetice u Klášterce nad Ohří
2208,5000,20,1+1,Most,Most
2209,8000,39,3+1,"Litvínov - Horní Litvínov, okres Most",Litvínov - Horní Litvínov
2217,4000,32,2+1,Most,Most
2218,8000,49,4+1,"Ústí nad Labem - Krásné Březno, okres Ústí nad Labem",Ústí nad Labem - Krásné Březno
2219,7000,34,2+1,"Jirkov, okres Chomutov",Jirkov
2220,4000,20,1+1,"Ústí nad Labem - Neštěmice, okres Ústí nad Labem",Ústí nad Labem - Neštěmice
2221,8000,32,2+1,"Litoměřice - Předměstí, okres Litoměřice",Litoměřice - Předměstí
2222,6000,31,2+1,"Bílina - Teplické Předměstí, okres Teplice",Bílina - Teplické Předměstí
2223,9000,29,2+1,"Duchcov, okres Teplice",Duchcov
2224,19000,167,5+kk,Teplice,Teplice
2226,6000,32,2+1,"Roudnice nad Labem, okres Litoměřice",Roudnice nad Labem
2227,6000,43,3+1,"Ústí nad Labem - Bukov, okres Ústí nad Labem",Ústí nad Labem - Bukov
2228,7000,38,2+1,Most,Most
2229,7000,47,3+1,Chomutov,Chomutov
2230,5000,20,1+1,"Děčín - Děčín IX-Bynov, okres Děčín",Děčín - Děčín IX-Bynov
2231,4000,21,1+1,"Litvínov - Horní Litvínov, okres Most",Litvínov - Horní Litvínov
2233,4000,19,1+kk,Most,Most
2234,7000,29,2+1,"Duchcov, okres Teplice",Duchcov
2235,8000,33,2+1,Teplice,Teplice
2238,7000,63,3+1,"Děčín - Děčín II-Nové Město, okres Děčín",Děčín - Děčín II-Nové Město
2239,8000,33,2+1,"Litoměřice - Předměstí, okres Litoměřice",Litoměřice - Předměstí
2241,4000,29,2+kk,"Litvínov - Horní Litvínov, okres Most",Litvínov - Horní Litvínov
2242,5000,21,1+kk,Louny,Louny
2243,7000,37,2+1,Louny,Louny
2244,4000,21,1+kk,Teplice,Teplice
2245,7000,33,2+1,"Litoměřice - Předměstí, okres Litoměřice",Litoměřice - Předměstí
2246,5000,28,2+kk,"Teplice, okres Teplice",Teplice
2252,5000,20,1+1,"Ústí nad Labem - Severní Terasa, okres Ústí nad Labem",Ústí nad Labem - Severní Terasa
2253,8000,53,3+1,Teplice,Teplice
2254,6000,41,2+1,"Ústí nad Labem - Severní Terasa, okres Ústí nad Labem",Ústí nad Labem - Severní Terasa
2256,5000,20,1+1,Louny,Louny
2258,4000,23,1+1,"Žatec, okres Louny",Žatec
2260,5000,31,2+1,Most,Most
2261,5000,33,2+1,"Žatec, okres Louny",Žatec
2262,8000,29,2+1,Chomutov,Chomutov
2264,8000,38,3+1,"Kadaň, okres Chomutov",Kadaň
2265,7000,41,3+1,Most,Most
2268,8000,36,2+1,Most,Most
2271,6000,22,1+kk,Teplice,Teplice
2274,11000,71,4+kk,"Ústí nad Labem - Ústí nad Labem-centrum, okres Ústí nad Labem",Ústí nad Labem - Ústí nad Labem-centrum
2277,6000,32,2+kk,"Litvínov - Horní Litvínov, okres Most",Litvínov - Horní Litvínov
2278,5000,32,2+1,Most,Most
2279,15000,65,3+kk,"Lovosice, okres Litoměřice",Lovosice
2280,5000,32,2+1,Most,Most
2281,8000,17,1+1,"Lovosice, okres Litoměřice",Lovosice
2282,10000,23,2+kk,"Lovosice, okres Litoměřice",Lovosice
2283,6000,29,2+kk,"Litvínov - Horní Litvínov, okres Most",Litvínov - Horní Litvínov
2284,9000,53,3+1,"Děčín - Děčín VI-Letná, okres Děčín",Děčín - Děčín VI-Letná
2285,5000,19,2+kk,Most,Most
2286,6000,32,3+1,Most,Most
2287,8000,32,2+1,Most,Most
2288,7000,32,2+1,Chomutov,Chomutov
2289,8000,32,2+1,"Bílina - Teplické Předměstí, okres Teplice",Bílina - Teplické Předměstí
2290,5000,17,1+1,"Litvínov - Horní Litvínov, okres Most",Litvínov - Horní Litvínov
2291,7000,38,2+1,Louny,Louny
2292,5000,28,2+1,Chomutov,Chomutov
2293,5000,20,1+kk,"Ústí nad Labem - Bukov, okres Ústí nad Labem",Ústí nad Labem - Bukov
2294,4000,17,1+kk,Teplice,Teplice
2295,5000,26,2+kk,"Ústí nad Labem - Klíše, okres Ústí nad Labem",Ústí nad Labem - Klíše
2301,4000,23,1+1,"Děčín - Děčín IV-Podmokly, okres Děčín",Děčín - Děčín IV-Podmokly
2302,11000,41,2+kk,Teplice,Teplice
2303,13000,101,3+1,Teplice,Teplice
2304,7000,24,2+kk,"Teplice, okres Teplice",Teplice
2307,8000,43,3+1,"Ústí nad Labem - Krásné Březno, okres Ústí nad Labem",Ústí nad Labem - Krásné Březno
2310,7000,34,2+1,"Ústí nad Labem - Střekov, okres Ústí nad Labem",Ústí nad Labem - Střekov
2311,5000,20,1+1,"Teplice - Trnovany, okres Teplice",Teplice - Trnovany
2313,7000,36,3+1,Most,Most
2314,8000,38,3+1,"Ústí nad Labem - Severní Terasa, okres Ústí nad Labem",Ústí nad Labem - Severní Terasa
2315,8000,20,2+kk,Most,Most
2316,7000,21,1+1,"Ústí nad Labem - Severní Terasa, okres Ústí nad Labem",Ústí nad Labem - Severní Terasa
2317,6000,41,3+1,Most,Most
2318,9000,31,2+1,Most,Most
2319,4000,21,1+1,"Ústí nad Labem - Klíše, okres Ústí nad Labem",Ústí nad Labem - Klíše
2320,5000,34,3+kk,"Litvínov - Horní Litvínov, okres Most",Litvínov - Horní Litvínov
2321,5000,29,2+kk,Teplice,Teplice
2322,5000,25,2+kk,"Teplice - Trnovany, okres Teplice",Teplice - Trnovany
2323,4000,35,1+1,"Meziboří, okres Most",Meziboří
2324,8000,30,2+kk,"Lovosice, okres Litoměřice",Lovosice
2326,7000,63,2+1,Teplice,Teplice
2327,5000,22,1+1,"Litvínov - Horní Litvínov, okres Most",Litvínov - Horní Litvínov
2328,8000,42,3+kk,"Teplice - Trnovany, okres Teplice",Teplice - Trnovany
2329,4000,12,1+kk,"Litvínov - Horní Litvínov, okres Most",Litvínov - Horní Litvínov
2330,7000,39,3+1,Chomutov,Chomutov
2331,4000,13,1+kk,Chomutov,Chomutov
2332,7000,31,2+1,"Litoměřice - Předměstí, okres Litoměřice",Litoměřice - Předměstí
2334,5000,26,2+kk,"Děčín - Děčín IX-Bynov, okres Děčín",Děčín - Děčín IX-Bynov
2335,6000,31,2+1,"Litvínov - Horní Litvínov, okres Most",Litvínov - Horní Litvínov
2336,8000,45,3+1,"Bílina - Teplické Předměstí, okres Teplice",Bílina - Teplické Předměstí
2337,8000,49,4+1,"Litvínov - Janov, okres Most",Litvínov - Janov
2338,8000,35,2+1,"Ústí nad Labem - Severní Terasa, okres Ústí nad Labem",Ústí nad Labem - Severní Terasa
2339,4000,19,1+1,"Ústí nad Labem - Severní Terasa, okres Ústí nad Labem",Ústí nad Labem - Severní Terasa
2340,7000,50,3+kk,"Litvínov - Horní Litvínov, okres Most",Litvínov - Horní Litvínov
2342,5000,21,1+1,Louny,Louny
2343,5000,21,1+1,Louny,Louny
2344,4000,21,1+1,"Ústí nad Labem - Severní Terasa, okres Ústí nad Labem",Ústí nad Labem - Severní Terasa
2345,7000,38,2+1,"Ústí nad Labem - Severní Terasa, okres Ústí nad Labem",Ústí nad Labem - Severní Terasa
2349,5000,21,2+kk,Teplice,Teplice
2350,7000,34,2+1,"Litvínov - Horní Litvínov, okres Most",Litvínov - Horní Litvínov
2351,6000,29,2+kk,"Ústí nad Labem - Střekov, okres Ústí nad Labem",Ústí nad Labem - Střekov
2353,9000,44,3+1,"Lovosice, okres Litoměřice",Lovosice
2354,6000,25,2+kk,Louny,Louny
2357,6000,23,2+kk,Louny,Louny
2359,5000,20,1+1,"Jirkov, okres Chomutov",Jirkov
2361,7000,36,2+1,"Ústí nad Labem - Severní Terasa, okres Ústí nad Labem",Ústí nad Labem - Severní Terasa
2362,4000,21,1+kk,"Litvínov - Horní Litvínov, okres Most",Litvínov - Horní Litvínov
2363,6000,44,3+kk,Most,Most
2365,8000,24,1+1,"Litoměřice - Předměstí, okres Litoměřice",Litoměřice - Předměstí
2366,8000,31,2+1,Most,Most
2367,7000,41,3+1,"Litvínov - Horní Litvínov, okres Most",Litvínov - Horní Litvínov
2370,5000,38,2+1,"Děčín - Děčín IX-Bynov, okres Děčín",Děčín - Děčín IX-Bynov
2371,6000,36,3+1,"Bílina - Teplické Předměstí, okres Teplice",Bílina - Teplické Předměstí
2374,10000,41,3+kk,Most,Most
2375,7000,23,2+kk,Most,Most
2376,5000,20,1+1,"Klášterec nad Ohří - Miřetice u Klášterce nad Ohří, okres Chomutov",Klášterec nad Ohří - Miřetice u Klášterce nad Ohří
2378,9000,41,3+1,"Lovosice, okres Litoměřice",Lovosice
2380,7000,36,2+1,"Ústí nad Labem - Ústí nad Labem-centrum, okres Ústí nad Labem",Ústí nad Labem - Ústí nad Labem-centrum
2381,5000,27,1+1,"Ústí nad Labem - Střekov, okres Ústí nad Labem",Ústí nad Labem - Střekov
2383,8000,38,3+kk,"Ústí nad Labem - Střekov, okres Ústí nad Labem",Ústí nad Labem - Střekov
2384,7000,34,2+1,Chomutov,Chomutov
2385,7000,32,2+1,Most,Most
2387,6000,50,4+kk,"Litvínov - Janov, okres Most",Litvínov - Janov
2388,5000,23,2+kk,"Litvínov - Janov, okres Most",Litvínov - Janov
2389,4000,42,3+1,"Bílina - Teplické Předměstí, okres Teplice",Bílina - Teplické Předměstí
2390,8000,32,2+1,Most,Most
2391,6000,32,3+1,Most,Most
2394,6000,42,3+1,"Jirkov, okres Chomutov",Jirkov
2395,7000,23,2+kk,Chomutov,Chomutov
2396,6000,28,2+1,Teplice,Teplice
2397,8000,41,3+1,Most,Most
2398,7000,40,3+1,Most,Most
2399,6000,31,2+1,Most,Most
2400,7000,32,2+kk,"Ústí nad Labem - Ústí nad Labem-centrum, okres Ústí nad Labem",Ústí nad Labem - Ústí nad Labem-centrum
2401,8000,41,3+1,"Kadaň, okres Chomutov",Kadaň
2402,4000,31,2+kk,"Litvínov - Horní Litvínov, okres Most",Litvínov - Horní Litvínov
2403,4000,20,1+1,Chomutov,Chomutov
2404,6000,22,1+1,"Ústí nad Labem - Ústí nad Labem-centrum, okres Ústí nad Labem",Ústí nad Labem - Ústí nad Labem-centrum
2405,9000,36,2+1,"Ústí nad Labem - Severní Terasa, okres Ústí nad Labem",Ústí nad Labem - Severní Terasa
2406,7000,31,2+1,Most,Most
2407,6000,23,2+kk,Most,Most
2408,5000,49,4+kk,"Litvínov - Janov, okres Most",Litvínov - Janov
2410,4000,42,3+1,"Děčín - Děčín VI-Letná, okres Děčín",Děčín - Děčín VI-Letná
2411,6000,31,2+1,Most,Most
2412,6000,27,2+kk,Louny,Louny
2413,7000,40,3+kk,Most,Most
2415,5000,17,1+1,"Meziboří, okres Most",Meziboří
2416,5000,40,2+kk,Most,Most
2417,5000,23,2+kk,Most,Most
2419,6000,32,2+kk,"Ústí nad Labem - Ústí nad Labem-centrum, okres Ústí nad Labem",Ústí nad Labem - Ústí nad Labem-centrum
2420,8000,35,3+kk,"Roudnice nad Labem, okres Litoměřice",Roudnice nad Labem
2421,4000,21,1+1,Chomutov,Chomutov
2422,7000,22,2+kk,"Litvínov - Horní Litvínov, okres Most",Litvínov - Horní Litvínov
2423,5000,21,1+1,"Jirkov, okres Chomutov",Jirkov
2424,14000,78,4+1,Chomutov,Chomutov
2425,6000,35,2+1,"Žatec, okres Louny",Žatec
2426,10000,32,2+kk,Chomutov,Chomutov
2427,4000,11,1+kk,"Jirkov, okres Chomutov",Jirkov
2429,5000,26,2+kk,Teplice,Teplice
2430,7000,31,2+1,"Ústí nad Labem - Neštěmice, okres Ústí nad Labem",Ústí nad Labem - Neštěmice
2431,5000,33,1+1,"Ústí nad Labem - Ústí nad Labem-centrum, okres Ústí nad Labem",Ústí nad Labem - Ústí nad Labem-centrum
2432,5000,22,1+1,"Ústí nad Labem - Ústí nad Labem-centrum, okres Ústí nad Labem",Ústí nad Labem - Ústí nad Labem-centrum
2433,10000,39,3+kk,"Litoměřice - Předměstí, okres Litoměřice",Litoměřice - Předměstí
2437,8000,31,2+1,"Litvínov - Horní Litvínov, okres Most",Litvínov - Horní Litvínov
2438,7000,31,3+1,Most,Most
2440,10000,36,2+1,"Lovosice, okres Litoměřice",Lovosice
2441,6000,23,2+kk,Most,Most
2443,8000,32,3+1,"Ústí nad Labem - Střekov, okres Ústí nad Labem",Ústí nad Labem - Střekov
2444,9000,31,2+1,Most,Most
2445,8000,35,2+1,"Teplice - Trnovany, okres Teplice",Teplice - Trnovany
2446,6000,21,1+1,"Teplice - Trnovany, okres Teplice",Teplice - Trnovany
2447,8000,35,2+kk,"Teplice - Trnovany, okres Teplice",Teplice - Trnovany
2448,6000,21,1+1,"Teplice - Trnovany, okres Teplice",Teplice - Trnovany
2449,4000,32,1+1,"Bílina - Teplické Předměstí, okres Teplice",Bílina - Teplické Předměstí
2450,10000,26,1+1,Chomutov,Chomutov
2451,6000,20,1+1,"Teplice - Trnovany, okres Teplice",Teplice - Trnovany
2452,4000,22,1+1,"Duchcov, okres Teplice",Duchcov
2453,7000,29,2+1,Chomutov,Chomutov
2454,5000,38,2+1,"Duchcov, okres Teplice",Duchcov
2455,8000,32,2+1,"Jirkov, okres Chomutov",Jirkov
2456,8000,48,3+1,"Jirkov, okres Chomutov",Jirkov
2457,5000,23,1+1,Chomutov,Chomutov
2458,5000,23,1+1,Chomutov,Chomutov
2459,5000,31,2+1,Chomutov,Chomutov
2460,5000,31,2+1,"Jirkov, okres Chomutov",Jirkov
2461,8000,40,3+1,Louny,Louny
2462,5000,33,2+1,Most,Most
2463,4000,22,1+1,"Ústí nad Labem - Severní Terasa, okres Ústí nad Labem",Ústí nad Labem - Severní Terasa
2465,6000,25,2+kk,"Ústí nad Labem - Severní Terasa, okres Ústí nad Labem",Ústí nad Labem - Severní Terasa
2466,8000,34,2+kk,"Teplice - Trnovany, okres Teplice",Teplice - Trnovany
2467,8000,48,3+1,"Jirkov, okres Chomutov",Jirkov
2468,7000,29,2+1,Chomutov,Chomutov
2469,5000,20,1+1,"Klášterec nad Ohří - Miřetice u Klášterce nad Ohří, okres Chomutov",Klášterec nad Ohří - Miřetice u Klášterce nad Ohří
2472,4000,29,2+1,"Jirkov, okres Chomutov",Jirkov
2474,9000,31,3+1,Most,Most
2475,6000,23,1+kk,Most,Most
2476,6000,20,1+1,"Jirkov, okres Chomutov",Jirkov
2477,5000,21,1+1,"Ústí nad Labem - Ústí nad Labem-centrum, okres Ústí nad Labem",Ústí nad Labem - Ústí nad Labem-centrum
2478,7000,37,3+1,Most,Most
2479,4000,22,1+1,"Ústí nad Labem - Střekov, okres Ústí nad Labem",Ústí nad Labem - Střekov
2480,10000,47,3+1,"Duchcov, okres Teplice",Duchcov
2481,7000,39,4+kk,"Meziboří, okres Most",Meziboří
2482,8000,35,2+1,Chomutov,Chomutov
2484,7000,23,2+kk,Most,Most
2485,8000,29,2+1,Louny,Louny
2488,4000,17,1+kk,"Děčín - Děčín IX-Bynov, okres Děčín",Děčín - Děčín IX-Bynov
2489,9000,31,3+kk,Teplice,Teplice
2494,5000,37,3+1,Most,Most
2495,5000,38,3+1,Most,Most
2497,5000,31,2+1,"Duchcov, okres Teplice",Duchcov
2499,7000,28,2+1,"Ústí nad Labem - Ústí nad Labem-centrum, okres Ústí nad Labem",Ústí nad Labem - Ústí nad Labem-centrum
2500,7000,33,2+1,"Kadaň, okres Chomutov",Kadaň
2501,5000,25,2+kk,Teplice,Teplice
2502,5000,32,2+1,"Ústí nad Labem - Ústí nad Labem-centrum, okres Ústí nad Labem",Ústí nad Labem - Ústí nad Labem-centrum
2503,7000,34,2+kk,Teplice,Teplice
2504,9000,42,3+1,"Teplice - Trnovany, okres Teplice",Teplice - Trnovany
2506,6000,32,3+1,Most,Most
2507,7000,47,3+1,"Jirkov, okres Chomutov",Jirkov
2508,4000,20,1+1,Chomutov,Chomutov
2509,10000,75,3+1,"Litoměřice - Předměstí, okres Litoměřice",Litoměřice - Předměstí
2510,4000,22,1+1,"Děčín - Děčín II-Nové Město, okres Děčín",Děčín - Děčín II-Nové Město
2511,7000,44,3+1,"Ústí nad Labem - Krásné Březno, okres Ústí nad Labem",Ústí nad Labem - Krásné Březno
2512,8000,19,1+kk,"Ústí nad Labem - Ústí nad Labem-centrum, okres Ústí nad Labem",Ústí nad Labem - Ústí nad Labem-centrum
2513,7000,38,3+1,"Ústí nad Labem - Střekov, okres Ústí nad Labem",Ústí nad Labem - Střekov
2514,6000,36,3+1,"Most, okres Most",Most
2517,9000,50,2+kk,"Ústí nad Labem - Ústí nad Labem-centrum, okres Ústí nad Labem",Ústí nad Labem - Ústí nad Labem-centrum
2518,6000,40,3+1,"Jirkov, okres Chomutov",Jirkov
2519,4000,25,1+1,"Děčín - Děčín II-Nové Město, okres Děčín",Děčín - Děčín II-Nové Město
2520,5000,37,2+1,"Ústí nad Labem - Střekov, okres Ústí nad Labem",Ústí nad Labem - Střekov
2522,7000,32,2+1,"Klášterec nad Ohří - Miřetice u Klášterce nad Ohří, okres Chomutov",Klášterec nad Ohří - Miřetice u Klášterce nad Ohří
2523,4000,21,1+1,"Děčín - Děčín II-Nové Město, okres Děčín",Děčín - Děčín II-Nové Město
2524,8000,58,3+1,"Děčín - Děčín IV-Podmokly, okres Děčín",Děčín - Děčín IV-Podmokly
2527,5000,37,2+1,"Děčín - Děčín IX-Bynov, okres Děčín",Děčín - Děčín IX-Bynov
2528,9000,49,4+1,"Ústí nad Labem - Krásné Březno, okres Ústí nad Labem",Ústí nad Labem - Krásné Březno
2530,8000,36,2+1,Most,Most
2532,5000,29,2+1,"Ústí nad Labem - Klíše, okres Ústí nad Labem",Ústí nad Labem - Klíše
2533,5000,26,1+1,"Teplice - Trnovany, okres Teplice",Teplice - Trnovany
2534,7000,40,3+kk,"Duchcov, okres Teplice",Duchcov
2535,8000,47,3+kk,"Duchcov, okres Teplice",Duchcov
2536,4000,20,1+1,"Litvínov - Horní Litvínov, okres Most",Litvínov - Horní Litvínov
2537,4000,14,1+kk,Most,Most
2538,7000,44,2+1,"Ústí nad Labem - Klíše, okres Ústí nad Labem",Ústí nad Labem - Klíše
2539,6000,32,2+1,Most,Most
2540,4000,22,2+kk,"Litvínov - Janov, okres Most",Litvínov - Janov
2541,5000,17,1+kk,"Žatec, okres Louny",Žatec
2542,4000,23,1+1,"Děčín - Děčín II-Nové Město, okres Děčín",Děčín - Děčín II-Nové Město
2543,12000,109,5+kk,"Děčín - Děčín II-Nové Město, okres Děčín",Děčín - Děčín II-Nové Město
2544,5000,31,2+1,"Duchcov, okres Teplice",Duchcov
2545,4000,10,1+kk,"Děčín - Děčín II-Nové Město, okres Děčín",Děčín - Děčín II-Nové Město
2546,6000,32,2+1,Most,Most
2547,6000,31,2+1,Most,Most
2548,4000,19,1+1,"Ústí nad Labem - Střekov, okres Ústí nad Labem",Ústí nad Labem - Střekov
2549,6000,32,2+1,Most,Most
2551,4000,21,2+kk,"Děčín - Děčín VI-Letná, okres Děčín",Děčín - Děčín VI-Letná
2552,6000,21,1+1,"Ústí nad Labem - Severní Terasa, okres Ústí nad Labem",Ústí nad Labem - Severní Terasa
2553,4000,24,1+1,"Děčín - Děčín II-Nové Město, okres Děčín",Děčín - Děčín II-Nové Město
2554,4000,21,1+1,"Děčín - Děčín IX-Bynov, okres Děčín",Děčín - Děčín IX-Bynov
2555,7000,32,2+1,"Ústí nad Labem - Severní Terasa, okres Ústí nad Labem",Ústí nad Labem - Severní Terasa
2556,7000,35,2+1,"Duchcov, okres Teplice",Duchcov
2557,10000,65,4+1,Teplice,Teplice
2560,5000,31,2+1,Most,Most
2561,7000,44,2+1,"Ústí nad Labem - Ústí nad Labem-centrum, okres Ústí nad Labem",Ústí nad Labem - Ústí nad Labem-centrum
2562,5000,32,2+1,"Ústí nad Labem - Neštěmice, okres Ústí nad Labem",Ústí nad Labem - Neštěmice
2563,8000,31,2+1,Chomutov,Chomutov
2564,8000,36,3+1,"Teplice - Trnovany, okres Teplice",Teplice - Trnovany
2565,5000,30,1+1,"Litvínov - Horní Litvínov, okres Most",Litvínov - Horní Litvínov
2566,7000,33,2+1,"Ústí nad Labem - Střekov, okres Ústí nad Labem",Ústí nad Labem - Střekov
2568,7000,32,1+1,Chomutov,Chomutov
2569,7000,38,3+1,Most,Most
2570,6000,19,1+1,Most,Most
2571,7000,41,3+1,Most,Most
2572,5000,36,2+1,"Děčín - Děčín II-Nové Město, okres Děčín",Děčín - Děčín II-Nové Město
2573,6000,35,2+1,Teplice,Teplice
2574,5000,35,2+1,Most,Most
2575,8000,37,3+1,Most,Most
2577,6000,32,2+1,"Jirkov, okres Chomutov",Jirkov
2579,7000,32,1+1,Chomutov,Chomutov
2580,7000,38,3+1,Most,Most
2581,6000,19,1+1,Most,Most
2582,7000,41,3+1,Most,Most
2583,5000,36,2+1,"Děčín - Děčín II-Nové Město, okres Děčín",Děčín - Děčín II-Nové Město
2584,6000,35,2+1,Teplice,Teplice
2585,5000,35,2+1,Most,Most
2586,8000,37,3+1,Most,Most
2588,6000,32,2+1,"Jirkov, okres Chomutov",Jirkov
2589,6000,29,2+1,"Jirkov, okres Chomutov",Jirkov
2590,7000,57,3+1,"Děčín - Děčín IV-Podmokly, okres Děčín",Děčín - Děčín IV-Podmokly
2591,6000,33,2+1,Most,Most
2592,11000,30,2+kk,Teplice,Teplice
2597,7000,35,2+1,"Ústí nad Labem - Severní Terasa, okres Ústí nad Labem",Ústí nad Labem - Severní Terasa
2598,4000,15,1+kk,"Ústí nad Labem - Ústí nad Labem-centrum, okres Ústí nad Labem",Ústí nad Labem - Ústí nad Labem-centrum
2599,7000,21,2+kk,"Ústí nad Labem - Střekov, okres Ústí nad Labem",Ústí nad Labem - Střekov
2600,4000,25,1+1,"Teplice - Trnovany, okres Teplice",Teplice - Trnovany
2601,6000,22,1+1,"Ústí nad Labem - Střekov, okres Ústí nad Labem",Ústí nad Labem - Střekov
2602,8000,35,2+1,"Teplice - Trnovany, okres Teplice",Teplice - Trnovany
2603,5000,25,1+1,"Ústí nad Labem - Severní Terasa, okres Ústí nad Labem",Ústí nad Labem - Severní Terasa
2604,6000,41,3+1,Most,Most
2605,7000,33,2+1,"Bílina - Teplické Předměstí, okres Teplice",Bílina - Teplické Předměstí
2607,10000,63,3+1,Teplice,Teplice
2608,7000,38,2+1,Louny,Louny
2609,4000,11,1+kk,"Ústí nad Labem - Severní Terasa, okres Ústí nad Labem",Ústí nad Labem - Severní Terasa
2614,4000,12,1+kk,"Kadaň, okres Chomutov",Kadaň
2615,7000,39,2+1,"Žatec, okres Louny",Žatec
2616,5000,23,2+kk,Louny,Louny
2617,7000,24,2+1,Most,Most
2618,5000,32,2+1,"Jirkov, okres Chomutov",Jirkov
2619,6000,20,1+1,"Ústí nad Labem - Severní Terasa, okres Ústí nad Labem",Ústí nad Labem - Severní Terasa
2620,5000,45,2+1,Most,Most
2621,7000,22,1+kk,Teplice,Teplice
2623,4000,22,1+1,Chomutov,Chomutov
2624,5000,26,1+1,"Bílina - Teplické Předměstí, okres Teplice",Bílina - Teplické Předměstí
2625,13000,65,3+1,"Duchcov, okres Teplice",Duchcov
2626,9000,41,2+1,"Duchcov, okres Teplice",Duchcov
2627,7000,36,2+1,Chomutov,Chomutov
2629,4000,25,1+1,"Děčín - Děčín II-Nové Město, okres Děčín",Děčín - Děčín II-Nové Město
2630,7000,24,2+kk,"Bílina - Teplické Předměstí, okres Teplice",Bílina - Teplické Předměstí
2631,5000,28,2+kk,"Děčín - Děčín VI-Letná, okres Děčín",Děčín - Děčín VI-Letná
2632,6000,26,2+kk,Most,Most
2634,6000,22,1+1,"Roudnice nad Labem, okres Litoměřice",Roudnice nad Labem
2636,7000,25,1+1,"Jirkov, okres Chomutov",Jirkov
2637,8000,23,2+kk,"Roudnice nad Labem, okres Litoměřice",Roudnice nad Labem
2638,6000,39,3+1,"Ústí nad Labem - Střekov, okres Ústí nad Labem",Ústí nad Labem - Střekov
2639,9000,40,3+kk,"Litoměřice - Předměstí, okres Litoměřice",Litoměřice - Předměstí
2640,7000,34,2+1,Teplice,Teplice
2641,5000,23,1+kk,Teplice,Teplice
2642,8000,37,3+1,Most,Most
2643,8000,39,3+1,Most,Most
2644,4000,18,1+kk,Teplice,Teplice
2645,4000,36,2+1,Chomutov,Chomutov
2646,5000,35,2+1,"Bílina - Teplické Předměstí, okres Teplice",Bílina - Teplické Předměstí
2648,8000,49,4+1,"Ústí nad Labem - Krásné Březno, okres Ústí nad Labem",Ústí nad Labem - Krásné Březno
2649,5000,26,2+kk,Teplice,Teplice
2650,4000,11,1+kk,Chomutov,Chomutov
2654,4000,19,1+kk,"Ústí nad Labem - Ústí nad Labem-centrum, okres Ústí nad Labem",Ústí nad Labem - Ústí nad Labem-centrum
2655,5000,38,2+1,Chomutov,Chomutov
2656,7000,52,4+1,"Ústí nad Labem - Krásné Březno, okres Ústí nad Labem",Ústí nad Labem - Krásné Březno
2657,7000,33,2+1,"Kadaň, okres Chomutov",Kadaň
2658,9000,29,2+1,"Meziboří, okres Most",Meziboří
2659,4000,22,1+1,"Ústí nad Labem - Ústí nad Labem-centrum, okres Ústí nad Labem",Ústí nad Labem - Ústí nad Labem-centrum
2660,8000,45,4+1,"Ústí nad Labem - Krásné Březno, okres Ústí nad Labem",Ústí nad Labem - Krásné Březno
2661,7000,28,1+1,"Jirkov, okres Chomutov",Jirkov
2663,4000,13,1+kk,"Ústí nad Labem - Ústí nad Labem-centrum, okres Ústí nad Labem",Ústí nad Labem - Ústí nad Labem-centrum
2664,14000,95,3+1,Teplice,Teplice
2665,4000,13,1+kk,Most,Most
2666,6000,25,2+kk,"Ústí nad Labem - Severní Terasa, okres Ústí nad Labem",Ústí nad Labem - Severní Terasa
2667,6000,32,3+1,Most,Most
2668,5000,29,2+kk,"Ústí nad Labem - Klíše, okres Ústí nad Labem",Ústí nad Labem - Klíše
2671,5000,31,2+1,"Bílina - Teplické Předměstí, okres Teplice",Bílina - Teplické Předměstí
2675,5000,33,2+1,"Bílina - Teplické Předměstí, okres Teplice",Bílina - Teplické Předměstí
2676,7000,33,2+1,Most,Most
2677,7000,23,2+kk,Most,Most
2678,4000,20,1+1,"Ústí nad Labem - Ústí nad Labem-centrum, okres Ústí nad Labem",Ústí nad Labem - Ústí nad Labem-centrum
2679,6000,34,1+1,"Ústí nad Labem - Klíše, okres Ústí nad Labem",Ústí nad Labem - Klíše
2680,7000,48,3+1,"Ústí nad Labem - Střekov, okres Ústí nad Labem",Ústí nad Labem - Střekov
2681,4000,16,1+kk,"Ústí nad Labem - Ústí nad Labem-centrum, okres Ústí nad Labem",Ústí nad Labem - Ústí nad Labem-centrum
2682,11000,65,4+1,Most,Most
2683,7000,41,3+1,"Litvínov - Janov, okres Most",Litvínov - Janov
2684,7000,40,4+kk,"Litvínov - Janov, okres Most",Litvínov - Janov
2685,4000,23,2+kk,"Litvínov - Janov, okres Most",Litvínov - Janov
2686,7000,20,1+1,"Jirkov, okres Chomutov",Jirkov
2687,4000,24,1+1,"Ústí nad Labem - Ústí nad Labem-centrum, okres Ústí nad Labem",Ústí nad Labem - Ústí nad Labem-centrum
2688,5000,29,2+kk,"Litvínov - Horní Litvínov, okres Most",Litvínov - Horní Litvínov
2689,7000,43,3+1,"Teplice - Trnovany, okres Teplice",Teplice - Trnovany
2690,4000,21,1+1,"Děčín - Děčín II-Nové Město, okres Děčín",Děčín - Děčín II-Nové Město
2691,5000,39,3+1,"Jirkov, okres Chomutov",Jirkov
2692,6000,36,2+1,Chomutov,Chomutov
2693,5000,22,1+1,"Teplice - Trnovany, okres Teplice",Teplice - Trnovany
2694,5000,20,1+1,"Děčín - Děčín VI-Letná, okres Děčín",Děčín - Děčín VI-Letná
2696,7000,58,2+kk,"Ústí nad Labem - Krásné Březno, okres Ústí nad Labem",Ústí nad Labem - Krásné Březno
2697,4000,19,1+kk,Teplice,Teplice
2698,4000,19,1+kk,Teplice,Teplice
2699,4000,21,1+1,Chomutov,Chomutov
2700,8000,28,2+kk,"Roudnice nad Labem, okres Litoměřice",Roudnice nad Labem
2701,5000,32,2+1,Most,Most
2704,16000,173,other,"Ústí nad Labem - Klíše, okres Ústí nad Labem",Ústí nad Labem - Klíše
2705,7000,44,2+1,"Děčín - Děčín IV-Podmokly, okres Děčín",Děčín - Děčín IV-Podmokly
2706,5000,23,2+kk,Louny,Louny
2707,7000,32,2+1,"Děčín - Děčín II-Nové Město, okres Děčín",Děčín - Děčín II-Nové Město
2708,8000,41,2+kk,Chomutov,Chomutov
2710,10000,33,2+1,"Lovosice, okres Litoměřice",Lovosice
2711,7000,32,1+1,Most,Most
2714,10000,32,2+1,Most,Most
2716,4000,14,1+kk,"Ústí nad Labem - Ústí nad Labem-centrum, okres Ústí nad Labem",Ústí nad Labem - Ústí nad Labem-centrum
2717,4000,38,other,"Litoměřice - Předměstí, okres Litoměřice",Litoměřice - Předměstí
2721,4000,26,1+1,"Děčín - Děčín VI-Letná, okres Děčín",Děčín - Děčín VI-Letná
2723,5000,16,1+kk,Chomutov,Chomutov
2725,4000,23,2+kk,Most,Most
2727,6000,38,2+1,Teplice,Teplice
2728,6000,36,2+1,"Ústí nad Labem - Severní Terasa, okres Ústí nad Labem",Ústí nad Labem - Severní Terasa
2729,5000,31,2+1,"Kadaň, okres Chomutov",Kadaň
2730,11000,65,4+1,"Litoměřice - Předměstí, okres Litoměřice",Litoměřice - Předměstí
2731,7000,31,2+1,Chomutov,Chomutov
2732,9000,35,3+kk,"Litoměřice - Předměstí, okres Litoměřice",Litoměřice - Předměstí
2734,5000,20,1+1,Chomutov,Chomutov
2735,4000,25,1+1,"Ústí nad Labem - Klíše, okres Ústí nad Labem",Ústí nad Labem - Klíše
2737,4000,20,1+kk,"Ústí nad Labem - Krásné Březno, okres Ústí nad Labem",Ústí nad Labem - Krásné Březno
2739,4000,20,1+kk,"Bílina - Teplické Předměstí, okres Teplice",Bílina - Teplické Předměstí
2740,6000,29,2+1,"Děčín - Děčín VI-Letná, okres Děčín",Děčín - Děčín VI-Letná
2741,4000,14,1+kk,Chomutov,Chomutov
2742,10000,47,3+kk,"Teplice - Trnovany, okres Teplice",Teplice - Trnovany
2745,7000,36,2+1,Chomutov,Chomutov
2746,4000,20,1+1,Chomutov,Chomutov
2747,5000,22,1+1,"Klášterec nad Ohří - Miřetice u Klášterce nad Ohří, okres Chomutov",Klášterec nad Ohří - Miřetice u Klášterce nad Ohří
2749,7000,32,2+kk,Most,Most
2750,5000,36,2+1,Chomutov,Chomutov
2751,13000,46,3+kk,"Kadaň, okres Chomutov",Kadaň
2752,12000,37,2+kk,"Kadaň, okres Chomutov",Kadaň
2753,11000,42,3+kk,Teplice,Teplice
2754,7000,38,2+kk,"Ústí nad Labem - Ústí nad Labem-centrum, okres Ústí nad Labem",Ústí nad Labem - Ústí nad Labem-centrum
2755,4000,34,2+1,"Bílina - Teplické Předměstí, okres Teplice",Bílina - Teplické Předměstí
2756,5000,25,2+kk,Most,Most
2758,11000,42,3+kk,Teplice,Teplice
2759,7000,38,2+kk,"Ústí nad Labem - Ústí nad Labem-centrum, okres Ústí nad Labem",Ústí nad Labem - Ústí nad Labem-centrum
2760,4000,34,2+1,"Bílina - Teplické Předměstí, okres Teplice",Bílina - Teplické Předměstí
2761,5000,25,2+kk,Most,Most
2763,10000,62,3+1,"Ústí nad Labem - Ústí nad Labem-centrum, okres Ústí nad Labem",Ústí nad Labem - Ústí nad Labem-centrum
2765,4000,22,1+1,"Bílina - Teplické Předměstí, okres Teplice",Bílina - Teplické Předměstí
2766,8000,31,2+1,Teplice,Teplice
2767,5000,23,2+kk,Most,Most
2770,4000,35,2+1,Most,Most
2771,5000,16,1+kk,"Klášterec nad Ohří - Miřetice u Klášterce nad Ohří, okres Chomutov",Klášterec nad Ohří - Miřetice u Klášterce nad Ohří
2772,4000,19,1+1,"Jirkov, okres Chomutov",Jirkov
2773,5000,22,1+1,"Jirkov, okres Chomutov",Jirkov
2774,7000,37,2+1,Chomutov,Chomutov
2777,4000,28,1+1,"Ústí nad Labem - Klíše, okres Ústí nad Labem",Ústí nad Labem - Klíše
2778,11000,41,2+kk,Teplice,Teplice
2779,4000,15,1+kk,"Děčín - Děčín VI-Letná, okres Děčín",Děčín - Děčín VI-Letná
2783,5000,20,1+1,Chomutov,Chomutov
2785,7000,42,3+kk,"Duchcov, okres Teplice",Duchcov
2786,7000,35,2+1,Chomutov,Chomutov
2787,4000,20,1+1,Chomutov,Chomutov
2788,4000,21,1+1,Chomutov,Chomutov
2789,7000,22,1+kk,Teplice,Teplice
2792,4000,25,1+1,Chomutov,Chomutov
2794,5000,20,1+1,Chomutov,Chomutov
2795,5000,38,1+1,"Ústí nad Labem - Ústí nad Labem-centrum, okres Ústí nad Labem",Ústí nad Labem - Ústí nad Labem-centrum
2796,5000,38,2+1,"Děčín - Děčín IV-Podmokly, okres Děčín",Děčín - Děčín IV-Podmokly
2797,5000,26,1+1,"Děčín - Děčín IX-Bynov, okres Děčín",Děčín - Děčín IX-Bynov
2798,5000,26,2+kk,"Děčín - Děčín IX-Bynov, okres Děčín",Děčín - Děčín IX-Bynov
2799,8000,37,2+1,"Ústí nad Labem - Neštěmice, okres Ústí nad Labem",Ústí nad Labem - Neštěmice
2800,7000,50,4+1,Chomutov,Chomutov
2801,4000,32,2+1,"Bílina - Teplické Předměstí, okres Teplice",Bílina - Teplické Předměstí
2803,4000,20,1+1,"Ústí nad Labem - Severní Terasa, okres Ústí nad Labem",Ústí nad Labem - Severní Terasa
2804,5000,30,2+kk,"Ústí nad Labem - Ústí nad Labem-centrum, okres Ústí nad Labem",Ústí nad Labem - Ústí nad Labem-centrum
2805,5000,30,2+kk,"Ústí nad Labem - Ústí nad Labem-centrum, okres Ústí nad Labem",Ústí nad Labem - Ústí nad Labem-centrum
2806,5000,27,2+kk,"Ústí nad Labem - Krásné Březno, okres Ústí nad Labem",Ústí nad Labem - Krásné Březno
2807,4000,38,2+1,Chomutov,Chomutov
2810,7000,53,4+kk,"Ústí nad Labem - Střekov, okres Ústí nad Labem",Ústí nad Labem - Střekov
2811,10000,44,3+kk,Chomutov,Chomutov
2813,7000,29,2+kk,Chomutov,Chomutov
2814,11000,32,2+1,Chomutov,Chomutov
2816,13000,65,3+1,"Duchcov, okres Teplice",Duchcov
2817,8000,44,3+kk,Chomutov,Chomutov
2818,5000,20,2+kk,"Děčín - Děčín VI-Letná, okres Děčín",Děčín - Děčín VI-Letná
2819,9000,36,2+1,Teplice,Teplice
2820,5000,20,1+1,"Bílina - Teplické Předměstí, okres Teplice",Bílina - Teplické Předměstí
2825,4000,23,2+kk,"Děčín - Děčín IV-Podmokly, okres Děčín",Děčín - Děčín IV-Podmokly
2826,8000,31,2+kk,Most,Most
2830,4000,20,1+1,"Ústí nad Labem - Ústí nad Labem-centrum, okres Ústí nad Labem",Ústí nad Labem - Ústí nad Labem-centrum
2831,5000,38,3+1,Most,Most
2832,9000,42,2+1,"Duchcov, okres Teplice",Duchcov
2833,5000,24,1+1,"Duchcov, okres Teplice",Duchcov
2834,4000,16,1+kk,"Litvínov - Horní Litvínov, okres Most",Litvínov - Horní Litvínov
2835,8000,38,3+kk,Chomutov,Chomutov
2836,6000,32,2+1,"Ústí nad Labem - Neštěmice, okres Ústí nad Labem",Ústí nad Labem - Neštěmice
2837,5000,26,2+kk,"Ústí nad Labem - Ústí nad Labem-centrum, okres Ústí nad Labem",Ústí nad Labem - Ústí nad Labem-centrum
2838,6000,26,1+1,"Žatec, okres Louny",Žatec
2840,4000,22,1+1,Most,Most
2844,5000,38,2+1,"Jirkov, okres Chomutov",Jirkov
2845,4000,26,1+1,Teplice,Teplice
2846,8000,35,2+1,Louny,Louny
2847,5000,32,2+1,"Litvínov - Horní Litvínov, okres Most",Litvínov - Horní Litvínov
2848,7000,32,2+1,Chomutov,Chomutov
2849,7000,31,2+1,Chomutov,Chomutov
2850,4000,23,1+1,"Děčín - Děčín IV-Podmokly, okres Děčín",Děčín - Děčín IV-Podmokly
2851,4000,23,1+1,"Děčín - Děčín II-Nové Město, okres Děčín",Děčín - Děčín II-Nové Město
2852,5000,31,2+kk,Most,Most
2853,5000,31,2+1,Most,Most
2854,7000,50,2+kk,"Kadaň, okres Chomutov",Kadaň
2857,8000,53,3+1,Chomutov,Chomutov
2858,5000,25,2+kk,Most,Most
2859,8000,25,2+kk,Most,Most
2860,7000,40,3+1,Chomutov,Chomutov
2861,5000,36,2+1,Chomutov,Chomutov
2862,6000,25,1+1,Chomutov,Chomutov
2863,6000,23,1+1,Chomutov,Chomutov
2865,7000,32,2+1,Chomutov,Chomutov
2871,8000,35,2+kk,Chomutov,Chomutov
2872,8000,41,2+1,Chomutov,Chomutov
2877,5000,30,2+1,"Kadaň, okres Chomutov",Kadaň
2879,4000,23,2+kk,"Litvínov - Janov, okres Most",Litvínov - Janov
2881,9000,57,3+1,Česká Lípa,Česká Lípa
2887,13000,49,3+1,"Liberec - Liberec VI-Rochlice, okres Liberec",Liberec - Liberec VI-Rochlice
2890,5000,20,1+1,Česká Lípa,Česká Lípa
2893,8000,23,2+kk,"Liberec - Liberec VI-Rochlice, okres Liberec",Liberec - Liberec VI-Rochlice
2896,5000,24,1+kk,Jablonec nad Nisou,Jablonec nad Nisou
2899,11000,51,4+1,"Liberec - Liberec VI-Rochlice, okres Liberec",Liberec - Liberec VI-Rochlice
2906,7000,44,3+1,Česká Lípa,Česká Lípa
2908,21000,41,3+1,Jablonec nad Nisou,Jablonec nad Nisou
2911,8000,41,2+kk,Česká Lípa,Česká Lípa
2913,7000,25,2+kk,"Liberec - Liberec VI-Rochlice, okres Liberec",Liberec - Liberec VI-Rochlice
2916,8000,42,3+1,"Liberec - Liberec I-Staré Město, okres Liberec",Liberec - Liberec I-Staré Město
2917,8000,29,3+1,Jablonec nad Nisou,Jablonec nad Nisou
2918,5000,18,1+kk,Česká Lípa,Česká Lípa
2919,6000,33,2+1,Česká Lípa,Česká Lípa
2924,7000,29,2+1,"Česká Lípa, okres Česká Lípa",Česká Lípa
2926,7000,33,2+1,Česká Lípa,Česká Lípa
2928,7000,33,2+1,Česká Lípa,Česká Lípa
2929,6000,17,1+1,"Liberec - Liberec VI-Rochlice, okres Liberec",Liberec - Liberec VI-Rochlice
2930,9000,25,2+1,Česká Lípa,Česká Lípa
2931,6000,36,1+1,Česká Lípa,Česká Lípa
2934,7000,19,1+kk,Česká Lípa,Česká Lípa
2935,6000,22,1+1,Česká Lípa,Česká Lípa
2937,8000,35,2+1,"Nový Bor, okres Česká Lípa",Nový Bor
2939,7000,20,1+1,"Liberec - Liberec VI-Rochlice, okres Liberec",Liberec - Liberec VI-Rochlice
2940,10000,38,3+kk,"Liberec - Liberec VI-Rochlice, okres Liberec",Liberec - Liberec VI-Rochlice
2942,10000,32,2+kk,"Liberec - Liberec I-Staré Město, okres Liberec",Liberec - Liberec I-Staré Město
2944,9000,41,2+1,Jablonec nad Nisou,Jablonec nad Nisou
2948,12000,44,2+1,"Liberec - Liberec I-Staré Město, okres Liberec",Liberec - Liberec I-Staré Město
2950,8000,39,2+1,"Liberec - Liberec VI-Rochlice, okres Liberec",Liberec - Liberec VI-Rochlice
2951,6000,31,2+kk,Jablonec nad Nisou,Jablonec nad Nisou
2954,8000,44,3+1,"Liberec - Liberec VI-Rochlice, okres Liberec",Liberec - Liberec VI-Rochlice
2957,7000,21,1+1,Jablonec nad Nisou,Jablonec nad Nisou
2959,7000,34,2+1,Česká Lípa,Česká Lípa
2966,10000,29,2+kk,"Liberec - Liberec I-Staré Město, okres Liberec",Liberec - Liberec I-Staré Město
2968,9000,29,2+kk,Jablonec nad Nisou,Jablonec nad Nisou
2972,9000,41,2+kk,"Liberec - Liberec I-Staré Město, okres Liberec",Liberec - Liberec I-Staré Město
2974,8000,41,3+1,Česká Lípa,Česká Lípa
2977,6000,20,1+kk,Jablonec nad Nisou,Jablonec nad Nisou
2979,5000,25,2+kk,Jablonec nad Nisou,Jablonec nad Nisou
2980,10000,59,2+1,"Liberec - Liberec VI-Rochlice, okres Liberec",Liberec - Liberec VI-Rochlice
2982,13000,42,3+1,"Liberec - Liberec VI-Rochlice, okres Liberec",Liberec - Liberec VI-Rochlice
2984,7000,44,4+1,Česká Lípa,Česká Lípa
2985,8000,25,2+kk,Česká Lípa,Česká Lípa
2986,6000,19,1+1,Jablonec nad Nisou,Jablonec nad Nisou
2988,14000,51,3+kk,Jablonec nad Nisou,Jablonec nad Nisou
2989,8000,38,3+1,Česká Lípa,Česká Lípa
2990,8000,53,3+kk,"Nový Bor, okres Česká Lípa",Nový Bor
2992,9000,44,2+kk,"Liberec - Liberec I-Staré Město, okres Liberec",Liberec - Liberec I-Staré Město
2993,8000,41,3+1,Česká Lípa,Česká Lípa
2994,9000,35,2+kk,"Liberec - Liberec I-Staré Město, okres Liberec",Liberec - Liberec I-Staré Město
3000,8000,23,2+kk,Česká Lípa,Česká Lípa
3003,7000,38,2+kk,Jablonec nad Nisou,Jablonec nad Nisou
3005,8000,32,2+1,Jablonec nad Nisou,Jablonec nad Nisou
3006,10000,95,4+1,Jablonec nad Nisou,Jablonec nad Nisou
3008,7000,30,2+kk,Česká Lípa,Česká Lípa
3011,5000,16,1+kk,"Nový Bor, okres Česká Lípa",Nový Bor
3012,7000,28,2+1,"Liberec - Liberec I-Staré Město, okres Liberec",Liberec - Liberec I-Staré Město
3017,7000,44,3+1,Česká Lípa,Česká Lípa
3018,8000,23,2+kk,Česká Lípa,Česká Lípa
3019,6000,34,2+1,Česká Lípa,Česká Lípa
3020,6000,42,3+1,Česká Lípa,Česká Lípa
3021,6000,38,3+1,Česká Lípa,Česká Lípa
3022,6000,38,3+1,Česká Lípa,Česká Lípa
3023,6000,34,3+1,Česká Lípa,Česká Lípa
3024,7000,29,2+1,"Liberec - Liberec VI-Rochlice, okres Liberec",Liberec - Liberec VI-Rochlice
3026,11000,65,4+1,Jablonec nad Nisou,Jablonec nad Nisou
3029,7000,31,3+kk,Jablonec nad Nisou,Jablonec nad Nisou
3033,8000,30,2+1,Česká Lípa,Česká Lípa
3034,8000,48,3+1,Česká Lípa,Česká Lípa
3037,13000,46,3+kk,"Liberec - Liberec I-Staré Město, okres Liberec",Liberec - Liberec I-Staré Město
3039,4000,14,1+1,Česká Lípa,Česká Lípa
3046,6000,11,1+kk,Jablonec nad Nisou,Jablonec nad Nisou
3049,7000,23,2+kk,Česká Lípa,Česká Lípa
3054,7000,20,1+1,"Liberec - Liberec I-Staré Město, okres Liberec",Liberec - Liberec I-Staré Město
3055,7000,26,2+kk,"Liberec - Liberec I-Staré Město, okres Liberec",Liberec - Liberec I-Staré Město
3059,6000,25,2+kk,Česká Lípa,Česká Lípa
3062,6000,25,2+kk,Česká Lípa,Česká Lípa
3063,6000,33,2+1,Česká Lípa,Česká Lípa
3066,9000,44,3+1,Jablonec nad Nisou,Jablonec nad Nisou
3067,7000,35,2+1,Česká Lípa,Česká Lípa
3068,7000,36,2+kk,Jablonec nad Nisou,Jablonec nad Nisou
3069,8000,22,2+kk,"Liberec - Liberec VI-Rochlice, okres Liberec",Liberec - Liberec VI-Rochlice
3072,6000,38,2+1,Česká Lípa,Česká Lípa
3073,10000,49,4+1,"Liberec - Liberec I-Staré Město, okres Liberec",Liberec - Liberec I-Staré Město
3078,7000,16,1+kk,"Liberec - Liberec VI-Rochlice, okres Liberec",Liberec - Liberec VI-Rochlice
3079,8000,38,2+kk,"Liberec - Liberec I-Staré Město, okres Liberec",Liberec - Liberec I-Staré Město
3080,8000,28,2+kk,"Liberec - Liberec VI-Rochlice, okres Liberec",Liberec - Liberec VI-Rochlice
3083,8000,31,2+1,"Liberec - Liberec I-Staré Město, okres Liberec",Liberec - Liberec I-Staré Město
3086,8000,23,2+kk,Česká Lípa,Česká Lípa
3087,8000,44,3+1,Česká Lípa,Česká Lípa
3091,9000,35,2+1,"Liberec - Liberec I-Staré Město, okres Liberec",Liberec - Liberec I-Staré Město
3095,4000,17,1+kk,Česká Lípa,Česká Lípa
3101,9000,32,2+1,Česká Lípa,Česká Lípa
3105,7000,30,2+kk,"Nový Bor, okres Česká Lípa",Nový Bor
3106,7000,35,2+kk,Jablonec nad Nisou,Jablonec nad Nisou
3108,8000,24,2+kk,"Liberec - Liberec VI-Rochlice, okres Liberec",Liberec - Liberec VI-Rochlice
3109,11000,49,3+1,"Liberec - Liberec VI-Rochlice, okres Liberec",Liberec - Liberec VI-Rochlice
3112,7000,36,2+1,Česká Lípa,Česká Lípa
3113,11000,44,3+1,"Liberec - Liberec VI-Rochlice, okres Liberec",Liberec - Liberec VI-Rochlice
3115,6000,34,3+1,Česká Lípa,Česká Lípa
3116,6000,38,3+1,Česká Lípa,Česká Lípa
3117,7000,42,3+1,Česká Lípa,Česká Lípa
3118,6000,42,3+1,Česká Lípa,Česká Lípa
3119,6000,42,3+1,Česká Lípa,Česká Lípa
3120,6000,36,2+kk,"Nový Bor, okres Česká Lípa",Nový Bor
3121,6000,33,2+kk,"Nový Bor, okres Česká Lípa",Nový Bor
3124,14000,48,4+kk,"Liberec - Liberec VI-Rochlice, okres Liberec",Liberec - Liberec VI-Rochlice
3134,5000,16,1+kk,"Nový Bor, okres Česká Lípa",Nový Bor
3144,8000,29,2+kk,Česká Lípa,Česká Lípa
3145,8000,20,2+kk,Česká Lípa,Česká Lípa
3148,10000,38,3+kk,Česká Lípa,Česká Lípa
3149,6000,27,1+1,Česká Lípa,Česká Lípa
3151,8000,23,3+kk,"Liberec - Liberec I-Staré Město, okres Liberec",Liberec - Liberec I-Staré Město
3152,8000,44,3+1,Česká Lípa,Česká Lípa
3154,5000,37,2+1,Česká Lípa,Česká Lípa
3163,7000,32,2+1,Česká Lípa,Česká Lípa
3164,6000,23,2+kk,Česká Lípa,Česká Lípa
3165,12000,41,3+kk,"Jablonec nad Nisou, okres Jablonec nad Nisou",Jablonec nad Nisou
3167,4000,16,1+kk,Česká Lípa,Česká Lípa
3168,7000,33,2+1,Česká Lípa,Česká Lípa
3174,7000,25,2+kk,Česká Lípa,Česká Lípa
3176,5000,11,1+kk,"Liberec - Liberec I-Staré Město, okres Liberec",Liberec - Liberec I-Staré Město
3178,8000,41,3+1,Česká Lípa,Česká Lípa
3180,7000,59,2+1,"Nový Bor, okres Česká Lípa",Nový Bor
3185,7000,35,2+1,Česká Lípa,Česká Lípa
3194,6000,28,2+kk,"Nový Bor, okres Česká Lípa",Nový Bor
3196,8000,20,1+1,Česká Lípa,Česká Lípa
3197,8000,50,3+1,"Nový Bor, okres Česká Lípa",Nový Bor
3201,7000,20,1+1,Jablonec nad Nisou,Jablonec nad Nisou
3202,8000,32,3+kk,Česká Lípa,Česká Lípa
3203,6000,31,2+1,Česká Lípa,Česká Lípa
3204,6000,38,3+1,Česká Lípa,Česká Lípa
3210,7000,36,3+1,Česká Lípa,Česká Lípa
3213,6000,37,2+1,"Nový Bor, okres Česká Lípa",Nový Bor
3216,4000,22,1+kk,Česká Lípa,Česká Lípa
3218,6000,31,2+1,Česká Lípa,Česká Lípa
3232,7000,20,1+kk,"Hradec Králové - Slezské Předměstí, okres Hradec Králové",Hradec Králové - Slezské Předměstí
3233,6000,21,1+1,"Hradec Králové - Pražské Předměstí, okres Hradec Králové",Hradec Králové - Pražské Předměstí
3234,5000,17,1+kk,"Hradec Králové - Nový Hradec Králové, okres Hradec Králové",Hradec Králové - Nový Hradec Králové
3235,7000,20,1+kk,"Hradec Králové - Kukleny, okres Hradec Králové",Hradec Králové - Kukleny
3236,8000,31,2+kk,Hradec Králové,Hradec Králové
3237,8000,32,2+1,"Hradec Králové - Slezské Předměstí, okres Hradec Králové",Hradec Králové - Slezské Předměstí
3238,7000,20,1+kk,"Hradec Králové - Kukleny, okres Hradec Králové",Hradec Králové - Kukleny
3239,10000,33,2+kk,"Hradec Králové - Pražské Předměstí, okres Hradec Králové",Hradec Králové - Pražské Předměstí
3241,7000,17,1+kk,"Hradec Králové - Třebeš, okres Hradec Králové",Hradec Králové - Třebeš
3247,11000,35,2+1,"Hradec Králové - Pražské Předměstí, okres Hradec Králové",Hradec Králové - Pražské Předměstí
3248,7000,25,1+kk,"Hradec Králové - Třebeš, okres Hradec Králové",Hradec Králové - Třebeš
3250,8000,30,2+1,"Hradec Králové - Nový Hradec Králové, okres Hradec Králové",Hradec Králové - Nový Hradec Králové
3252,8000,34,2+kk,"Hradec Králové, okres Hradec Králové",Hradec Králové
3253,11000,32,3+kk,"Hradec Králové - Pražské Předměstí, okres Hradec Králové",Hradec Králové - Pražské Předměstí
3254,5000,19,1+kk,"Hradec Králové - Pražské Předměstí, okres Hradec Králové",Hradec Králové - Pražské Předměstí
3255,6000,29,other,"Hradec Králové - Pražské Předměstí, okres Hradec Králové",Hradec Králové - Pražské Předměstí
3257,12000,29,2+kk,"Hradec Králové - Nový Hradec Králové, okres Hradec Králové",Hradec Králové - Nový Hradec Králové
3258,7000,14,1+kk,Hradec Králové,Hradec Králové
3263,5000,10,1+kk,"Hradec Králové - Pražské Předměstí, okres Hradec Králové",Hradec Králové - Pražské Předměstí
3264,11000,43,2+1,Hradec Králové,Hradec Králové
3265,9000,26,2+kk,"Hradec Králové - Pražské Předměstí, okres Hradec Králové",Hradec Králové - Pražské Předměstí
3266,9000,34,2+kk,"Hradec Králové, okres Hradec Králové",Hradec Králové
3267,14000,40,3+kk,"Hradec Králové - Nový Hradec Králové, okres Hradec Králové",Hradec Králové - Nový Hradec Králové
3268,11000,35,2+kk,"Hradec Králové - Třebeš, okres Hradec Králové",Hradec Králové - Třebeš
3269,12000,35,2+kk,"Hradec Králové - Kukleny, okres Hradec Králové",Hradec Králové - Kukleny
3271,10000,26,2+kk,"Hradec Králové - Nový Hradec Králové, okres Hradec Králové",Hradec Králové - Nový Hradec Králové
3272,10000,52,2+1,Hradec Králové,Hradec Králové
3275,8000,33,2+kk,Hradec Králové,Hradec Králové
3276,7000,20,1+kk,"Hradec Králové - Nový Hradec Králové, okres Hradec Králové",Hradec Králové - Nový Hradec Králové
3277,8000,16,1+kk,Hradec Králové,Hradec Králové
3278,10000,26,2+kk,"Hradec Králové - Pražské Předměstí, okres Hradec Králové",Hradec Králové - Pražské Předměstí
3280,10000,31,2+kk,"Hradec Králové - Nový Hradec Králové, okres Hradec Králové",Hradec Králové - Nový Hradec Králové
3281,8000,20,1+kk,"Hradec Králové - Pražské Předměstí, okres Hradec Králové",Hradec Králové - Pražské Předměstí
3285,13000,58,3+1,"Hradec Králové - Pražské Předměstí, okres Hradec Králové",Hradec Králové - Pražské Předměstí
3288,9000,26,2+kk,"Hradec Králové - Nový Hradec Králové, okres Hradec Králové",Hradec Králové - Nový Hradec Králové
3289,8000,16,1+kk,"Hradec Králové - Nový Hradec Králové, okres Hradec Králové",Hradec Králové - Nový Hradec Králové
3290,8000,16,1+kk,"Hradec Králové - Nový Hradec Králové, okres Hradec Králové",Hradec Králové - Nový Hradec Králové
3291,7000,26,2+kk,"Hradec Králové - Nový Hradec Králové, okres Hradec Králové",Hradec Králové - Nový Hradec Králové
3293,5000,10,1+kk,"Hradec Králové - Pražské Předměstí, okres Hradec Králové",Hradec Králové - Pražské Předměstí
3294,11000,43,2+1,Hradec Králové,Hradec Králové
3295,9000,26,2+kk,"Hradec Králové - Pražské Předměstí, okres Hradec Králové",Hradec Králové - Pražské Předměstí
3296,9000,34,2+kk,"Hradec Králové, okres Hradec Králové",Hradec Králové
3297,14000,40,3+kk,"Hradec Králové - Nový Hradec Králové, okres Hradec Králové",Hradec Králové - Nový Hradec Králové
3298,11000,35,2+kk,"Hradec Králové - Třebeš, okres Hradec Králové",Hradec Králové - Třebeš
3299,12000,35,2+kk,"Hradec Králové - Kukleny, okres Hradec Králové",Hradec Králové - Kukleny
3300,10000,26,2+kk,"Hradec Králové - Nový Hradec Králové, okres Hradec Králové",Hradec Králové - Nový Hradec Králové
3301,10000,52,2+1,Hradec Králové,Hradec Králové
3304,8000,33,2+kk,Hradec Králové,Hradec Králové
3305,7000,20,1+kk,"Hradec Králové - Nový Hradec Králové, okres Hradec Králové",Hradec Králové - Nový Hradec Králové
3306,8000,16,1+kk,Hradec Králové,Hradec Králové
3307,10000,26,2+kk,"Hradec Králové - Pražské Předměstí, okres Hradec Králové",Hradec Králové - Pražské Předměstí
3309,10000,31,2+kk,"Hradec Králové - Nový Hradec Králové, okres Hradec Králové",Hradec Králové - Nový Hradec Králové
3310,8000,20,1+kk,"Hradec Králové - Pražské Předměstí, okres Hradec Králové",Hradec Králové - Pražské Předměstí
3314,13000,58,3+1,"Hradec Králové - Pražské Předměstí, okres Hradec Králové",Hradec Králové - Pražské Předměstí
3317,9000,26,2+kk,"Hradec Králové - Nový Hradec Králové, okres Hradec Králové",Hradec Králové - Nový Hradec Králové
3318,8000,16,1+kk,"Hradec Králové - Nový Hradec Králové, okres Hradec Králové",Hradec Králové - Nový Hradec Králové
3319,8000,16,1+kk,"Hradec Králové - Nový Hradec Králové, okres Hradec Králové",Hradec Králové - Nový Hradec Králové
3320,7000,26,2+kk,"Hradec Králové - Nový Hradec Králové, okres Hradec Králové",Hradec Králové - Nový Hradec Králové
3322,8000,46,2+kk,"Vrchlabí, okres Trutnov",Vrchlabí
3325,11000,49,3+1,"Hradec Králové - Nový Hradec Králové, okres Hradec Králové",Hradec Králové - Nový Hradec Králové
3326,8000,29,2+kk,Hradec Králové,Hradec Králové
3327,6000,22,1+1,"Hradec Králové - Nový Hradec Králové, okres Hradec Králové",Hradec Králové - Nový Hradec Králové
3328,5000,23,1+1,Náchod,Náchod
3329,8000,22,1+kk,"Hradec Králové - Nový Hradec Králové, okres Hradec Králové",Hradec Králové - Nový Hradec Králové
3330,8000,23,1+kk,"Hradec Králové - Nový Hradec Králové, okres Hradec Králové",Hradec Králové - Nový Hradec Králové
3331,8000,29,2+kk,"Hradec Králové, okres Hradec Králové",Hradec Králové
3332,8000,33,2+1,"Vrchlabí, okres Trutnov",Vrchlabí
3334,7000,31,2+kk,Náchod,Náchod
3337,9000,31,2+kk,"Hradec Králové - Slezské Předměstí, okres Hradec Králové",Hradec Králové - Slezské Předměstí
3341,13000,44,3+kk,"Hradec Králové - Pražské Předměstí, okres Hradec Králové",Hradec Králové - Pražské Předměstí
3342,11000,33,3+kk,"Hradec Králové - Slezské Předměstí, okres Hradec Králové",Hradec Králové - Slezské Předměstí
3346,11000,57,atypické,"Hradec Králové - Třebeš, okres Hradec Králové",Hradec Králové - Třebeš
3348,8000,29,2+kk,"Hradec Králové - Pražské Předměstí, okres Hradec Králové",Hradec Králové - Pražské Předměstí
3350,11000,30,2+kk,Hradec Králové,Hradec Králové
3351,8000,47,3+kk,Hradec Králové,Hradec Králové
3352,6000,21,1+kk,"Hradec Králové - Pražské Předměstí, okres Hradec Králové",Hradec Králové - Pražské Předměstí
3353,5000,16,1+kk,"Hradec Králové - Nový Hradec Králové, okres Hradec Králové",Hradec Králové - Nový Hradec Králové
3356,14000,35,2+kk,"Hradec Králové - Kukleny, okres Hradec Králové",Hradec Králové - Kukleny
3357,8000,32,2+1,"Hradec Králové - Nový Hradec Králové, okres Hradec Králové",Hradec Králové - Nový Hradec Králové
3359,11000,29,1+kk,Hradec Králové,Hradec Králové
3363,11000,44,3+1,"Hradec Králové - Třebeš, okres Hradec Králové",Hradec Králové - Třebeš
3364,8000,39,2+1,"Hradec Králové - Nový Hradec Králové, okres Hradec Králové",Hradec Králové - Nový Hradec Králové
3365,4000,11,other,Hradec Králové,Hradec Králové
3366,8000,21,2+kk,"Hradec Králové - Pražské Předměstí, okres Hradec Králové",Hradec Králové - Pražské Předměstí
3367,13000,47,3+1,"Hradec Králové - Nový Hradec Králové, okres Hradec Králové",Hradec Králové - Nový Hradec Králové
3369,8000,34,1+1,Hradec Králové,Hradec Králové
3370,6000,18,1+kk,"Hradec Králové - Nový Hradec Králové, okres Hradec Králové",Hradec Králové - Nový Hradec Králové
3374,7000,29,2+kk,"Vrchlabí, okres Trutnov",Vrchlabí
3377,7000,39,atypické,"Vrchlabí, okres Trutnov",Vrchlabí
3378,6000,17,1+kk,"Vrchlabí, okres Trutnov",Vrchlabí
3380,11000,45,2+1,"Hradec Králové - Třebeš, okres Hradec Králové",Hradec Králové - Třebeš
3383,19000,56,3+kk,Hradec Králové,Hradec Králové
3389,5000,27,2+kk,Náchod,Náchod
3390,7000,18,1+1,"Hradec Králové, okres Hradec Králové",Hradec Králové
3391,14000,59,2+1,Hradec Králové,Hradec Králové
3393,11000,50,2+1,Hradec Králové,Hradec Králové
3395,8000,23,1+kk,"Hradec Králové - Pražské Předměstí, okres Hradec Králové",Hradec Králové - Pražské Předměstí
3396,12000,58,3+1,"Hradec Králové - Nový Hradec Králové, okres Hradec Králové",Hradec Králové - Nový Hradec Králové
3397,8000,26,1+1,"Hradec Králové - Nový Hradec Králové, okres Hradec Králové",Hradec Králové - Nový Hradec Králové
3398,12000,33,2+kk,"Hradec Králové - Nový Hradec Králové, okres Hradec Králové",Hradec Králové - Nový Hradec Králové
3399,12000,46,2+kk,"Vrchlabí, okres Trutnov",Vrchlabí
3404,8000,26,1+kk,"Hradec Králové - Pražské Předměstí, okres Hradec Králové",Hradec Králové - Pražské Předměstí
3405,7000,17,1+kk,"Hradec Králové - Kukleny, okres Hradec Králové",Hradec Králové - Kukleny
3412,8000,20,2+kk,"Hradec Králové - Pražské Předměstí, okres Hradec Králové",Hradec Králové - Pražské Předměstí
3413,11000,42,3+1,Hradec Králové,Hradec Králové
3415,11000,36,3+kk,Hradec Králové,Hradec Králové
3418,11000,34,3+1,"Hradec Králové - Slezské Předměstí, okres Hradec Králové",Hradec Králové - Slezské Předměstí
3419,11000,32,2+kk,"Hradec Králové - Kukleny, okres Hradec Králové",Hradec Králové - Kukleny
3426,11000,38,3+1,"Hradec Králové - Slezské Předměstí, okres Hradec Králové",Hradec Králové - Slezské Předměstí
3427,8000,20,1+kk,"Hradec Králové - Pražské Předměstí, okres Hradec Králové",Hradec Králové - Pražské Předměstí
3431,11000,47,3+1,"Hradec Králové - Třebeš, okres Hradec Králové",Hradec Králové - Třebeš
3435,12000,46,2+1,Hradec Králové,Hradec Králové
3436,9000,41,2+1,"Hradec Králové - Pražské Předměstí, okres Hradec Králové",Hradec Králové - Pražské Předměstí
3439,16000,61,3+kk,Hradec Králové,Hradec Králové
3443,17000,59,4+kk,Hradec Králové,Hradec Králové
3444,9000,36,2+1,"Hradec Králové, okres Hradec Králové",Hradec Králové
3445,10000,32,2+kk,Hradec Králové,Hradec Králové
3446,8000,18,1+kk,"Hradec Králové - Nový Hradec Králové, okres Hradec Králové",Hradec Králové - Nový Hradec Králové
3455,6000,21,1+1,Náchod,Náchod
3458,8000,27,1+kk,"Hradec Králové - Pražské Předměstí, okres Hradec Králové",Hradec Králové - Pražské Předměstí
3459,14000,40,3+kk,"Hradec Králové - Nový Hradec Králové, okres Hradec Králové",Hradec Králové - Nový Hradec Králové
3462,11000,32,2+kk,"Hradec Králové - Nový Hradec Králové, okres Hradec Králové",Hradec Králové - Nový Hradec Králové
3466,5000,8,1+kk,"Hradec Králové - Kukleny, okres Hradec Králové",Hradec Králové - Kukleny
3468,8000,18,1+kk,"Hradec Králové - Nový Hradec Králové, okres Hradec Králové",Hradec Králové - Nový Hradec Králové
3469,8000,34,2+kk,Hradec Králové,Hradec Králové
3471,7000,17,2+kk,Hradec Králové,Hradec Králové
3472,12000,42,2+1,"Hradec Králové - Nový Hradec Králové, okres Hradec Králové",Hradec Králové - Nový Hradec Králové
3473,8000,26,1+kk,Hradec Králové,Hradec Králové
3474,10000,38,3+1,"Hradec Králové - Slezské Předměstí, okres Hradec Králové",Hradec Králové - Slezské Předměstí
3475,10000,53,3+kk,"Vrchlabí, okres Trutnov",Vrchlabí
3478,12000,37,3+1,"Hradec Králové - Slezské Předměstí, okres Hradec Králové",Hradec Králové - Slezské Předměstí
3479,7000,17,1+kk,Hradec Králové,Hradec Králové
3484,7000,20,1+1,"Hradec Králové - Nový Hradec Králové, okres Hradec Králové",Hradec Králové - Nový Hradec Králové
3485,8000,20,1+kk,"Hradec Králové - Nový Hradec Králové, okres Hradec Králové",Hradec Králové - Nový Hradec Králové
3486,17000,56,4+kk,"Hradec Králové - Nový Hradec Králové, okres Hradec Králové",Hradec Králové - Nový Hradec Králové
3487,12000,39,4+1,Hradec Králové,Hradec Králové
3488,13000,40,4+1,"Hradec Králové - Pražské Předměstí, okres Hradec Králové",Hradec Králové - Pražské Předměstí
3491,8000,39,2+1,Náchod,Náchod
3492,8000,22,1+kk,"Hradec Králové - Kukleny, okres Hradec Králové",Hradec Králové - Kukleny
3494,11000,32,2+kk,"Hradec Králové - Kukleny, okres Hradec Králové",Hradec Králové - Kukleny
3495,12000,41,2+kk,"Hradec Králové - Pražské Předměstí, okres Hradec Králové",Hradec Králové - Pražské Předměstí
3498,6000,14,1+kk,Hradec Králové,Hradec Králové
3501,6000,17,1+kk,"Hradec Králové - Nový Hradec Králové, okres Hradec Králové",Hradec Králové - Nový Hradec Králové
3502,11000,29,2+kk,Hradec Králové,Hradec Králové
3503,8000,35,2+1,"Vrchlabí, okres Trutnov",Vrchlabí
3505,7000,14,1+kk,"Hradec Králové - Kukleny, okres Hradec Králové",Hradec Králové - Kukleny
3507,9000,44,2+1,"Hradec Králové - Pražské Předměstí, okres Hradec Králové",Hradec Králové - Pražské Předměstí
3508,9000,29,2+1,"Hradec Králové - Pražské Předměstí, okres Hradec Králové",Hradec Králové - Pražské Předměstí
3509,11000,42,3+kk,"Vrchlabí, okres Trutnov",Vrchlabí
3510,6000,17,1+kk,"Hradec Králové - Třebeš, okres Hradec Králové",Hradec Králové - Třebeš
3513,9000,39,3+1,"Hradec Králové - Pražské Předměstí, okres Hradec Králové",Hradec Králové - Pražské Předměstí
3514,9000,26,2+kk,"Hradec Králové - Nový Hradec Králové, okres Hradec Králové",Hradec Králové - Nový Hradec Králové
3516,5000,28,2+kk,Náchod,Náchod
3517,11000,35,1+kk,"Hradec Králové - Kukleny, okres Hradec Králové",Hradec Králové - Kukleny
3518,5000,25,2+1,"Vrchlabí, okres Trutnov",Vrchlabí
3519,17000,47,2+1,Hradec Králové,Hradec Králové
3521,4000,22,1+kk,Náchod,Náchod
3524,6000,11,1+kk,"Hradec Králové - Kukleny, okres Hradec Králové",Hradec Králové - Kukleny
3525,4000,20,2+kk,Náchod,Náchod
3528,11000,65,3+1,Náchod,Náchod
3529,10000,52,4+1,Náchod,Náchod
3530,11000,41,3+1,"Hradec Králové - Slezské Předměstí, okres Hradec Králové",Hradec Králové - Slezské Předměstí
3531,9000,27,2+kk,Hradec Králové,Hradec Králové
3533,8000,31,2+1,"Vrchlabí, okres Trutnov",Vrchlabí
3534,32000,81,4+kk,Hradec Králové,Hradec Králové
3541,4000,23,1+1,Náchod,Náchod
3543,11000,35,3+kk,"Vrchlabí, okres Trutnov",Vrchlabí
3546,9000,44,3+kk,Hradec Králové,Hradec Králové
3548,13000,44,2+1,"Hradec Králové - Pražské Předměstí, okres Hradec Králové",Hradec Králové - Pražské Předměstí
3553,7000,27,2+kk,"Hradec Králové - Nový Hradec Králové, okres Hradec Králové",Hradec Králové - Nový Hradec Králové
3557,6000,36,2+1,"Vrchlabí, okres Trutnov",Vrchlabí
3562,11000,36,3+1,"Hradec Králové - Slezské Předměstí, okres Hradec Králové",Hradec Králové - Slezské Předměstí
3566,8000,32,2+kk,Hradec Králové,Hradec Králové
3568,10000,17,2+kk,Hradec Králové,Hradec Králové
3573,7000,26,2+1,"Vrchlabí, okres Trutnov",Vrchlabí
3577,9000,29,3+kk,"Vrchlabí, okres Trutnov",Vrchlabí
3578,12000,65,4+kk,Náchod,Náchod
3583,8000,16,1+kk,"Hradec Králové - Nový Hradec Králové, okres Hradec Králové",Hradec Králové - Nový Hradec Králové
3584,17000,68,4+kk,"Hradec Králové - Třebeš, okres Hradec Králové",Hradec Králové - Třebeš
3592,8000,16,1+kk,"Hradec Králové - Nový Hradec Králové, okres Hradec Králové",Hradec Králové - Nový Hradec Králové
3593,6000,13,1+kk,"Vrchlabí, okres Trutnov",Vrchlabí
3595,8000,47,1+kk,Hradec Králové,Hradec Králové
3603,6000,39,2+1,Náchod,Náchod
3606,9000,20,2+kk,"Hradec Králové - Pražské Předměstí, okres Hradec Králové",Hradec Králové - Pražské Předměstí
3607,8000,31,2+kk,"Vrchlabí, okres Trutnov",Vrchlabí
3608,6000,20,1+1,"Hradec Králové - Nový Hradec Králové, okres Hradec Králové",Hradec Králové - Nový Hradec Králové
3617,6000,25,1+1,Náchod,Náchod
3618,10000,20,1+kk,"Hradec Králové - Nový Hradec Králové, okres Hradec Králové",Hradec Králové - Nový Hradec Králové
3619,10000,24,2+1,"Hradec Králové - Nový Hradec Králové, okres Hradec Králové",Hradec Králové - Nový Hradec Králové
3623,13000,58,1+kk,Hradec Králové,Hradec Králové
3627,4000,16,1+kk,Náchod,Náchod
3630,5000,16,1+kk,"Pardubice - Bílé Předměstí, okres Pardubice",Pardubice - Bílé Předměstí
3632,10000,31,2+kk,"Pardubice - Zelené Předměstí, okres Pardubice",Pardubice - Zelené Předměstí
3634,8000,23,1+kk,"Pardubice - Zelené Předměstí, okres Pardubice",Pardubice - Zelené Předměstí
3636,12000,50,2+1,"Pardubice - Zelené Předměstí, okres Pardubice",Pardubice - Zelené Předměstí
3638,10000,35,2+kk,"Pardubice - Zelené Předměstí, okres Pardubice",Pardubice - Zelené Předměstí
3642,6000,21,1+1,"Chrudim - Chrudim IV, okres Chrudim",Chrudim - Chrudim IV
3645,8000,29,2+kk,"Chrudim - Chrudim IV, okres Chrudim",Chrudim - Chrudim IV
3649,9000,32,2+kk,"Pardubice - Zelené Předměstí, okres Pardubice",Pardubice - Zelené Předměstí
3650,6000,11,other,"Pardubice - Bílé Předměstí, okres Pardubice",Pardubice - Bílé Předměstí
3651,6000,11,other,"Pardubice - Bílé Předměstí, okres Pardubice",Pardubice - Bílé Předměstí
3658,12000,50,3+kk,"Pardubice - Bílé Předměstí, okres Pardubice",Pardubice - Bílé Předměstí
3662,8000,44,2+1,"Pardubice - Zelené Předměstí, okres Pardubice",Pardubice - Zelené Předměstí
3663,9000,45,3+1,"Pardubice - Bílé Předměstí, okres Pardubice",Pardubice - Bílé Předměstí
3664,10000,33,3+1,"Pardubice - Zelené Předměstí, okres Pardubice",Pardubice - Zelené Předměstí
3666,8000,20,1+kk,"Pardubice - Zelené Předměstí, okres Pardubice",Pardubice - Zelené Předměstí
3668,9000,27,2+kk,"Pardubice - Bílé Předměstí, okres Pardubice",Pardubice - Bílé Předměstí
3670,16000,63,3+kk,"Pardubice - Zelené Předměstí, okres Pardubice",Pardubice - Zelené Předměstí
3671,13000,42,3+kk,"Pardubice - Zelené Předměstí, okres Pardubice",Pardubice - Zelené Předměstí
3672,8000,29,2+kk,"Svitavy - Předměstí, okres Svitavy",Svitavy - Předměstí
3674,6000,25,1+1,"Chrudim - Chrudim IV, okres Chrudim",Chrudim - Chrudim IV
3676,7000,12,1+kk,"Pardubice - Bílé Předměstí, okres Pardubice",Pardubice - Bílé Předměstí
3677,8000,25,1+1,"Pardubice - Zelené Předměstí, okres Pardubice",Pardubice - Zelené Předměstí
3683,6000,32,2+1,"Svitavy - Předměstí, okres Svitavy",Svitavy - Předměstí
3685,7000,23,1+kk,"Pardubice - Zelené Předměstí, okres Pardubice",Pardubice - Zelené Předměstí
3689,10000,39,4+kk,"Pardubice - Zelené Předměstí, okres Pardubice",Pardubice - Zelené Předměstí
3698,14000,50,3+kk,"Pardubice - Bílé Předměstí, okres Pardubice",Pardubice - Bílé Předměstí
3699,7000,32,2+1,"Svitavy - Předměstí, okres Svitavy",Svitavy - Předměstí
3702,10000,36,2+kk,"Pardubice - Zelené Předměstí, okres Pardubice",Pardubice - Zelené Předměstí
3703,15000,65,3+kk,"Pardubice - Zelené Předměstí, okres Pardubice",Pardubice - Zelené Předměstí
3704,8000,31,2+1,"Pardubice - Zelené Předměstí, okres Pardubice",Pardubice - Zelené Předměstí
3705,9000,33,2+1,"Pardubice - Zelené Předměstí, okres Pardubice",Pardubice - Zelené Předměstí
3706,8000,35,2+kk,"Pardubice - Bílé Předměstí, okres Pardubice",Pardubice - Bílé Předměstí
3707,10000,25,2+kk,"Pardubice - Zelené Předměstí, okres Pardubice",Pardubice - Zelené Předměstí
3708,8000,29,2+1,"Pardubice - Bílé Předměstí, okres Pardubice",Pardubice - Bílé Předměstí
3709,14000,53,3+kk,"Pardubice - Zelené Předměstí, okres Pardubice",Pardubice - Zelené Předměstí
3712,11000,47,3+kk,"Pardubice - Zelené Předměstí, okres Pardubice",Pardubice - Zelené Předměstí
3718,8000,41,3+kk,"Svitavy - Předměstí, okres Svitavy",Svitavy - Předměstí
3719,5000,20,1+1,"Chrudim - Chrudim IV, okres Chrudim",Chrudim - Chrudim IV
3720,8000,19,1+kk,"Pardubice - Zelené Předměstí, okres Pardubice",Pardubice - Zelené Předměstí
3723,13000,48,3+kk,"Pardubice - Bílé Předměstí, okres Pardubice",Pardubice - Bílé Předměstí
3728,11000,45,3+kk,"Chrudim - Chrudim IV, okres Chrudim",Chrudim - Chrudim IV
3729,7000,33,2+1,"Chrudim - Chrudim IV, okres Chrudim",Chrudim - Chrudim IV
3730,5000,20,1+kk,"Česká Třebová, okres Ústí nad Orlicí",Česká Třebová
3731,5000,11,other,"Pardubice - Bílé Předměstí, okres Pardubice",Pardubice - Bílé Předměstí
3735,6000,23,1+1,"Chrudim - Chrudim IV, okres Chrudim",Chrudim - Chrudim IV
3736,7000,18,1+1,"Chrudim - Chrudim IV, okres Chrudim",Chrudim - Chrudim IV
3742,7000,32,2+1,"Svitavy - Předměstí, okres Svitavy",Svitavy - Předměstí
3746,9000,35,2+kk,"Pardubice - Bílé Předměstí, okres Pardubice",Pardubice - Bílé Předměstí
3747,9000,32,2+kk,"Pardubice - Zelené Předměstí, okres Pardubice",Pardubice - Zelené Předměstí
3748,10000,32,2+1,"Pardubice - Zelené Předměstí, okres Pardubice",Pardubice - Zelené Předměstí
3749,5000,11,other,"Pardubice - Bílé Předměstí, okres Pardubice",Pardubice - Bílé Předměstí
3752,6000,23,1+1,"Chrudim - Chrudim IV, okres Chrudim",Chrudim - Chrudim IV
3753,7000,18,1+1,"Chrudim - Chrudim IV, okres Chrudim",Chrudim - Chrudim IV
3762,9000,35,2+kk,"Pardubice - Bílé Předměstí, okres Pardubice",Pardubice - Bílé Předměstí
3763,10000,32,2+1,"Pardubice - Zelené Předměstí, okres Pardubice",Pardubice - Zelené Předměstí
3765,6000,24,1+1,"Pardubice - Zelené Předměstí, okres Pardubice",Pardubice - Zelené Předměstí
3774,9000,32,2+1,"Pardubice - Zelené Předměstí, okres Pardubice",Pardubice - Zelené Předměstí
3775,8000,29,2+kk,"Chrudim - Chrudim IV, okres Chrudim",Chrudim - Chrudim IV
3778,13000,38,3+kk,"Pardubice - Zelené Předměstí, okres Pardubice",Pardubice - Zelené Předměstí
3789,11000,47,3+kk,"Pardubice - Bílé Předměstí, okres Pardubice",Pardubice - Bílé Předměstí
3792,9000,23,2+kk,"Pardubice - Zelené Předměstí, okres Pardubice",Pardubice - Zelené Předměstí
3795,11000,35,3+kk,"Pardubice - Zelené Předměstí, okres Pardubice",Pardubice - Zelené Předměstí
3797,8000,17,1+1,"Svitavy - Předměstí, okres Svitavy",Svitavy - Předměstí
3798,10000,41,2+kk,"Pardubice - Bílé Předměstí, okres Pardubice",Pardubice - Bílé Předměstí
3799,5000,23,1+1,"Česká Třebová, okres Ústí nad Orlicí",Česká Třebová
3801,7000,33,2+kk,"Svitavy - Předměstí, okres Svitavy",Svitavy - Předměstí
3802,4000,20,1+1,"Svitavy - Předměstí, okres Svitavy",Svitavy - Předměstí
3804,11000,35,2+kk,"Pardubice - Zelené Předměstí, okres Pardubice",Pardubice - Zelené Předměstí
3809,10000,36,3+kk,"Pardubice - Zelené Předměstí, okres Pardubice",Pardubice - Zelené Předměstí
3812,7000,35,2+1,"Svitavy - Předměstí, okres Svitavy",Svitavy - Předměstí
3815,13000,39,2+kk,"Pardubice - Zelené Předměstí, okres Pardubice",Pardubice - Zelené Předměstí
3819,7000,21,1+kk,"Svitavy - Předměstí, okres Svitavy",Svitavy - Předměstí
3823,4000,13,1+kk,"Chrudim - Chrudim IV, okres Chrudim",Chrudim - Chrudim IV
3826,6000,20,1+kk,"Chrudim - Chrudim IV, okres Chrudim",Chrudim - Chrudim IV
3831,8000,36,3+1,"Chrudim - Chrudim IV, okres Chrudim",Chrudim - Chrudim IV
3834,11000,34,3+kk,"Pardubice - Zelené Předměstí, okres Pardubice",Pardubice - Zelené Předměstí
3835,9000,26,2+kk,"Pardubice - Zelené Předměstí, okres Pardubice",Pardubice - Zelené Předměstí
3837,9000,27,2+kk,"Pardubice - Zelené Předměstí, okres Pardubice",Pardubice - Zelené Předměstí
3838,8000,35,2+kk,"Pardubice - Zelené Předměstí, okres Pardubice",Pardubice - Zelené Předměstí
3839,8000,50,3+1,"Pardubice - Zelené Předměstí, okres Pardubice",Pardubice - Zelené Předměstí
3841,7000,27,2+kk,"Svitavy - Předměstí, okres Svitavy",Svitavy - Předměstí
3843,5000,34,2+1,"Česká Třebová, okres Ústí nad Orlicí",Česká Třebová
3850,6000,41,2+kk,"Svitavy - Předměstí, okres Svitavy",Svitavy - Předměstí
3852,15000,40,2+kk,"Pardubice - Zelené Předměstí, okres Pardubice",Pardubice - Zelené Předměstí
3853,8000,39,3+1,"Svitavy - Předměstí, okres Svitavy",Svitavy - Předměstí
3856,10000,50,3+kk,"Česká Třebová, okres Ústí nad Orlicí",Česká Třebová
3857,10000,43,2+kk,"Svitavy - Předměstí, okres Svitavy",Svitavy - Předměstí
3859,14000,53,3+kk,"Pardubice - Zelené Předměstí, okres Pardubice",Pardubice - Zelené Předměstí
3860,6000,16,1+1,"Pardubice - Zelené Předměstí, okres Pardubice",Pardubice - Zelené Předměstí
3861,8000,44,3+kk,"Svitavy - Předměstí, okres Svitavy",Svitavy - Předměstí
3862,11000,34,2+kk,"Pardubice - Zelené Předměstí, okres Pardubice",Pardubice - Zelené Předměstí
3863,8000,26,1+kk,"Pardubice - Zelené Předměstí, okres Pardubice",Pardubice - Zelené Předměstí
3864,4000,34,1+1,"Česká Třebová, okres Ústí nad Orlicí",Česká Třebová
3867,11000,35,3+1,"Svitavy - Předměstí, okres Svitavy",Svitavy - Předměstí
3868,5000,17,1+kk,"Svitavy - Předměstí, okres Svitavy",Svitavy - Předměstí
3869,11000,35,3+1,"Svitavy - Předměstí, okres Svitavy",Svitavy - Předměstí
3870,5000,17,1+kk,"Svitavy - Předměstí, okres Svitavy",Svitavy - Předměstí
3871,6000,17,1+kk,"Svitavy - Předměstí, okres Svitavy",Svitavy - Předměstí
3873,7000,34,2+1,"Česká Třebová, okres Ústí nad Orlicí",Česká Třebová
3874,5000,23,2+kk,"Česká Třebová, okres Ústí nad Orlicí",Česká Třebová
3876,7000,36,2+kk,"Chrudim - Chrudim IV, okres Chrudim",Chrudim - Chrudim IV
3878,4000,23,1+1,"Česká Třebová, okres Ústí nad Orlicí",Česká Třebová
3879,4000,28,1+1,"Česká Třebová, okres Ústí nad Orlicí",Česká Třebová
3880,5000,32,2+kk,"Česká Třebová, okres Ústí nad Orlicí",Česká Třebová
3882,8000,32,2+1,"Chrudim - Chrudim IV, okres Chrudim",Chrudim - Chrudim IV
3889,4000,23,1+1,"Česká Třebová, okres Ústí nad Orlicí",Česká Třebová
3891,8000,39,3+1,"Svitavy - Předměstí, okres Svitavy",Svitavy - Předměstí
3892,5000,24,2+kk,"Svitavy - Předměstí, okres Svitavy",Svitavy - Předměstí
3896,4000,24,1+1,"Česká Třebová, okres Ústí nad Orlicí",Česká Třebová
3900,6000,39,2+1,"Česká Třebová, okres Ústí nad Orlicí",Česká Třebová
3901,7000,39,2+1,"Česká Třebová, okres Ústí nad Orlicí",Česká Třebová
3902,7000,31,1+kk,"Olomouc - Povel, okres Olomouc",Olomouc - Povel
3903,7000,24,1+1,"Olomouc - Povel, okres Olomouc",Olomouc - Povel
3904,8000,43,2+kk,Prostějov,Prostějov
3906,6000,32,2+1,Prostějov,Prostějov
3907,8000,19,1+kk,Olomouc,Olomouc
3908,5000,21,1+1,Šumperk,Šumperk
3909,11000,43,2+kk,"Olomouc - Holice, okres Olomouc",Olomouc - Holice
3910,8000,34,1+kk,"Olomouc - Nová Ulice, okres Olomouc",Olomouc - Nová Ulice
3911,9000,27,2+kk,"Olomouc - Nová Ulice, okres Olomouc",Olomouc - Nová Ulice
3912,13000,44,3+kk,"Olomouc - Slavonín, okres Olomouc",Olomouc - Slavonín
3913,14000,49,4+1,"Olomouc - Neředín, okres Olomouc",Olomouc - Neředín
3914,9000,39,3+1,"Olomouc - Nové Sady, okres Olomouc",Olomouc - Nové Sady
3917,8000,25,1+kk,Olomouc,Olomouc
3918,8000,35,2+kk,Olomouc,Olomouc
3919,7000,20,1+kk,"Olomouc - Řepčín, okres Olomouc",Olomouc - Řepčín
3920,9000,41,2+kk,"Olomouc - Řepčín, okres Olomouc",Olomouc - Řepčín
3921,9000,31,2+kk,"Olomouc - Řepčín, okres Olomouc",Olomouc - Řepčín
3922,11000,47,2+1,Olomouc,Olomouc
3923,7000,18,1+1,"Olomouc - Hodolany, okres Olomouc",Olomouc - Hodolany
3924,17000,65,3+kk,"Olomouc - Nová Ulice, okres Olomouc",Olomouc - Nová Ulice
3925,11000,42,3+kk,"Zábřeh, okres Šumperk",Zábřeh
3926,11000,39,2+kk,Olomouc,Olomouc
3927,11000,53,2+1,Olomouc,Olomouc
3928,6000,16,1+kk,"Olomouc - Nová Ulice, okres Olomouc",Olomouc - Nová Ulice
3929,8000,26,2+1,"Olomouc - Nové Sady, okres Olomouc",Olomouc - Nové Sady
3930,9000,25,2+kk,Olomouc,Olomouc
3931,8000,36,2+1,Olomouc,Olomouc
3932,8000,44,2+1,Prostějov,Prostějov
3933,4000,8,1+kk,"Olomouc, okres Olomouc",Olomouc
3934,14000,56,3+kk,"Přerov - Přerov I-Město, okres Přerov",Přerov - Přerov I-Město
3936,9000,38,3+1,"Olomouc - Holice, okres Olomouc",Olomouc - Holice
3937,7000,30,2+1,"Zábřeh, okres Šumperk",Zábřeh
3938,5000,20,1+kk,"Zábřeh, okres Šumperk",Zábřeh
3941,12000,45,4+1,"Olomouc - Holice, okres Olomouc",Olomouc - Holice
3942,12000,50,3+kk,"Olomouc - Povel, okres Olomouc",Olomouc - Povel
3943,8000,29,2+kk,"Olomouc - Povel, okres Olomouc",Olomouc - Povel
3945,9000,34,2+kk,"Olomouc - Nová Ulice, okres Olomouc",Olomouc - Nová Ulice
3946,7000,26,1+1,"Olomouc - Nová Ulice, okres Olomouc",Olomouc - Nová Ulice
3947,7000,31,2+1,"Olomouc - Nová Ulice, okres Olomouc",Olomouc - Nová Ulice
3949,8000,30,2+kk,"Olomouc - Povel, okres Olomouc",Olomouc - Povel
3950,4000,11,other,"Olomouc - Hodolany, okres Olomouc",Olomouc - Hodolany
3951,9000,42,2+1,"Olomouc - Holice, okres Olomouc",Olomouc - Holice
3952,10000,29,2+kk,"Olomouc - Nová Ulice, okres Olomouc",Olomouc - Nová Ulice
3953,8000,29,2+kk,Olomouc,Olomouc
3954,9000,26,3+kk,"Olomouc - Neředín, okres Olomouc",Olomouc - Neředín
3955,7000,32,2+1,"Přerov - Přerov I-Město, okres Přerov",Přerov - Přerov I-Město
3956,8000,26,2+kk,"Olomouc - Nová Ulice, okres Olomouc",Olomouc - Nová Ulice
3957,5000,22,1+kk,"Zábřeh, okres Šumperk",Zábřeh
3958,6000,13,1+kk,"Hranice - Hranice I-Město, okres Přerov",Hranice - Hranice I-Město
3961,11000,38,2+kk,Olomouc,Olomouc
3962,8000,29,2+1,"Olomouc - Neředín, okres Olomouc",Olomouc - Neředín
3963,7000,37,2+1,Prostějov,Prostějov
3964,8000,20,1+kk,Olomouc,Olomouc
3965,8000,35,3+1,"Olomouc - Holice, okres Olomouc",Olomouc - Holice
3966,8000,23,2+kk,"Olomouc - Povel, okres Olomouc",Olomouc - Povel
3967,10000,31,2+kk,"Olomouc - Slavonín, okres Olomouc",Olomouc - Slavonín
3968,21000,56,3+kk,Olomouc,Olomouc
3969,8000,22,1+kk,"Olomouc - Slavonín, okres Olomouc",Olomouc - Slavonín
3970,13000,46,3+kk,"Olomouc - Slavonín, okres Olomouc",Olomouc - Slavonín
3971,14000,43,3+kk,"Olomouc - Slavonín, okres Olomouc",Olomouc - Slavonín
3973,10000,35,2+kk,"Olomouc - Nová Ulice, okres Olomouc",Olomouc - Nová Ulice
3974,9000,29,2+kk,"Olomouc - Nová Ulice, okres Olomouc",Olomouc - Nová Ulice
3975,10000,34,2+1,"Olomouc, okres Olomouc",Olomouc
3976,10000,59,3+kk,"Olomouc - Nová Ulice, okres Olomouc",Olomouc - Nová Ulice
3977,11000,18,1+1,Prostějov,Prostějov
3978,7000,42,2+1,"Šternberk, okres Olomouc",Šternberk
3979,5000,15,1+kk,"Přerov - Přerov I-Město, okres Přerov",Přerov - Přerov I-Město
3980,11000,41,3+kk,"Olomouc - Nová Ulice, okres Olomouc",Olomouc - Nová Ulice
3981,9000,34,2+kk,Prostějov,Prostějov
3982,15000,59,3+kk,Prostějov,Prostějov
3983,11000,42,2+kk,Prostějov,Prostějov
3984,11000,44,2+kk,"Olomouc - Nové Sady, okres Olomouc",Olomouc - Nové Sady
3985,14000,59,3+kk,Prostějov,Prostějov
3987,17000,65,3+kk,"Olomouc - Nová Ulice, okres Olomouc",Olomouc - Nová Ulice
3988,16000,71,4+kk,Prostějov,Prostějov
3989,12000,45,3+kk,"Olomouc, okres Olomouc",Olomouc
3990,7000,18,1+1,"Olomouc - Hodolany, okres Olomouc",Olomouc - Hodolany
3991,5000,16,1+1,"Přerov - Přerov I-Město, okres Přerov",Přerov - Přerov I-Město
3993,9000,37,2+kk,"Olomouc - Holice, okres Olomouc",Olomouc - Holice
3994,7000,22,1+kk,"Olomouc - Povel, okres Olomouc",Olomouc - Povel
3995,11000,34,2+kk,Olomouc,Olomouc
3996,11000,35,2+kk,Olomouc,Olomouc
3998,16000,71,3+kk,Prostějov,Prostějov
3999,16000,71,3+kk,Prostějov,Prostějov
4000,16000,71,4+kk,Prostějov,Prostějov
4001,14000,62,3+kk,Prostějov,Prostějov
4002,10000,35,2+kk,"Olomouc - Povel, okres Olomouc",Olomouc - Povel
4003,5000,8,other,"Olomouc - Holice, okres Olomouc",Olomouc - Holice
4004,10000,31,2+kk,"Olomouc - Povel, okres Olomouc",Olomouc - Povel
4005,16000,71,3+kk,Prostějov,Prostějov
4006,11000,31,2+kk,"Olomouc - Slavonín, okres Olomouc",Olomouc - Slavonín
4008,8000,23,2+kk,Olomouc,Olomouc
4009,6000,16,1+kk,"Olomouc - Nová Ulice, okres Olomouc",Olomouc - Nová Ulice
4010,6000,16,1+kk,"Olomouc - Nová Ulice, okres Olomouc",Olomouc - Nová Ulice
4011,8000,26,2+1,"Olomouc - Nové Sady, okres Olomouc",Olomouc - Nové Sady
4012,9000,25,2+kk,Olomouc,Olomouc
4013,6000,20,1+kk,Olomouc,Olomouc
4014,11000,41,2+1,Olomouc,Olomouc
4015,12000,45,4+1,"Olomouc - Holice, okres Olomouc",Olomouc - Holice
4016,12000,50,3+kk,"Olomouc - Povel, okres Olomouc",Olomouc - Povel
4017,8000,29,2+kk,"Olomouc - Povel, okres Olomouc",Olomouc - Povel
4019,9000,34,2+kk,"Olomouc - Nová Ulice, okres Olomouc",Olomouc - Nová Ulice
4020,8000,38,2+1,"Olomouc - Nová Ulice, okres Olomouc",Olomouc - Nová Ulice
4021,7000,26,1+1,"Olomouc - Nová Ulice, okres Olomouc",Olomouc - Nová Ulice
4022,7000,31,2+1,"Olomouc - Nová Ulice, okres Olomouc",Olomouc - Nová Ulice
4024,8000,30,2+kk,"Olomouc - Povel, okres Olomouc",Olomouc - Povel
4026,9000,35,2+kk,"Olomouc - Řepčín, okres Olomouc",Olomouc - Řepčín
4027,4000,26,2+1,Olomouc,Olomouc
4028,11000,32,2+kk,"Olomouc - Nová Ulice, okres Olomouc",Olomouc - Nová Ulice
4029,7000,17,1+kk,"Olomouc - Nová Ulice, okres Olomouc",Olomouc - Nová Ulice
4030,6000,22,1+1,Šumperk,Šumperk
4031,10000,59,3+1,Šumperk,Šumperk
4032,12000,40,2+kk,"Olomouc - Nové Sady, okres Olomouc",Olomouc - Nové Sady
4033,16000,71,4+kk,Prostějov,Prostějov
4034,6000,19,1+kk,"Olomouc - Nová Ulice, okres Olomouc",Olomouc - Nová Ulice
4037,7000,34,2+1,"Olomouc - Hodolany, okres Olomouc",Olomouc - Hodolany
4038,8000,31,1+1,Olomouc,Olomouc
4039,7000,17,1+kk,"Olomouc - Hodolany, okres Olomouc",Olomouc - Hodolany
4040,11000,36,2+kk,"Olomouc - Hodolany, okres Olomouc",Olomouc - Hodolany
4041,8000,41,3+1,"Olomouc - Holice, okres Olomouc",Olomouc - Holice
4042,8000,28,2+kk,"Olomouc - Řepčín, okres Olomouc",Olomouc - Řepčín
4043,9000,32,2+1,"Olomouc - Hodolany, okres Olomouc",Olomouc - Hodolany
4044,6000,23,1+1,"Olomouc - Nová Ulice, okres Olomouc",Olomouc - Nová Ulice
4046,8000,26,2+kk,Prostějov,Prostějov
4047,7000,19,1+kk,"Olomouc - Slavonín, okres Olomouc",Olomouc - Slavonín
4049,6000,26,1+kk,"Olomouc - Nová Ulice, okres Olomouc",Olomouc - Nová Ulice
4050,5000,26,1+1,Šumperk,Šumperk
4051,6000,38,2+kk,"Zábřeh, okres Šumperk",Zábřeh
4052,6000,29,1+1,Prostějov,Prostějov
4053,7000,27,2+1,Šumperk,Šumperk
4054,8000,21,2+kk,Šumperk,Šumperk
4055,6000,17,2+kk,Šumperk,Šumperk
4056,7000,22,2+kk,Šumperk,Šumperk
4057,7000,34,3+1,Šumperk,Šumperk
4058,10000,38,3+kk,"Přerov - Přerov I-Město, okres Přerov",Přerov - Přerov I-Město
4059,5000,16,1+kk,"Přerov - Přerov I-Město, okres Přerov",Přerov - Přerov I-Město
4061,6000,17,1+kk,"Olomouc - Nová Ulice, okres Olomouc",Olomouc - Nová Ulice
4062,10000,48,3+kk,"Olomouc - Nová Ulice, okres Olomouc",Olomouc - Nová Ulice
4063,8000,32,2+1,"Olomouc, okres Olomouc",Olomouc
4064,9000,28,2+kk,"Olomouc, okres Olomouc",Olomouc
4065,11000,51,2+kk,Olomouc,Olomouc
4066,13000,32,3+kk,Olomouc,Olomouc
4068,6000,19,1+1,"Přerov - Přerov I-Město, okres Přerov",Přerov - Přerov I-Město
4070,5000,22,1+kk,"Prostějov, okres Prostějov",Prostějov
4071,10000,46,2+1,"Olomouc - Nová Ulice, okres Olomouc",Olomouc - Nová Ulice
4072,10000,43,3+1,"Olomouc - Neředín, okres Olomouc",Olomouc - Neředín
4073,13000,39,3+kk,Olomouc,Olomouc
4074,10000,50,3+1,"Olomouc - Hodolany, okres Olomouc",Olomouc - Hodolany
4075,8000,32,2+kk,Prostějov,Prostějov
4076,10000,44,3+1,Olomouc,Olomouc
4079,6000,34,2+kk,"Zábřeh, okres Šumperk",Zábřeh
4080,11000,43,3+kk,"Olomouc - Holice, okres Olomouc",Olomouc - Holice
4082,5000,29,2+1,Prostějov,Prostějov
4083,9000,31,2+1,"Hranice - Hranice I-Město, okres Přerov",Hranice - Hranice I-Město
4084,7000,39,2+1,Šumperk,Šumperk
4085,11000,81,4+1,Olomouc,Olomouc
4086,10000,44,3+1,"Olomouc - Holice, okres Olomouc",Olomouc - Holice
4088,7000,31,2+kk,Prostějov,Prostějov
4089,9000,31,2+kk,"Olomouc - Řepčín, okres Olomouc",Olomouc - Řepčín
4092,13000,50,3+kk,"Olomouc - Nová Ulice, okres Olomouc",Olomouc - Nová Ulice
4093,6000,13,1+kk,"Hranice - Hranice I-Město, okres Přerov",Hranice - Hranice I-Město
4094,5000,21,1+1,Šumperk,Šumperk
4095,10000,31,2+kk,"Olomouc, okres Olomouc",Olomouc
4096,11000,47,2+1,Olomouc,Olomouc
4097,5000,14,1+kk,"Olomouc, okres Olomouc",Olomouc
4098,8000,39,3+kk,"Šternberk, okres Olomouc",Šternberk
4099,7000,22,1+kk,"Olomouc - Hodolany, okres Olomouc",Olomouc - Hodolany
4101,8000,35,2+kk,Olomouc,Olomouc
4102,7000,23,1+kk,"Olomouc - Hodolany, okres Olomouc",Olomouc - Hodolany
4103,8000,39,2+kk,Šumperk,Šumperk
4104,12000,32,2+kk,"Olomouc - Hodolany, okres Olomouc",Olomouc - Hodolany
4105,5000,13,1+kk,Prostějov,Prostějov
4106,8000,18,1+kk,"Olomouc - Nová Ulice, okres Olomouc",Olomouc - Nová Ulice
4107,9000,32,3+kk,Olomouc,Olomouc
4108,8000,45,2+1,Olomouc,Olomouc
4109,10000,34,3+kk,Olomouc,Olomouc
4110,7000,28,2+kk,Olomouc,Olomouc
4111,9000,26,2+kk,"Olomouc - Povel, okres Olomouc",Olomouc - Povel
4112,7000,18,1+1,Olomouc,Olomouc
4113,6000,18,1+kk,"Olomouc - Hodolany, okres Olomouc",Olomouc - Hodolany
4114,10000,36,3+1,"Olomouc - Neředín, okres Olomouc",Olomouc - Neředín
4115,8000,20,1+kk,"Olomouc - Nová Ulice, okres Olomouc",Olomouc - Nová Ulice
4116,9000,32,2+1,Olomouc,Olomouc
4118,9000,34,2+kk,"Olomouc, okres Olomouc",Olomouc
4119,7000,19,1+kk,"Olomouc, okres Olomouc",Olomouc
4120,11000,46,3+kk,"Olomouc - Nová Ulice, okres Olomouc",Olomouc - Nová Ulice
4121,10000,41,3+1,"Olomouc - Nová Ulice, okres Olomouc",Olomouc - Nová Ulice
4122,10000,62,3+1,Olomouc,Olomouc
4123,4000,23,1+1,Šumperk,Šumperk
4124,8000,31,2+1,"Olomouc - Hodolany, okres Olomouc",Olomouc - Hodolany
4126,6000,23,1+1,"Olomouc - Nové Sady, okres Olomouc",Olomouc - Nové Sady
4127,8000,24,2+kk,"Olomouc - Nová Ulice, okres Olomouc",Olomouc - Nová Ulice
4128,12000,38,3+kk,"Olomouc - Nová Ulice, okres Olomouc",Olomouc - Nová Ulice
4129,8000,44,3+1,"Olomouc - Nová Ulice, okres Olomouc",Olomouc - Nová Ulice
4130,7000,35,2+1,Prostějov,Prostějov
4131,8000,26,2+1,"Olomouc, okres Olomouc",Olomouc
4132,6000,18,1+kk,Olomouc,Olomouc
4133,10000,42,3+1,"Olomouc - Nové Sady, okres Olomouc",Olomouc - Nové Sady
4134,5000,11,1+kk,"Olomouc - Hodolany, okres Olomouc",Olomouc - Hodolany
4135,6000,11,1+kk,"Olomouc - Hodolany, okres Olomouc",Olomouc - Hodolany
4136,5000,22,1+kk,"Zábřeh, okres Šumperk",Zábřeh
4137,11000,50,2+1,"Olomouc - Nová Ulice, okres Olomouc",Olomouc - Nová Ulice
4138,6000,22,1+kk,"Olomouc - Nová Ulice, okres Olomouc",Olomouc - Nová Ulice
4139,8000,32,2+1,"Olomouc - Hodolany, okres Olomouc",Olomouc - Hodolany
4140,10000,38,2+kk,"Olomouc - Holice, okres Olomouc",Olomouc - Holice
4141,9000,44,3+1,"Olomouc - Neředín, okres Olomouc",Olomouc - Neředín
4142,7000,33,2+1,"Olomouc - Povel, okres Olomouc",Olomouc - Povel
4143,7000,21,1+kk,"Olomouc - Hodolany, okres Olomouc",Olomouc - Hodolany
4144,17000,62,3+kk,"Olomouc - Nová Ulice, okres Olomouc",Olomouc - Nová Ulice
4145,8000,36,2+kk,Prostějov,Prostějov
4146,8000,40,2+1,"Olomouc - Holice, okres Olomouc",Olomouc - Holice
4147,9000,35,1+1,Olomouc,Olomouc
4148,11000,48,3+1,Olomouc,Olomouc
4150,5000,14,1+kk,"Olomouc - Hodolany, okres Olomouc",Olomouc - Hodolany
4151,8000,29,2+kk,Olomouc,Olomouc
4152,11000,44,3+1,Olomouc,Olomouc
4153,10000,42,2+kk,"Olomouc - Nová Ulice, okres Olomouc",Olomouc - Nová Ulice
4154,9000,42,2+1,"Olomouc - Holice, okres Olomouc",Olomouc - Holice
4155,8000,45,2+kk,"Olomouc - Holice, okres Olomouc",Olomouc - Holice
4156,8000,31,2+1,"Olomouc - Nová Ulice, okres Olomouc",Olomouc - Nová Ulice
4157,11000,43,2+1,Olomouc,Olomouc
4159,4000,9,1+kk,Olomouc,Olomouc
4160,7000,30,2+kk,"Olomouc - Nová Ulice, okres Olomouc",Olomouc - Nová Ulice
4161,9000,32,2+kk,"Olomouc - Hodolany, okres Olomouc",Olomouc - Hodolany
4162,7000,19,1+kk,"Olomouc - Neředín, okres Olomouc",Olomouc - Neředín
4164,11000,43,2+kk,"Olomouc - Holice, okres Olomouc",Olomouc - Holice
4165,11000,29,2+kk,Prostějov,Prostějov
4166,12000,56,3+1,Olomouc,Olomouc
4167,6000,26,1+kk,Olomouc,Olomouc
4168,8000,32,2+kk,Prostějov,Prostějov
4169,9000,35,2+kk,"Šternberk, okres Olomouc",Šternberk
4170,11000,40,3+1,"Olomouc - Povel, okres Olomouc",Olomouc - Povel
4171,14000,70,4+kk,"Přerov - Přerov I-Město, okres Přerov",Přerov - Přerov I-Město
4172,12000,54,4+1,"Olomouc - Nová Ulice, okres Olomouc",Olomouc - Nová Ulice
4174,8000,34,2+1,"Olomouc - Neředín, okres Olomouc",Olomouc - Neředín
4175,4000,8,1+kk,"Olomouc, okres Olomouc",Olomouc
4177,7000,30,2+1,"Zábřeh, okres Šumperk",Zábřeh
4178,9000,38,3+1,"Olomouc - Holice, okres Olomouc",Olomouc - Holice
4179,11000,39,2+kk,Olomouc,Olomouc
4180,8000,34,2+1,"Olomouc, okres Olomouc",Olomouc
4181,7000,35,3+1,Šumperk,Šumperk
4182,9000,43,3+1,Olomouc,Olomouc
4183,8000,23,1+kk,"Olomouc, okres Olomouc",Olomouc
4184,8000,40,2+1,Prostějov,Prostějov
4185,14000,42,3+1,"Olomouc - Nová Ulice, okres Olomouc",Olomouc - Nová Ulice
4186,9000,37,2+kk,"Olomouc - Holice, okres Olomouc",Olomouc - Holice
4187,9000,33,2+kk,"Olomouc - Řepčín, okres Olomouc",Olomouc - Řepčín
4188,8000,41,3+kk,Prostějov,Prostějov
4189,15000,65,3+kk,"Olomouc - Holice, okres Olomouc",Olomouc - Holice
4190,10000,40,3+1,"Olomouc - Nová Ulice, okres Olomouc",Olomouc - Nová Ulice
4191,11000,41,2+1,Olomouc,Olomouc
4192,8000,26,1+kk,Prostějov,Prostějov
4194,11000,49,3+kk,"Olomouc, okres Olomouc",Olomouc
4195,10000,38,3+1,"Olomouc - Nové Sady, okres Olomouc",Olomouc - Nové Sady
4197,7000,17,1+kk,Prostějov,Prostějov
4198,11000,36,2+kk,Prostějov,Prostějov
4199,8000,25,1+kk,Prostějov,Prostějov
4200,8000,28,1+kk,Prostějov,Prostějov
4201,6000,31,2+1,"Přerov - Přerov I-Město, okres Přerov",Přerov - Přerov I-Město
4202,9000,27,2+kk,"Olomouc - Nová Ulice, okres Olomouc",Olomouc - Nová Ulice
4205,9000,42,3+1,"Olomouc - Nové Sady, okres Olomouc",Olomouc - Nové Sady
4206,10000,36,3+1,"Olomouc - Hodolany, okres Olomouc",Olomouc - Hodolany
4208,9000,39,3+1,"Olomouc - Nové Sady, okres Olomouc",Olomouc - Nové Sady
4209,6000,26,2+1,"Olomouc - Nové Sady, okres Olomouc",Olomouc - Nové Sady
4210,7000,31,2+1,"Olomouc - Nová Ulice, okres Olomouc",Olomouc - Nová Ulice
4211,5000,16,1+1,"Přerov - Přerov I-Město, okres Přerov",Přerov - Přerov I-Město
4212,10000,42,2+1,"Olomouc - Nová Ulice, okres Olomouc",Olomouc - Nová Ulice
4213,10000,38,2+kk,"Olomouc, okres Olomouc",Olomouc
4214,7000,17,1+kk,Olomouc,Olomouc
4215,10000,44,2+1,"Olomouc - Slavonín, okres Olomouc",Olomouc - Slavonín
4216,7000,29,1+1,"Olomouc - Nové Sady, okres Olomouc",Olomouc - Nové Sady
4217,10000,62,3+kk,"Olomouc - Nová Ulice, okres Olomouc",Olomouc - Nová Ulice
4218,5000,33,1+1,Prostějov,Prostějov
4219,8000,35,2+1,"Olomouc - Nová Ulice, okres Olomouc",Olomouc - Nová Ulice
4220,7000,17,2+kk,Olomouc,Olomouc
4221,9000,45,2+1,Olomouc,Olomouc
4222,10000,32,2+kk,"Olomouc - Slavonín, okres Olomouc",Olomouc - Slavonín
4223,7000,38,2+1,"Olomouc, okres Olomouc",Olomouc
4225,12000,38,3+1,"Olomouc - Nová Ulice, okres Olomouc",Olomouc - Nová Ulice
4226,9000,30,2+1,"Hranice - Hranice I-Město, okres Přerov",Hranice - Hranice I-Město
4227,5000,23,1+1,"Přerov - Přerov I-Město, okres Přerov",Přerov - Přerov I-Město
4228,4000,38,1+1,"Zábřeh, okres Šumperk",Zábřeh
4229,7000,31,2+1,"Olomouc - Nová Ulice, okres Olomouc",Olomouc - Nová Ulice
4230,10000,44,3+1,"Hranice - Hranice I-Město, okres Přerov",Hranice - Hranice I-Město
4233,7000,24,1+1,"Olomouc - Nová Ulice, okres Olomouc",Olomouc - Nová Ulice
4236,8000,42,3+1,"Olomouc - Neředín, okres Olomouc",Olomouc - Neředín
4237,6000,22,1+1,Olomouc,Olomouc
4238,9000,34,2+kk,Olomouc,Olomouc
4239,6000,32,2+1,Prostějov,Prostějov
4240,10000,39,3+1,"Šternberk, okres Olomouc",Šternberk
4241,5000,18,1+kk,"Olomouc - Nové Sady, okres Olomouc",Olomouc - Nové Sady
4242,8000,32,2+1,"Olomouc - Povel, okres Olomouc",Olomouc - Povel
4243,7000,20,1+kk,"Olomouc - Řepčín, okres Olomouc",Olomouc - Řepčín
4244,6000,29,2+1,"Přerov - Přerov I-Město, okres Přerov",Přerov - Přerov I-Město
4245,8000,32,2+kk,"Olomouc - Nové Sady, okres Olomouc",Olomouc - Nové Sady
4246,12000,71,3+1,"Olomouc - Nová Ulice, okres Olomouc",Olomouc - Nová Ulice
4247,10000,25,1+kk,"Olomouc, okres Olomouc",Olomouc
4248,5000,9,other,Olomouc,Olomouc
4249,4000,7,other,Olomouc,Olomouc
4250,7000,16,1+kk,"Olomouc, okres Olomouc",Olomouc
4251,10000,29,2+1,"Olomouc - Nová Ulice, okres Olomouc",Olomouc - Nová Ulice
4252,10000,35,2+1,"Olomouc - Nová Ulice, okres Olomouc",Olomouc - Nová Ulice
4253,10000,32,2+kk,"Olomouc - Povel, okres Olomouc",Olomouc - Povel
4254,8000,25,1+kk,Olomouc,Olomouc
4255,10000,31,2+kk,"Olomouc - Neředín, okres Olomouc",Olomouc - Neředín
4257,4000,32,2+kk,Prostějov,Prostějov
4258,10000,53,3+kk,"Přerov - Přerov I-Město, okres Přerov",Přerov - Přerov I-Město
4259,10000,38,3+kk,"Hranice - Hranice I-Město, okres Přerov",Hranice - Hranice I-Město
4260,4000,12,1+kk,"Přerov - Přerov I-Město, okres Přerov",Přerov - Přerov I-Město
4261,7000,32,2+1,"Přerov - Přerov I-Město, okres Přerov",Přerov - Přerov I-Město
4262,7000,32,2+1,"Přerov - Přerov I-Město, okres Přerov",Přerov - Přerov I-Město
4263,6000,29,2+1,"Přerov - Přerov I-Město, okres Přerov",Přerov - Přerov I-Město
4264,8000,34,2+1,"Přerov - Přerov I-Město, okres Přerov",Přerov - Přerov I-Město
4265,6000,28,2+1,"Přerov - Přerov I-Město, okres Přerov",Přerov - Přerov I-Město
4266,8000,31,2+1,"Olomouc - Hodolany, okres Olomouc",Olomouc - Hodolany
4267,10000,32,2+kk,"Olomouc - Povel, okres Olomouc",Olomouc - Povel
4268,6000,18,1+kk,Olomouc,Olomouc
4269,6000,25,1+1,Prostějov,Prostějov
4270,8000,25,2+kk,Prostějov,Prostějov
4271,7000,33,3+1,Šumperk,Šumperk
4272,6000,22,2+kk,"Přerov - Přerov I-Město, okres Přerov",Přerov - Přerov I-Město
4273,8000,26,2+1,Olomouc,Olomouc
4274,10000,53,3+1,Olomouc,Olomouc
4275,6000,27,2+1,"Šternberk, okres Olomouc",Šternberk
4276,11000,53,2+1,Olomouc,Olomouc
4277,6000,21,1+kk,"Olomouc - Povel, okres Olomouc",Olomouc - Povel
4278,7000,23,1+kk,"Olomouc - Povel, okres Olomouc",Olomouc - Povel
4279,10000,27,2+kk,"Olomouc, okres Olomouc",Olomouc
4280,6000,23,1+kk,"Olomouc - Řepčín, okres Olomouc",Olomouc - Řepčín
4283,7000,28,1+1,Olomouc,Olomouc
4284,11000,33,2+kk,Olomouc,Olomouc
4285,6000,29,1+1,"Olomouc - Hodolany, okres Olomouc",Olomouc - Hodolany
4286,5000,11,1+kk,"Olomouc - Hodolany, okres Olomouc",Olomouc - Hodolany
4287,5000,13,1+kk,"Olomouc - Hodolany, okres Olomouc",Olomouc - Hodolany
4288,6000,11,1+kk,"Olomouc - Hodolany, okres Olomouc",Olomouc - Hodolany
4289,13000,33,2+kk,Prostějov,Prostějov
4290,6000,29,1+kk,Olomouc,Olomouc
4291,7000,20,1+1,"Olomouc - Hodolany, okres Olomouc",Olomouc - Hodolany
4292,10000,38,2+kk,"Olomouc - Nová Ulice, okres Olomouc",Olomouc - Nová Ulice
4293,5000,25,1+1,Prostějov,Prostějov
4294,9000,38,2+kk,"Olomouc - Řepčín, okres Olomouc",Olomouc - Řepčín
4295,8000,26,2+kk,Olomouc,Olomouc
4296,9000,31,2+1,"Olomouc - Nová Ulice, okres Olomouc",Olomouc - Nová Ulice
4297,9000,30,2+1,"Olomouc - Hodolany, okres Olomouc",Olomouc - Hodolany
4299,11000,51,3+kk,"Olomouc - Nové Sady, okres Olomouc",Olomouc - Nové Sady
4301,4000,18,1+1,"Přerov - Přerov I-Město, okres Přerov",Přerov - Přerov I-Město
4302,8000,32,2+1,"Přerov - Přerov I-Město, okres Přerov",Přerov - Přerov I-Město
4303,11000,26,2+kk,Olomouc,Olomouc
4304,8000,35,3+1,Šumperk,Šumperk
4305,7000,22,1+kk,"Olomouc - Nová Ulice, okres Olomouc",Olomouc - Nová Ulice
4308,8000,20,1+1,"Olomouc - Hodolany, okres Olomouc",Olomouc - Hodolany
4310,5000,23,1+kk,"Olomouc - Hodolany, okres Olomouc",Olomouc - Hodolany
4311,7000,38,2+1,"Přerov - Přerov I-Město, okres Přerov",Přerov - Přerov I-Město
4312,5000,23,1+kk,Olomouc,Olomouc
4313,7000,26,2+1,"Olomouc - Nová Ulice, okres Olomouc",Olomouc - Nová Ulice
4314,14000,49,3+kk,"Olomouc, okres Olomouc",Olomouc
4315,10000,32,2+kk,"Olomouc, okres Olomouc",Olomouc
4316,7000,25,1+kk,"Olomouc - Nové Sady, okres Olomouc",Olomouc - Nové Sady
4317,6000,31,2+1,"Zábřeh, okres Šumperk",Zábřeh
4318,7000,20,1+kk,"Olomouc - Hodolany, okres Olomouc",Olomouc - Hodolany
4319,7000,32,2+1,Prostějov,Prostějov
4320,9000,44,2+1,"Hranice - Hranice I-Město, okres Přerov",Hranice - Hranice I-Město
4321,9000,26,2+1,"Olomouc - Nová Ulice, okres Olomouc",Olomouc - Nová Ulice
4322,5000,23,1+kk,Olomouc,Olomouc
4323,7000,26,2+1,"Olomouc - Nová Ulice, okres Olomouc",Olomouc - Nová Ulice
4324,14000,49,3+kk,"Olomouc, okres Olomouc",Olomouc
4325,7000,25,1+kk,"Olomouc - Nové Sady, okres Olomouc",Olomouc - Nové Sady
4326,6000,31,2+1,"Zábřeh, okres Šumperk",Zábřeh
4327,7000,20,1+kk,"Olomouc - Hodolany, okres Olomouc",Olomouc - Hodolany
4328,7000,32,2+1,Prostějov,Prostějov
4329,9000,44,2+1,"Hranice - Hranice I-Město, okres Přerov",Hranice - Hranice I-Město
4330,9000,26,2+1,"Olomouc - Nová Ulice, okres Olomouc",Olomouc - Nová Ulice
4331,7000,34,2+kk,"Přerov - Přerov I-Město, okres Přerov",Přerov - Přerov I-Město
4332,9000,47,3+1,"Přerov - Přerov I-Město, okres Přerov",Přerov - Přerov I-Město
4333,8000,23,1+1,Prostějov,Prostějov
4334,7000,19,1+kk,"Olomouc - Řepčín, okres Olomouc",Olomouc - Řepčín
4336,7000,26,2+kk,"Šternberk, okres Olomouc",Šternberk
4337,9000,32,3+kk,"Šternberk, okres Olomouc",Šternberk
4338,14000,42,2+kk,Olomouc,Olomouc
4339,8000,39,2+kk,"Olomouc - Neředín, okres Olomouc",Olomouc - Neředín
4341,10000,33,2+kk,Olomouc,Olomouc
4342,5000,19,1+kk,Prostějov,Prostějov
4343,8000,22,1+kk,"Olomouc, okres Olomouc",Olomouc
4344,7000,20,1+kk,"Olomouc - Nové Sady, okres Olomouc",Olomouc - Nové Sady
4346,10000,40,3+1,"Olomouc - Nová Ulice, okres Olomouc",Olomouc - Nová Ulice
4347,6000,14,1+kk,Olomouc,Olomouc
4348,10000,37,2+kk,"Olomouc - Nové Sady, okres Olomouc",Olomouc - Nové Sady
4349,8000,40,3+1,Olomouc,Olomouc
4350,5000,14,1+kk,Olomouc,Olomouc
4351,4000,17,1+kk,"Přerov - Přerov I-Město, okres Přerov",Přerov - Přerov I-Město
4352,7000,29,2+1,"Přerov - Přerov I-Město, okres Přerov",Přerov - Přerov I-Město
4353,6000,17,1+kk,Olomouc,Olomouc
4354,5000,22,1+1,Šumperk,Šumperk
4356,8000,26,2+1,"Olomouc - Nové Sady, okres Olomouc",Olomouc - Nové Sady
4357,5000,19,1+kk,"Hranice - Hranice I-Město, okres Přerov",Hranice - Hranice I-Město
4358,8000,17,1+kk,Olomouc,Olomouc
4359,10000,35,2+1,"Olomouc - Nová Ulice, okres Olomouc",Olomouc - Nová Ulice
4360,7000,27,1+1,Olomouc,Olomouc
4362,6000,20,1+kk,Olomouc,Olomouc
4363,9000,45,3+1,"Olomouc - Neředín, okres Olomouc",Olomouc - Neředín
4364,6000,23,1+kk,"Olomouc - Holice, okres Olomouc",Olomouc - Holice
4365,10000,34,2+kk,"Olomouc, okres Olomouc",Olomouc
4366,8000,27,2+kk,"Olomouc - Hodolany, okres Olomouc",Olomouc - Hodolany
4367,9000,32,3+kk,"Šternberk, okres Olomouc",Šternberk
4368,9000,44,2+kk,"Šternberk, okres Olomouc",Šternberk
4369,8000,36,1+1,Olomouc,Olomouc
4370,8000,42,2+1,"Olomouc - Nová Ulice, okres Olomouc",Olomouc - Nová Ulice
4371,6000,23,1+1,Šumperk,Šumperk
4372,11000,26,2+kk,"Olomouc - Nová Ulice, okres Olomouc",Olomouc - Nová Ulice
4375,13000,65,4+1,Šumperk,Šumperk
4376,8000,30,2+1,"Olomouc - Hodolany, okres Olomouc",Olomouc - Hodolany
4377,7000,23,1+1,"Přerov - Přerov I-Město, okres Přerov",Přerov - Přerov I-Město
4378,13000,48,3+kk,Olomouc,Olomouc
4379,6000,17,1+kk,"Olomouc - Holice, okres Olomouc",Olomouc - Holice
4380,8000,40,3+kk,"Olomouc - Holice, okres Olomouc",Olomouc - Holice
4381,4000,22,1+1,"Zábřeh, okres Šumperk",Zábřeh
4382,10000,41,3+1,"Olomouc - Povel, okres Olomouc",Olomouc - Povel
4383,4000,41,other,Olomouc,Olomouc
4385,10000,52,3+kk,"Olomouc - Nové Sady, okres Olomouc",Olomouc - Nové Sady
4386,6000,15,1+kk,"Olomouc - Hodolany, okres Olomouc",Olomouc - Hodolany
4387,10000,48,3+1,"Olomouc - Nové Sady, okres Olomouc",Olomouc - Nové Sady
4388,9000,35,2+1,"Hranice - Hranice I-Město, okres Přerov",Hranice - Hranice I-Město
4389,7000,45,2+kk,"Olomouc - Hodolany, okres Olomouc",Olomouc - Hodolany
4391,5000,11,other,"Olomouc - Nová Ulice, okres Olomouc",Olomouc - Nová Ulice
4392,8000,33,2+kk,Olomouc,Olomouc
4393,8000,33,2+kk,Olomouc,Olomouc
4394,25000,52,3+kk,"Olomouc - Hodolany, okres Olomouc",Olomouc - Hodolany
4395,29000,72,4+kk,"Olomouc - Hodolany, okres Olomouc",Olomouc - Hodolany
4396,16000,47,3+kk,"Olomouc - Hodolany, okres Olomouc",Olomouc - Hodolany
4397,14000,43,2+kk,"Olomouc - Hodolany, okres Olomouc",Olomouc - Hodolany
4398,12000,37,2+kk,"Olomouc - Hodolany, okres Olomouc",Olomouc - Hodolany
4399,14000,47,3+kk,"Olomouc - Hodolany, okres Olomouc",Olomouc - Hodolany
4400,12000,41,2+kk,"Olomouc - Hodolany, okres Olomouc",Olomouc - Hodolany
4401,9000,31,2+kk,"Olomouc - Hodolany, okres Olomouc",Olomouc - Hodolany
4402,10000,34,2+kk,"Olomouc - Hodolany, okres Olomouc",Olomouc - Hodolany
4403,7000,29,2+1,Olomouc,Olomouc
4405,6000,32,2+1,"Zábřeh, okres Šumperk",Zábřeh
4406,6000,29,2+kk,Prostějov,Prostějov
4407,7000,33,2+1,"Prostějov, okres Prostějov",Prostějov
4408,8000,26,2+1,"Olomouc - Neředín, okres Olomouc",Olomouc - Neředín
4409,11000,50,3+kk,"Olomouc - Nová Ulice, okres Olomouc",Olomouc - Nová Ulice
4410,6000,25,2+1,"Přerov - Přerov I-Město, okres Přerov",Přerov - Přerov I-Město
4411,6000,16,1+kk,"Olomouc - Nová Ulice, okres Olomouc",Olomouc - Nová Ulice
4412,4000,10,other,Olomouc,Olomouc
4415,8000,28,2+1,"Olomouc - Nové Sady, okres Olomouc",Olomouc - Nové Sady
4416,7000,28,2+kk,"Přerov - Přerov I-Město, okres Přerov",Přerov - Přerov I-Město
4417,13000,53,2+1,Olomouc,Olomouc
4418,5000,23,1+1,"Olomouc - Hodolany, okres Olomouc",Olomouc - Hodolany
4419,10000,32,2+kk,"Olomouc - Slavonín, okres Olomouc",Olomouc - Slavonín
4420,7000,18,1+kk,"Olomouc - Povel, okres Olomouc",Olomouc - Povel
4421,7000,19,1+kk,"Olomouc - Hodolany, okres Olomouc",Olomouc - Hodolany
4422,7000,34,2+1,"Olomouc - Nové Sady, okres Olomouc",Olomouc - Nové Sady
4425,6000,32,1+1,"Hranice - Hranice I-Město, okres Přerov",Hranice - Hranice I-Město
4427,15000,65,3+kk,"Olomouc - Holice, okres Olomouc",Olomouc - Holice
4428,9000,47,3+1,Šumperk,Šumperk
4429,8000,28,2+kk,Olomouc,Olomouc
4430,11000,42,2+kk,"Olomouc - Povel, okres Olomouc",Olomouc - Povel
4433,8000,20,2+kk,Prostějov,Prostějov
4434,8000,38,3+1,"Olomouc - Povel, okres Olomouc",Olomouc - Povel
4435,10000,34,2+kk,Olomouc,Olomouc
4436,8000,17,1+kk,Olomouc,Olomouc
4439,8000,66,2+1,"Zábřeh, okres Šumperk",Zábřeh
4440,4000,11,other,"Olomouc - Nová Ulice, okres Olomouc",Olomouc - Nová Ulice
4443,12000,49,3+kk,"Olomouc - Povel, okres Olomouc",Olomouc - Povel
4444,8000,66,2+1,"Zábřeh, okres Šumperk",Zábřeh
4445,4000,11,other,"Olomouc - Nová Ulice, okres Olomouc",Olomouc - Nová Ulice
4447,10000,38,2+1,"Olomouc - Hodolany, okres Olomouc",Olomouc - Hodolany
4449,6000,25,1+1,Prostějov,Prostějov
4450,8000,48,2+1,"Šternberk, okres Olomouc",Šternberk
4452,7000,24,1+kk,"Olomouc - Holice, okres Olomouc",Olomouc - Holice
4453,7000,20,2+kk,"Přerov - Přerov I-Město, okres Přerov",Přerov - Přerov I-Město
4454,7000,17,1+kk,"Šternberk, okres Olomouc",Šternberk
4455,6000,15,1+kk,"Olomouc - Nová Ulice, okres Olomouc",Olomouc - Nová Ulice
4456,6000,24,1+1,"Olomouc - Nová Ulice, okres Olomouc",Olomouc - Nová Ulice
4457,7000,25,2+kk,"Hranice - Hranice I-Město, okres Přerov",Hranice - Hranice I-Město
4458,10000,88,4+kk,"Prostějov, okres Prostějov",Prostějov
4459,11000,35,2+1,"Olomouc - Nová Ulice, okres Olomouc",Olomouc - Nová Ulice
4460,8000,65,3+1,Prostějov,Prostějov
4461,13000,56,3+kk,"Olomouc - Nová Ulice, okres Olomouc",Olomouc - Nová Ulice
4462,8000,27,1+1,Olomouc,Olomouc
4463,6000,18,2+kk,Šumperk,Šumperk
4464,31000,87,5+kk,Olomouc,Olomouc
4465,6000,20,1+1,"Olomouc - Neředín, okres Olomouc",Olomouc - Neředín
4466,11000,32,2+kk,"Olomouc - Slavonín, okres Olomouc",Olomouc - Slavonín
4467,6000,32,2+kk,"Hranice - Hranice I-Město, okres Přerov",Hranice - Hranice I-Město
4468,4000,8,1+kk,"Olomouc, okres Olomouc",Olomouc
4469,5000,22,1+1,Šumperk,Šumperk
4470,10000,25,1+kk,Olomouc,Olomouc
4471,7000,42,3+1,"Přerov - Přerov I-Město, okres Přerov",Přerov - Přerov I-Město
4472,9000,33,2+kk,"Olomouc - Nová Ulice, okres Olomouc",Olomouc - Nová Ulice
4473,5000,35,2+1,"Olomouc - Řepčín, okres Olomouc",Olomouc - Řepčín
4474,4000,25,1+1,"Přerov - Přerov I-Město, okres Přerov",Přerov - Přerov I-Město
4475,8000,37,4+kk,"Přerov - Přerov I-Město, okres Přerov",Přerov - Přerov I-Město
4476,7000,29,2+kk,Prostějov,Prostějov
4477,5000,15,1+kk,"Přerov - Přerov I-Město, okres Přerov",Přerov - Přerov I-Město
4478,8000,59,2+1,"Hranice - Hranice I-Město, okres Přerov",Hranice - Hranice I-Město
4479,10000,26,2+1,"Hranice - Hranice I-Město, okres Přerov",Hranice - Hranice I-Město
4482,6000,19,1+kk,Olomouc,Olomouc
4485,8000,20,1+1,"Olomouc - Neředín, okres Olomouc",Olomouc - Neředín
4486,9000,31,2+1,"Olomouc - Hodolany, okres Olomouc",Olomouc - Hodolany
4487,7000,42,3+1,Prostějov,Prostějov
4488,5000,27,1+1,Prostějov,Prostějov
4489,5000,27,1+1,Prostějov,Prostějov
4490,6000,17,1+1,Olomouc,Olomouc
4492,8000,38,3+1,"Zábřeh, okres Šumperk",Zábřeh
4493,6000,28,2+kk,Šumperk,Šumperk
4494,9000,30,2+kk,"Olomouc - Povel, okres Olomouc",Olomouc - Povel
4496,12000,43,2+kk,"Olomouc - Holice, okres Olomouc",Olomouc - Holice
4497,10000,37,2+kk,"Olomouc - Holice, okres Olomouc",Olomouc - Holice
4499,9000,22,2+kk,"Přerov - Přerov I-Město, okres Přerov",Přerov - Přerov I-Město
4500,5000,10,other,Olomouc,Olomouc
4501,6000,29,2+1,"Hranice - Hranice I-Město, okres Přerov",Hranice - Hranice I-Město
4502,7000,36,3+1,"Olomouc - Nová Ulice, okres Olomouc",Olomouc - Nová Ulice
4503,7000,28,2+kk,Olomouc,Olomouc
4504,7000,23,1+kk,"Hranice - Hranice I-Město, okres Přerov",Hranice - Hranice I-Město
4505,6000,22,1+1,"Olomouc - Nová Ulice, okres Olomouc",Olomouc - Nová Ulice
4508,10000,35,2+kk,"Olomouc - Povel, okres Olomouc",Olomouc - Povel
4509,12000,44,3+kk,"Olomouc - Nová Ulice, okres Olomouc",Olomouc - Nová Ulice
4510,8000,31,2+1,"Olomouc - Holice, okres Olomouc",Olomouc - Holice
4511,5000,17,1+1,"Přerov - Přerov I-Město, okres Přerov",Přerov - Přerov I-Město
4512,5000,17,1+1,"Přerov - Přerov I-Město, okres Přerov",Přerov - Přerov I-Město
4513,8000,49,3+1,Šumperk,Šumperk
4514,11000,84,3+kk,"Hranice - Hranice I-Město, okres Přerov",Hranice - Hranice I-Město
4516,11000,44,2+1,"Olomouc - Hodolany, okres Olomouc",Olomouc - Hodolany
4517,6000,34,2+kk,"Přerov - Přerov I-Město, okres Přerov",Přerov - Přerov I-Město
4518,11000,41,2+1,"Olomouc - Hodolany, okres Olomouc",Olomouc - Hodolany
4519,15000,39,3+kk,"Olomouc - Nová Ulice, okres Olomouc",Olomouc - Nová Ulice
4520,10000,45,3+1,Prostějov,Prostějov
4521,9000,42,2+kk,"Olomouc - Nová Ulice, okres Olomouc",Olomouc - Nová Ulice
4523,8000,34,2+kk,"Přerov - Přerov I-Město, okres Přerov",Přerov - Přerov I-Město
4524,8000,47,2+1,"Olomouc - Nová Ulice, okres Olomouc",Olomouc - Nová Ulice
4525,11000,39,2+kk,"Olomouc - Hodolany, okres Olomouc",Olomouc - Hodolany
4527,7000,34,2+1,"Olomouc - Neředín, okres Olomouc",Olomouc - Neředín
4529,7000,41,3+1,"Přerov - Přerov I-Město, okres Přerov",Přerov - Přerov I-Město
4530,11000,49,3+kk,"Olomouc, okres Olomouc",Olomouc
4534,7000,33,2+1,"Olomouc - Neředín, okres Olomouc",Olomouc - Neředín
4535,5000,10,other,Olomouc,Olomouc
4536,6000,29,2+1,"Přerov - Přerov I-Město, okres Přerov",Přerov - Přerov I-Město
4538,5000,28,2+1,Prostějov,Prostějov
4539,4000,17,1+kk,"Zábřeh, okres Šumperk",Zábřeh
4542,5000,17,1+1,"Šternberk, okres Olomouc",Šternberk
4544,6000,17,1+kk,"Olomouc - Řepčín, okres Olomouc",Olomouc - Řepčín
4545,8000,28,1+kk,"Olomouc - Nové Sady, okres Olomouc",Olomouc - Nové Sady
4546,10000,32,2+kk,Olomouc,Olomouc
4547,5000,27,1+kk,"Zábřeh, okres Šumperk",Zábřeh
4548,5000,9,other,Olomouc,Olomouc
4549,8000,20,1+kk,"Olomouc - Řepčín, okres Olomouc",Olomouc - Řepčín
4550,8000,43,3+1,"Přerov - Přerov I-Město, okres Přerov",Přerov - Přerov I-Město
4552,5000,5,other,Olomouc,Olomouc
4553,7000,33,2+1,Prostějov,Prostějov
4554,13000,50,3+1,Olomouc,Olomouc
4555,7000,19,1+kk,Prostějov,Prostějov
4556,8000,28,3+kk,Šumperk,Šumperk
4559,6000,32,2+1,Šumperk,Šumperk
4560,6000,42,3+1,"Přerov - Přerov I-Město, okres Přerov",Přerov - Přerov I-Město
4562,13000,50,3+1,Olomouc,Olomouc
4563,7000,19,1+kk,Prostějov,Prostějov
4564,6000,20,1+1,"Olomouc - Nová Ulice, okres Olomouc",Olomouc - Nová Ulice
4565,8000,28,3+kk,Šumperk,Šumperk
4568,6000,32,2+1,Šumperk,Šumperk
4569,6000,42,3+1,"Přerov - Přerov I-Město, okres Přerov",Přerov - Přerov I-Město
4573,6000,29,1+1,"Přerov - Přerov I-Město, okres Přerov",Přerov - Přerov I-Město
4575,8000,36,2+1,Olomouc,Olomouc
4577,5000,11,1+kk,Šumperk,Šumperk
4578,5000,32,2+1,"Přerov - Přerov I-Město, okres Přerov",Přerov - Přerov I-Město
4579,5000,26,1+1,Šumperk,Šumperk
4580,7000,40,3+1,Šumperk,Šumperk
4581,10000,31,2+kk,"Olomouc - Slavonín, okres Olomouc",Olomouc - Slavonín
4582,14000,45,3+kk,"Olomouc - Slavonín, okres Olomouc",Olomouc - Slavonín
4583,12000,77,4+1,"Olomouc, okres Olomouc",Olomouc
4584,10000,43,2+kk,"Olomouc - Holice, okres Olomouc",Olomouc - Holice
4585,8000,21,1+1,"Olomouc - Hodolany, okres Olomouc",Olomouc - Hodolany
4587,19000,60,4+1,"Hranice - Hranice I-Město, okres Přerov",Hranice - Hranice I-Město
4588,7000,22,2+kk,"Olomouc - Neředín, okres Olomouc",Olomouc - Neředín
4589,12000,65,4+1,Olomouc,Olomouc
4590,9000,35,2+kk,"Hranice - Hranice I-Město, okres Přerov",Hranice - Hranice I-Město
4591,9000,34,2+kk,"Hranice - Hranice I-Město, okres Přerov",Hranice - Hranice I-Město
4592,7000,48,2+kk,"Hranice - Hranice I-Město, okres Přerov",Hranice - Hranice I-Město
4593,4000,26,other,Olomouc,Olomouc
4594,10000,26,2+kk,Olomouc,Olomouc
4595,10000,45,2+kk,Olomouc,Olomouc
4598,12000,65,4+1,Olomouc,Olomouc
4600,6000,38,2+1,"Přerov - Přerov I-Město, okres Přerov",Přerov - Přerov I-Město
4601,6000,27,1+1,"Hranice - Hranice I-Město, okres Přerov",Hranice - Hranice I-Město
4602,7000,32,2+kk,Šumperk,Šumperk
4603,7000,28,1+kk,"Přerov - Přerov I-Město, okres Přerov",Přerov - Přerov I-Město
4605,5000,11,other,"Olomouc - Nová Ulice, okres Olomouc",Olomouc - Nová Ulice
4607,5000,25,2+1,"Přerov - Přerov I-Město, okres Přerov",Přerov - Přerov I-Město
4608,11000,43,2+kk,"Olomouc - Holice, okres Olomouc",Olomouc - Holice
4609,12000,38,2+kk,"Olomouc - Holice, okres Olomouc",Olomouc - Holice
4610,10000,37,2+kk,"Olomouc - Holice, okres Olomouc",Olomouc - Holice
4611,10000,38,2+kk,"Olomouc - Holice, okres Olomouc",Olomouc - Holice
4613,10000,37,2+kk,"Olomouc - Holice, okres Olomouc",Olomouc - Holice
4614,7000,35,3+1,Šumperk,Šumperk
4615,10000,48,2+1,Olomouc,Olomouc
4620,4000,23,2+1,"Přerov - Přerov I-Město, okres Přerov",Přerov - Přerov I-Město
4621,8000,36,2+kk,"Olomouc - Povel, okres Olomouc",Olomouc - Povel
4622,7000,32,2+1,Zlín,Zlín
4623,7000,26,1+1,"Luhačovice, okres Zlín",Luhačovice
4624,9000,41,3+1,"Rožnov pod Radhoštěm, okres Vsetín",Rožnov pod Radhoštěm
4626,9000,37,3+1,Vsetín,Vsetín
4627,10000,73,3+kk,"Zlín - Příluky, okres Zlín",Zlín - Příluky
4629,7000,24,atypické,Zlín,Zlín
4630,6000,17,1+kk,"Zlín - Příluky, okres Zlín",Zlín - Příluky
4631,7000,18,1+1,Zlín,Zlín
4634,8000,11,1+kk,Zlín,Zlín
4635,10000,40,3+1,Zlín,Zlín
4636,7000,17,1+kk,Zlín,Zlín
4637,7000,15,1+kk,Zlín,Zlín
4638,11000,40,3+1,Zlín,Zlín
4639,10000,39,2+kk,Zlín,Zlín
4640,14000,65,4+1,"Zlín, okres Zlín",Zlín
4641,6000,33,2+1,"Otrokovice, okres Zlín",Otrokovice
4642,7000,32,2+1,"Valašské Meziříčí, okres Vsetín",Valašské Meziříčí
4643,7000,21,1+kk,Uherské Hradiště,Uherské Hradiště
4644,10000,22,2+kk,Zlín,Zlín
4645,6000,13,1+1,Zlín,Zlín
4646,8000,22,2+kk,"Hulín, okres Kroměříž",Hulín
4647,6000,22,1+kk,"Luhačovice, okres Zlín",Luhačovice
4648,9000,33,2+kk,"Luhačovice, okres Zlín",Luhačovice
4649,7000,34,2+1,Zlín,Zlín
4650,9000,44,3+1,Zlín,Zlín
4651,7000,25,2+kk,Vsetín,Vsetín
4652,9000,21,1+kk,Kroměříž,Kroměříž
4654,9000,42,3+1,"Luhačovice, okres Zlín",Luhačovice
4655,6000,17,1+kk,"Zlín - Malenovice, okres Zlín",Zlín - Malenovice
4656,10000,29,2+kk,Zlín,Zlín
4657,5000,23,1+kk,Zlín,Zlín
4658,6000,36,2+1,Kroměříž,Kroměříž
4659,7000,38,2+1,Zlín,Zlín
4660,7000,19,1+1,Kroměříž,Kroměříž
4661,8000,33,2+1,"Uherský Brod, okres Uherské Hradiště",Uherský Brod
4663,8000,40,3+1,Zlín,Zlín
4664,11000,45,3+1,Uherské Hradiště,Uherské Hradiště
4665,7000,19,1+kk,"Otrokovice, okres Zlín",Otrokovice
4666,8000,23,2+kk,"Otrokovice, okres Zlín",Otrokovice
4667,8000,35,2+1,Zlín,Zlín
4668,8000,20,1+kk,"Zlín - Příluky, okres Zlín",Zlín - Příluky
4669,9000,42,3+1,Zlín,Zlín
4672,10000,42,2+kk,Vsetín,Vsetín
4673,8000,31,2+kk,Zlín,Zlín
4674,10000,36,3+kk,Zlín,Zlín
4675,11000,101,atypické,"Valašské Meziříčí, okres Vsetín",Valašské Meziříčí
4676,8000,24,2+kk,"Zlín - Malenovice, okres Zlín",Zlín - Malenovice
4677,8000,34,2+1,Zlín,Zlín
4678,5000,17,1+kk,Zlín,Zlín
4679,9000,29,2+kk,"Rožnov pod Radhoštěm, okres Vsetín",Rožnov pod Radhoštěm
4680,7000,32,2+kk,Zlín,Zlín
4682,7000,32,2+kk,"Uherský Brod, okres Uherské Hradiště",Uherský Brod
4683,7000,17,1+kk,Zlín,Zlín
4684,10000,35,2+1,Zlín,Zlín
4685,9000,35,2+1,"Zlín, okres Zlín",Zlín
4686,8000,43,3+1,"Uherský Brod, okres Uherské Hradiště",Uherský Brod
4687,9000,31,2+1,"Uherský Brod, okres Uherské Hradiště",Uherský Brod
4691,4000,11,1+kk,"Zlín, okres Zlín",Zlín
4692,5000,16,1+kk,"Otrokovice, okres Zlín",Otrokovice
4693,6000,17,2+kk,Zlín,Zlín
4694,8000,31,2+kk,Zlín,Zlín
4695,9000,41,3+1,"Rožnov pod Radhoštěm, okres Vsetín",Rožnov pod Radhoštěm
4697,8000,32,2+kk,Zlín,Zlín
4699,11000,54,3+1,Kroměříž,Kroměříž
4700,7000,45,3+kk,Kroměříž,Kroměříž
4701,5000,20,1+kk,"Otrokovice, okres Zlín",Otrokovice
4705,10000,38,2+1,Uherské Hradiště,Uherské Hradiště
4706,6000,19,1+kk,Zlín,Zlín
4707,8000,31,2+kk,Zlín,Zlín
4708,7000,35,2+1,Zlín,Zlín
4709,6000,20,1+kk,Zlín,Zlín
4710,8000,22,1+1,Zlín,Zlín
4711,6000,33,2+1,"Hulín, okres Kroměříž",Hulín
4712,8000,22,2+kk,"Hulín, okres Kroměříž",Hulín
4713,9000,21,1+kk,Kroměříž,Kroměříž
4715,9000,42,3+1,Zlín,Zlín
4716,8000,29,1+1,Zlín,Zlín
4718,8000,39,1+kk,Zlín,Zlín
4719,10000,32,2+1,Vsetín,Vsetín
4720,10000,33,2+kk,"Zlín - Příluky, okres Zlín",Zlín - Příluky
4721,6000,20,1+1,"Valašské Meziříčí, okres Vsetín",Valašské Meziříčí
4723,7000,22,1+1,Kroměříž,Kroměříž
4724,11000,39,2+kk,Zlín,Zlín
4725,8000,44,2+1,"Rožnov pod Radhoštěm, okres Vsetín",Rožnov pod Radhoštěm
4726,13000,66,5+1,"Rožnov pod Radhoštěm, okres Vsetín",Rožnov pod Radhoštěm
4727,7000,37,3+1,"Otrokovice, okres Zlín",Otrokovice
4729,6000,27,2+1,"Rožnov pod Radhoštěm, okres Vsetín",Rožnov pod Radhoštěm
4731,5000,13,1+kk,"Bystřice pod Hostýnem, okres Kroměříž",Bystřice pod Hostýnem
4732,5000,17,1+kk,"Hulín, okres Kroměříž",Hulín
4733,6000,44,2+kk,"Bystřice pod Hostýnem, okres Kroměříž",Bystřice pod Hostýnem
4734,7000,33,2+1,"Bystřice pod Hostýnem, okres Kroměříž",Bystřice pod Hostýnem
4735,8000,34,2+kk,"Zlín - Příluky, okres Zlín",Zlín - Příluky
4736,12000,51,4+kk,Zlín,Zlín
4737,11000,50,3+kk,Zlín,Zlín
4738,9000,35,2+1,Zlín,Zlín
4739,8000,29,2+kk,Uherské Hradiště,Uherské Hradiště
4741,7000,19,1+kk,Zlín,Zlín
4742,13000,53,4+1,"Otrokovice, okres Zlín",Otrokovice
4744,7000,17,1+kk,Zlín,Zlín
4746,6000,27,2+1,"Rožnov pod Radhoštěm, okres Vsetín",Rožnov pod Radhoštěm
4748,5000,13,1+kk,"Bystřice pod Hostýnem, okres Kroměříž",Bystřice pod Hostýnem
4749,5000,17,1+kk,"Hulín, okres Kroměříž",Hulín
4750,6000,44,2+kk,"Bystřice pod Hostýnem, okres Kroměříž",Bystřice pod Hostýnem
4751,7000,33,2+1,"Bystřice pod Hostýnem, okres Kroměříž",Bystřice pod Hostýnem
4752,12000,51,4+kk,Zlín,Zlín
4753,11000,50,3+kk,Zlín,Zlín
4754,9000,35,2+1,Zlín,Zlín
4755,8000,29,2+kk,Uherské Hradiště,Uherské Hradiště
4757,7000,19,1+kk,Zlín,Zlín
4758,13000,53,4+1,"Otrokovice, okres Zlín",Otrokovice
4760,6000,17,1+kk,Uherské Hradiště,Uherské Hradiště
4761,7000,25,1+kk,"Kroměříž, okres Kroměříž",Kroměříž
4764,7000,31,2+1,Kroměříž,Kroměříž
4766,8000,20,2+kk,Zlín,Zlín
4767,8000,37,2+1,Zlín,Zlín
4769,4000,15,1+kk,"Zlín - Malenovice, okres Zlín",Zlín - Malenovice
4770,6000,16,1+kk,"Uherský Brod, okres Uherské Hradiště",Uherský Brod
4772,8000,36,3+1,"Rožnov pod Radhoštěm, okres Vsetín",Rožnov pod Radhoštěm
4773,4000,16,1+kk,Kroměříž,Kroměříž
4776,9000,32,2+kk,Zlín,Zlín
4777,8000,22,1+kk,"Zlín - Malenovice, okres Zlín",Zlín - Malenovice
4778,13000,44,3+1,Zlín,Zlín
4779,11000,86,4+1,"Zlín - Příluky, okres Zlín",Zlín - Příluky
4782,8000,39,3+1,"Rožnov pod Radhoštěm, okres Vsetín",Rožnov pod Radhoštěm
4783,6000,20,1+1,"Valašské Meziříčí, okres Vsetín",Valašské Meziříčí
4786,6000,31,2+1,Zlín,Zlín
4790,9000,40,3+1,Zlín,Zlín
4791,8000,41,3+kk,"Hulín, okres Kroměříž",Hulín
4792,5000,23,1+1,"Zlín - Příluky, okres Zlín",Zlín - Příluky
4793,11000,41,2+kk,Kroměříž,Kroměříž
4796,10000,41,3+1,Zlín,Zlín
4797,5000,26,2+kk,"Rožnov pod Radhoštěm, okres Vsetín",Rožnov pod Radhoštěm
4799,6000,17,1+kk,"Valašské Meziříčí, okres Vsetín",Valašské Meziříčí
4801,12000,35,2+kk,Zlín,Zlín
4802,5000,19,1+1,"Zlín - Malenovice, okres Zlín",Zlín - Malenovice
4803,8000,41,3+1,"Uherský Brod, okres Uherské Hradiště",Uherský Brod
4805,8000,11,1+kk,Zlín,Zlín
4807,9000,36,2+1,Zlín,Zlín
4808,7000,35,2+1,"Hulín, okres Kroměříž",Hulín
4809,8000,31,3+1,Zlín,Zlín
4810,8000,20,1+1,"Otrokovice, okres Zlín",Otrokovice
4811,8000,16,1+kk,"Zlín - Příluky, okres Zlín",Zlín - Příluky
4812,8000,33,2+1,"Uherský Brod, okres Uherské Hradiště",Uherský Brod
4813,7000,41,3+1,Kroměříž,Kroměříž
4815,10000,44,3+kk,Zlín,Zlín
4817,13000,56,3+1,Zlín,Zlín
4819,8000,34,2+1,"Uherský Brod, okres Uherské Hradiště",Uherský Brod
4821,10000,35,3+kk,Uherské Hradiště,Uherské Hradiště
4822,9000,23,1+1,Uherské Hradiště,Uherské Hradiště
4823,7000,17,1+kk,"Zlín - Malenovice, okres Zlín",Zlín - Malenovice
4824,8000,35,2+1,Kroměříž,Kroměříž
4825,8000,56,2+kk,"Luhačovice, okres Zlín",Luhačovice
4826,7000,28,2+1,"Zlín - Malenovice, okres Zlín",Zlín - Malenovice
4827,8000,56,3+1,"Zlín - Příluky, okres Zlín",Zlín - Příluky
4828,11000,31,2+1,Zlín,Zlín
4829,9000,37,3+1,Zlín,Zlín
4830,9000,31,2+1,Zlín,Zlín
4831,7000,33,2+kk,Zlín,Zlín
4834,8000,38,3+1,"Rožnov pod Radhoštěm, okres Vsetín",Rožnov pod Radhoštěm
4836,5000,17,1+1,Zlín,Zlín
4838,7000,24,2+kk,"Rožnov pod Radhoštěm, okres Vsetín",Rožnov pod Radhoštěm
4839,7000,20,1+1,"Otrokovice, okres Zlín",Otrokovice
4840,8000,35,2+1,Zlín,Zlín
4841,9000,26,2+kk,Zlín,Zlín
4842,8000,19,1+1,Kroměříž,Kroměříž
4843,10000,44,3+1,Kroměříž,Kroměříž
4844,7000,29,2+kk,"Hulín, okres Kroměříž",Hulín
4845,7000,42,3+1,"Hulín, okres Kroměříž",Hulín
4846,8000,44,3+1,"Luhačovice, okres Zlín",Luhačovice
4848,7000,19,1+1,Zlín,Zlín
4849,10000,42,4+1,Zlín,Zlín
4850,10000,51,2+kk,Zlín,Zlín
4851,5000,17,1+kk,Zlín,Zlín
4852,12000,30,2+kk,Zlín,Zlín
4856,8000,38,3+1,Kroměříž,Kroměříž
4857,8000,42,2+1,Zlín,Zlín
4859,14000,53,3+1,"Zlín - Příluky, okres Zlín",Zlín - Příluky
4860,8000,53,3+1,Zlín,Zlín
4861,7000,32,2+1,Zlín,Zlín
4862,7000,44,3+kk,"Luhačovice, okres Zlín",Luhačovice
4863,6000,12,other,"Otrokovice, okres Zlín",Otrokovice
4864,11000,41,3+kk,Zlín,Zlín
4865,12000,45,3+1,"Valašské Meziříčí, okres Vsetín",Valašské Meziříčí
4866,8000,31,2+1,"Rožnov pod Radhoštěm, okres Vsetín",Rožnov pod Radhoštěm
4867,7000,19,1+kk,Zlín,Zlín
4868,6000,23,1+kk,Uherské Hradiště,Uherské Hradiště
4869,7000,18,1+1,Zlín,Zlín
4870,7000,34,2+kk,"Bystřice pod Hostýnem, okres Kroměříž",Bystřice pod Hostýnem
4871,5000,16,1+kk,"Bystřice pod Hostýnem, okres Kroměříž",Bystřice pod Hostýnem
4872,8000,39,2+kk,"Bystřice pod Hostýnem, okres Kroměříž",Bystřice pod Hostýnem
4873,11000,45,3+1,"Otrokovice, okres Zlín",Otrokovice
4874,5000,29,2+kk,"Rožnov pod Radhoštěm, okres Vsetín",Rožnov pod Radhoštěm
4878,11000,32,2+kk,"Luhačovice, okres Zlín",Luhačovice
4879,6000,22,1+1,Kroměříž,Kroměříž
4880,6000,23,2+kk,"Bystřice pod Hostýnem, okres Kroměříž",Bystřice pod Hostýnem
4881,6000,14,1+kk,Zlín,Zlín
4882,6000,19,1+1,Vsetín,Vsetín
4884,6000,22,1+kk,"Zlín - Malenovice, okres Zlín",Zlín - Malenovice
4885,6000,23,1+kk,"Otrokovice, okres Zlín",Otrokovice
4886,6000,25,1+kk,"Uherský Brod, okres Uherské Hradiště",Uherský Brod
4889,6000,17,1+kk,"Otrokovice, okres Zlín",Otrokovice
4890,11000,24,1+1,Zlín,Zlín
4891,11000,46,3+kk,"Luhačovice, okres Zlín",Luhačovice
4895,8000,38,3+1,Kroměříž,Kroměříž
4896,8000,27,2+1,Vsetín,Vsetín
4897,7000,19,1+1,Zlín,Zlín
4898,5000,14,1+kk,Kroměříž,Kroměříž
4899,11000,50,2+kk,Kroměříž,Kroměříž
4901,14000,64,3+kk,"Zlín, okres Zlín",Zlín
4902,11000,35,2+kk,Zlín,Zlín
4903,7000,44,2+kk,"Bystřice pod Hostýnem, okres Kroměříž",Bystřice pod Hostýnem
4904,4000,7,other,Zlín,Zlín
4905,7000,32,2+1,"Rožnov pod Radhoštěm, okres Vsetín",Rožnov pod Radhoštěm
4907,7000,34,2+kk,"Bystřice pod Hostýnem, okres Kroměříž",Bystřice pod Hostýnem
4908,8000,39,3+kk,"Bystřice pod Hostýnem, okres Kroměříž",Bystřice pod Hostýnem
4909,5000,28,2+kk,"Valašské Meziříčí, okres Vsetín",Valašské Meziříčí
4910,7000,16,1+kk,Zlín,Zlín
4911,5000,20,1+kk,"Bystřice pod Hostýnem, okres Kroměříž",Bystřice pod Hostýnem
4912,10000,38,2+kk,"Kroměříž, okres Kroměříž",Kroměříž
4913,7000,34,2+1,Zlín,Zlín
4915,7000,27,1+1,Vsetín,Vsetín
4916,5000,19,1+1,"Uherské Hradiště, okres Uherské Hradiště",Uherské Hradiště
4918,7000,41,2+kk,"Rožnov pod Radhoštěm, okres Vsetín",Rožnov pod Radhoštěm
4920,8000,28,2+kk,"Zlín - Příluky, okres Zlín",Zlín - Příluky
4921,7000,18,1+kk,Uherské Hradiště,Uherské Hradiště
4922,10000,34,2+kk,Zlín,Zlín
4923,5000,17,1+kk,Uherské Hradiště,Uherské Hradiště
4924,7000,23,1+1,"Uherský Brod, okres Uherské Hradiště",Uherský Brod
4927,7000,15,1+kk,Zlín,Zlín
4928,5000,16,1+kk,Zlín,Zlín
4929,6000,18,1+1,Vsetín,Vsetín
4930,8000,37,2+1,"Uherský Brod, okres Uherské Hradiště",Uherský Brod
4937,10000,38,2+1,"Rožnov pod Radhoštěm, okres Vsetín",Rožnov pod Radhoštěm
4938,9000,33,3+kk,Zlín,Zlín
4939,6000,16,1+kk,"Valašské Meziříčí, okres Vsetín",Valašské Meziříčí
4940,6000,16,1+kk,Zlín,Zlín
4941,7000,37,2+1,"Otrokovice, okres Zlín",Otrokovice
4942,7000,17,1+kk,"Otrokovice, okres Zlín",Otrokovice
4943,7000,33,2+1,"Rožnov pod Radhoštěm, okres Vsetín",Rožnov pod Radhoštěm
4944,8000,33,2+1,"Zlín - Malenovice, okres Zlín",Zlín - Malenovice
4945,8000,26,1+1,Vsetín,Vsetín
4947,11000,62,2+kk,"Rožnov pod Radhoštěm, okres Vsetín",Rožnov pod Radhoštěm
4948,7000,34,1+kk,Zlín,Zlín
4949,8000,38,3+kk,"Hulín, okres Kroměříž",Hulín
4950,10000,31,2+kk,Zlín,Zlín
4951,13000,70,3+kk,Zlín,Zlín
4952,9000,32,2+1,Zlín,Zlín
4953,4000,13,1+kk,Uherské Hradiště,Uherské Hradiště
4957,8000,42,3+1,"Uherský Brod, okres Uherské Hradiště",Uherský Brod
4959,8000,40,2+kk,Kroměříž,Kroměříž
4960,8000,29,2+kk,Uherské Hradiště,Uherské Hradiště
4961,8000,26,1+kk,Zlín,Zlín
4962,8000,32,2+1,Vsetín,Vsetín
4963,5000,12,1+kk,"Rožnov pod Radhoštěm, okres Vsetín",Rožnov pod Radhoštěm
4964,9000,36,2+kk,"Uherské Hradiště, okres Uherské Hradiště",Uherské Hradiště
4965,7000,36,2+1,Kroměříž,Kroměříž
4966,5000,14,1+kk,Uherské Hradiště,Uherské Hradiště
4967,9000,57,3+kk,"Bystřice pod Hostýnem, okres Kroměříž",Bystřice pod Hostýnem
4968,8000,44,1+kk,"Bystřice pod Hostýnem, okres Kroměříž",Bystřice pod Hostýnem
4969,8000,33,2+1,Kroměříž,Kroměříž
4970,7000,25,1+1,"Bystřice pod Hostýnem, okres Kroměříž",Bystřice pod Hostýnem
4973,7000,44,1+kk,"Bystřice pod Hostýnem, okres Kroměříž",Bystřice pod Hostýnem
4974,7000,42,1+kk,"Bystřice pod Hostýnem, okres Kroměříž",Bystřice pod Hostýnem
4976,7000,26,2+kk,"Valašské Meziříčí, okres Vsetín",Valašské Meziříčí
4977,7000,16,1+kk,"Zlín - Malenovice, okres Zlín",Zlín - Malenovice
4978,16000,59,3+kk,Zlín,Zlín
4979,8000,39,3+kk,Uherské Hradiště,Uherské Hradiště
4980,8000,38,3+1,"Rožnov pod Radhoštěm, okres Vsetín",Rožnov pod Radhoštěm
4982,7000,26,1+kk,"Zlín, okres Zlín",Zlín
4983,7000,31,2+1,"Rožnov pod Radhoštěm, okres Vsetín",Rožnov pod Radhoštěm
4984,7000,40,3+1,"Rožnov pod Radhoštěm, okres Vsetín",Rožnov pod Radhoštěm
4986,6000,17,1+kk,Zlín,Zlín
4987,6000,44,2+kk,"Hulín, okres Kroměříž",Hulín
4988,8000,31,2+1,"Rožnov pod Radhoštěm, okres Vsetín",Rožnov pod Radhoštěm
4989,6000,44,2+kk,"Hulín, okres Kroměříž",Hulín
4990,8000,38,2+1,"Luhačovice, okres Zlín",Luhačovice
4991,8000,32,2+1,"Uherský Brod, okres Uherské Hradiště",Uherský Brod
4992,8000,30,2+kk,Kroměříž,Kroměříž
4993,10000,32,2+1,Vsetín,Vsetín
4994,5000,16,1+kk,Uherské Hradiště,Uherské Hradiště
4995,7000,45,3+kk,"Kroměříž, okres Kroměříž",Kroměříž
4996,5000,16,1+kk,Uherské Hradiště,Uherské Hradiště
4997,7000,32,2+1,Vsetín,Vsetín
4998,6000,17,1+1,"Otrokovice, okres Zlín",Otrokovice
4999,7000,26,1+1,Uherské Hradiště,Uherské Hradiště
5000,15000,77,3+kk,Zlín,Zlín
5001,7000,20,2+kk,Zlín,Zlín
5002,8000,41,3+1,"Rožnov pod Radhoštěm, okres Vsetín",Rožnov pod Radhoštěm
5004,10000,47,3+1,Zlín,Zlín
5005,5000,15,1+kk,"Uherský Brod, okres Uherské Hradiště",Uherský Brod
5006,5000,20,1+kk,Uherské Hradiště,Uherské Hradiště
5007,9000,52,4+1,Zlín,Zlín
5010,7000,51,2+kk,Kroměříž,Kroměříž
5011,6000,35,2+kk,"Rožnov pod Radhoštěm, okres Vsetín",Rožnov pod Radhoštěm
5013,5000,18,1+kk,Zlín,Zlín
5014,7000,32,2+1,Zlín,Zlín
5016,13000,54,3+kk,Zlín,Zlín
5017,5000,26,2+kk,Zlín,Zlín
5024,8000,45,2+1,"Rožnov pod Radhoštěm, okres Vsetín",Rožnov pod Radhoštěm
5025,7000,17,1+kk,Zlín,Zlín
5028,6000,36,2+1,Zlín,Zlín
5030,7000,31,2+1,Zlín,Zlín
5034,5000,14,1+kk,Zlín,Zlín
5035,6000,17,1+kk,"Luhačovice, okres Zlín",Luhačovice
5039,11000,51,3+kk,"Uherský Brod, okres Uherské Hradiště",Uherský Brod
5040,12000,59,3+1,"Valašské Meziříčí, okres Vsetín",Valašské Meziříčí
5041,10000,41,2+1,"Valašské Meziříčí, okres Vsetín",Valašské Meziříčí
5044,8000,14,1+kk,Kroměříž,Kroměříž
5047,7000,34,3+kk,"Rožnov pod Radhoštěm, okres Vsetín",Rožnov pod Radhoštěm
5048,8000,32,2+1,"Uherský Brod, okres Uherské Hradiště",Uherský Brod
5049,8000,31,2+1,"Rožnov pod Radhoštěm, okres Vsetín",Rožnov pod Radhoštěm
5050,5000,26,2+kk,"Uherský Brod, okres Uherské Hradiště",Uherský Brod
5051,8000,17,1+kk,Kroměříž,Kroměříž
5052,8000,17,1+kk,Kroměříž,Kroměříž
5053,7000,8,1+kk,Kroměříž,Kroměříž
5054,8000,10,1+kk,Kroměříž,Kroměříž
5055,7000,25,2+kk,"Valašské Meziříčí, okres Vsetín",Valašské Meziříčí
5056,8000,16,1+kk,"Zlín - Malenovice, okres Zlín",Zlín - Malenovice
5057,9000,37,4+1,Vsetín,Vsetín
5058,17000,85,3+kk,Zlín,Zlín
5060,26000,57,3+kk,"Rožnov pod Radhoštěm, okres Vsetín",Rožnov pod Radhoštěm
5061,15000,22,1+kk,Praha 7 - Holešovice,Praha 7 - Holešovice
5062,14000,59,3+1,Praha 9 - Libeň,Praha 9 - Libeň
5063,16000,30,2+kk,Praha 8 - Karlín,Praha 8 - Karlín
5064,14000,26,2+kk,Praha 5 - Radlice,Praha 5 - Radlice
5065,20000,44,3+kk,Praha 2 - Nové Město,Praha 2 - Nové Město
5066,10000,26,2+kk,Praha 8 - Karlín,Praha 8 - Karlín
5067,26000,87,4+kk,Praha 10 - Vršovice,Praha 10 - Vršovice
5068,13000,35,2+1,Praha 9 - Horní Počernice,Praha 9 - Horní Počernice
5069,59000,134,5+kk,Praha 7 - Holešovice,Praha 7 - Holešovice
5070,14000,32,2+kk,Praha 9 - Hrdlořezy,Praha 9 - Hrdlořezy
5071,12000,35,2+kk,Praha 6 - Dejvice,Praha 6 - Dejvice
5072,10000,19,1+kk,Praha 4 - Krč,Praha 4 - Krč
5073,13000,35,2+kk,Praha 10 - Dolní Měcholupy,Praha 10 - Dolní Měcholupy
5074,13000,32,2+kk,Praha 10 - Dolní Měcholupy,Praha 10 - Dolní Měcholupy
5076,15000,32,2+kk,Praha 4 - Michle,Praha 4 - Michle
5077,14000,44,2+1,Praha 5 - Smíchov,Praha 5 - Smíchov
5078,14000,40,2+kk,Praha 10 - Horní Měcholupy,Praha 10 - Horní Měcholupy
5079,17000,44,3+kk,Praha 4 - Nusle,Praha 4 - Nusle
5080,11000,26,1+kk,Praha 5 - Řeporyje,Praha 5 - Řeporyje
5081,34000,63,2+kk,Praha 4 - Nusle,Praha 4 - Nusle
5082,16000,39,3+kk,Praha 6 - Řepy,Praha 6 - Řepy
5083,10000,34,2+kk,Praha 4 - Nusle,Praha 4 - Nusle
5085,13000,44,3+1,Praha 5 - Smíchov,Praha 5 - Smíchov
5086,17000,40,2+1,Praha 4 - Nusle,Praha 4 - Nusle
5087,15000,35,2+kk,Praha 9 - Vysočany,Praha 9 - Vysočany
5088,16000,28,2+kk,Praha 5 - Smíchov,Praha 5 - Smíchov
5089,38000,88,4+kk,Praha 1 - Staré Město,Praha 1 - Staré Město
5090,26000,54,3+kk,Praha 9 - Vysočany,Praha 9 - Vysočany
5091,24000,52,3+kk,Praha 2 - Vinohrady,Praha 2 - Vinohrady
5092,13000,26,2+kk,Praha 2 - Nové Město,Praha 2 - Nové Město
5093,17000,36,2+kk,Praha 1 - Staré Město,Praha 1 - Staré Město
5094,12000,35,3+kk,Praha 9 - Libeň,Praha 9 - Libeň
5095,21000,82,3+1,Praha 2 - Vinohrady,Praha 2 - Vinohrady
5096,11000,34,2+1,Praha 7 - Holešovice,Praha 7 - Holešovice
5097,14000,37,2+kk,Praha 10 - Horní Měcholupy,Praha 10 - Horní Měcholupy
5098,23000,91,3+kk,Praha 3 - Žižkov,Praha 3 - Žižkov
5099,28000,46,3+kk,Praha 3 - Žižkov,Praha 3 - Žižkov
5100,15000,46,3+1,Praha 5 - Hlubočepy,Praha 5 - Hlubočepy
5101,25000,66,3+kk,Praha 5 - Košíře,Praha 5 - Košíře
5102,26000,58,4+kk,Praha 3 - Žižkov,Praha 3 - Žižkov
5103,31000,53,3+kk,Praha 8 - Karlín,Praha 8 - Karlín
5104,16000,31,2+kk,Praha 2 - Vinohrady,Praha 2 - Vinohrady
5105,10000,16,1+kk,Praha 7 - Holešovice,Praha 7 - Holešovice
5106,10000,17,1+kk,Praha 4 - Chodov,Praha 4 - Chodov
5107,31000,87,5+1,Praha 5 - Smíchov,Praha 5 - Smíchov
5108,17000,47,2+kk,Praha 10 - Strašnice,Praha 10 - Strašnice
5109,13000,26,2+kk,Praha 4 - Kamýk,Praha 4 - Kamýk
5110,13000,30,2+kk,Praha 4 - Krč,Praha 4 - Krč
5111,11000,28,1+kk,Praha 10 - Vinohrady,Praha 10 - Vinohrady
5112,17000,32,2+kk,Praha 5 - Smíchov,Praha 5 - Smíchov
5113,24000,48,3+1,Praha 2 - Nové Město,Praha 2 - Nové Město
5114,38000,101,4+kk,Praha 2 - Vinohrady,Praha 2 - Vinohrady
5115,53000,106,4+1,Praha 1 - Malá Strana,Praha 1 - Malá Strana
5116,23000,43,2+1,Praha 1 - Malá Strana,Praha 1 - Malá Strana
5117,26000,54,4+kk,Praha 3 - Žižkov,Praha 3 - Žižkov
5118,23000,42,3+kk,Praha 3 - Žižkov,Praha 3 - Žižkov
5119,35000,100,5+1,Praha 5 - Smíchov,Praha 5 - Smíchov
5120,19000,53,3+kk,Praha 3,Praha 3
5121,29000,60,3+kk,Praha 4 - Nusle,Praha 4 - Nusle
5122,15000,22,1+kk,Praha 7 - Holešovice,Praha 7 - Holešovice
5123,13000,39,2+1,Praha 8 - Bohnice,Praha 8 - Bohnice
5124,35000,100,5+1,Praha 5 - Smíchov,Praha 5 - Smíchov
5125,10000,22,1+kk,Praha 10 - Strašnice,Praha 10 - Strašnice
5126,14000,32,2+kk,Praha 5 - Smíchov,Praha 5 - Smíchov
5127,19000,47,3+kk,Praha 9 - Libeň,Praha 9 - Libeň
5128,16000,36,2+kk,Praha 9 - Kyje,Praha 9 - Kyje
5129,11000,35,2+1,Praha 10 - Vršovice,Praha 10 - Vršovice
5130,8000,13,1+kk,Praha 5 - Smíchov,Praha 5 - Smíchov
5131,12000,34,2+kk,Praha 10 - Strašnice,Praha 10 - Strašnice
5132,11000,28,1+1,Praha 5 - Smíchov,Praha 5 - Smíchov
5133,8000,16,1+kk,Praha 3 - Žižkov,Praha 3 - Žižkov
5134,14000,45,3+kk,Praha 8 - Karlín,Praha 8 - Karlín
5135,14000,37,2+kk,Praha 9 - Kyje,Praha 9 - Kyje
5136,17000,42,2+1,Praha 3 - Žižkov,Praha 3 - Žižkov
5137,15000,23,1+kk,Praha 3 - Vinohrady,Praha 3 - Vinohrady
5138,11000,17,1+kk,Praha 3 - Vinohrady,Praha 3 - Vinohrady
5139,47000,101,4+1,Praha 1 - Malá Strana,Praha 1 - Malá Strana
5140,36000,42,2+kk,Praha 5 - Smíchov,Praha 5 - Smíchov
5141,29000,35,2+kk,Praha 3 - Vinohrady,Praha 3 - Vinohrady
5142,26000,54,4+kk,Praha 3 - Žižkov,Praha 3 - Žižkov
5143,23000,43,2+1,Praha 1 - Malá Strana,Praha 1 - Malá Strana
5144,17000,48,2+kk,Praha 1 - Staré Město,Praha 1 - Staré Město
5147,20000,41,3+kk,Praha 2 - Nové Město,Praha 2 - Nové Město
5148,53000,106,4+1,Praha 1 - Malá Strana,Praha 1 - Malá Strana
5149,23000,42,3+kk,Praha 3 - Žižkov,Praha 3 - Žižkov
5150,38000,101,4+kk,Praha 2 - Vinohrady,Praha 2 - Vinohrady
5151,11000,17,1+kk,Praha 3 - Vinohrady,Praha 3 - Vinohrady
5152,24000,48,3+1,Praha 2 - Nové Město,Praha 2 - Nové Město
5153,38000,54,3+kk,Praha 3 - Vinohrady,Praha 3 - Vinohrady
5154,59000,63,4+kk,Praha 3 - Vinohrady,Praha 3 - Vinohrady
5155,26000,55,3+kk,Praha 3 - Vinohrady,Praha 3 - Vinohrady
5157,16000,26,2+kk,Praha 3 - Vinohrady,Praha 3 - Vinohrady
5159,12000,23,1+1,Praha 5 - Stodůlky,Praha 5 - Stodůlky
5160,11000,20,1+kk,Praha 9 - Vysočany,Praha 9 - Vysočany
5161,11000,31,2+kk,Praha 9 - Libeň,Praha 9 - Libeň
5162,26000,51,3+kk,Praha 6,Praha 6
5164,14000,29,2+kk,Praha 3 - Strašnice,Praha 3 - Strašnice
5165,17000,32,2+kk,Praha 5 - Smíchov,Praha 5 - Smíchov
5166,17000,49,3+kk,Praha 10 - Strašnice,Praha 10 - Strašnice
5167,15000,32,2+kk,Praha 9 - Vysočany,Praha 9 - Vysočany
5168,15000,23,1+kk,Praha 8 - Karlín,Praha 8 - Karlín
5169,14000,34,2+kk,Praha 5 - Smíchov,Praha 5 - Smíchov
5171,20000,40,2+1,Praha 10 - Strašnice,Praha 10 - Strašnice
5172,25000,56,3+kk,Praha 10 - Vinohrady,Praha 10 - Vinohrady
5173,24000,46,3+kk,Praha 1 - Nové Město,Praha 1 - Nové Město
5174,26000,56,4+kk,Praha 4 - Nusle,Praha 4 - Nusle
5175,24000,45,3+kk,Praha 1 - Nové Město,Praha 1 - Nové Město
5177,14000,36,2+1,Praha 3 - Vinohrady,Praha 3 - Vinohrady
5178,13000,20,1+kk,Praha 3 - Žižkov,Praha 3 - Žižkov
5179,15000,22,2+kk,Praha 2 - Nusle,Praha 2 - Nusle
5180,28000,53,4+kk,Praha 3 - Žižkov,Praha 3 - Žižkov
5181,14000,28,2+kk,Praha 5 - Řeporyje,Praha 5 - Řeporyje
5182,13000,34,2+1,Praha 4 - Nusle,Praha 4 - Nusle
5183,15000,22,1+kk,Praha 7 - Holešovice,Praha 7 - Holešovice
5184,14000,34,2+kk,Praha 8 - Karlín,Praha 8 - Karlín
5185,14000,27,2+kk,Praha 4 - Nusle,Praha 4 - Nusle
5186,23000,53,4+kk,Praha 2 - Nové Město,Praha 2 - Nové Město
5187,17000,42,3+kk,Praha 10 - Strašnice,Praha 10 - Strašnice
5188,31000,87,4+1,Praha 5 - Smíchov,Praha 5 - Smíchov
5189,23000,44,3+kk,Praha 8 - Libeň,Praha 8 - Libeň
5190,9000,20,1+kk,Praha 10 - Uhříněves,Praha 10 - Uhříněves
5192,8000,17,1+kk,Praha 4,Praha 4
5193,8000,23,1+1,Praha 8 - Libeň,Praha 8 - Libeň
5194,14000,41,2+1,Praha 3 - Vinohrady,Praha 3 - Vinohrady
5196,16000,32,2+kk,Praha 5 - Smíchov,Praha 5 - Smíchov
5197,12000,32,2+kk,Praha 4 - Michle,Praha 4 - Michle
5198,15000,29,2+kk,Praha 10 - Strašnice,Praha 10 - Strašnice
5199,15000,29,2+kk,Praha 2 - Vinohrady,Praha 2 - Vinohrady
5200,14000,23,2+kk,Praha 7 - Holešovice,Praha 7 - Holešovice
5201,11000,30,2+kk,Praha 9 - Vysočany,Praha 9 - Vysočany
5202,26000,69,3+kk,Praha 2 - Vinohrady,Praha 2 - Vinohrady
5203,17000,44,3+kk,Praha 2 - Vinohrady,Praha 2 - Vinohrady
5204,25000,86,3+1,Praha 2 - Nové Město,Praha 2 - Nové Město
5205,17000,34,2+kk,Praha 9 - Hloubětín,Praha 9 - Hloubětín
5206,14000,28,2+kk,Praha 10 - Vinohrady,Praha 10 - Vinohrady
5207,15000,32,2+kk,Praha 5 - Smíchov,Praha 5 - Smíchov
5208,13000,31,2+kk,Praha 9 - Letňany,Praha 9 - Letňany
5209,23000,45,2+kk,Praha 7 - Holešovice,Praha 7 - Holešovice
5210,14000,33,2+kk,Praha 9 - Libeň,Praha 9 - Libeň
5211,14000,30,2+kk,Praha 5 - Jinonice,Praha 5 - Jinonice
5212,11000,32,3+kk,Praha 4 - Háje,Praha 4 - Háje
5213,9000,20,1+kk,Praha 8 - Troja,Praha 8 - Troja
5214,8000,13,1+kk,Praha 4 - Michle,Praha 4 - Michle
5215,9000,20,1+kk,Praha 8 - Troja,Praha 8 - Troja
5216,14000,32,2+1,Praha 3 - Žižkov,Praha 3 - Žižkov
5217,10000,31,2+kk,Praha 3 - Žižkov,Praha 3 - Žižkov
5218,25000,42,2+kk,Praha 9 - Prosek,Praha 9 - Prosek
5219,16000,26,2+kk,Praha 3 - Vinohrady,Praha 3 - Vinohrady
5220,8000,19,1+kk,Praha 4 - Michle,Praha 4 - Michle
5221,58000,161,other,Praha 6 - Střešovice,Praha 6 - Střešovice
5222,29000,57,3+kk,Praha 9 - Hrdlořezy,Praha 9 - Hrdlořezy
5223,28000,58,3+kk,Praha 1 - Nové Město,Praha 1 - Nové Město
5225,13000,31,2+kk,Praha 10 - Strašnice,Praha 10 - Strašnice
5226,30000,68,3+kk,Praha 5 - Smíchov,Praha 5 - Smíchov
5227,58000,146,other,Praha 6 - Střešovice,Praha 6 - Střešovice
5228,14000,33,2+1,Praha 10 - Vršovice,Praha 10 - Vršovice
5229,14000,19,1+1,Praha 1 - Malá Strana,Praha 1 - Malá Strana
5230,31000,72,3+1,Praha 1 - Nové Město,Praha 1 - Nové Město
5231,12000,17,1+kk,Praha 9 - Vysočany,Praha 9 - Vysočany
5232,16000,42,3+1,Praha 8 - Kobylisy,Praha 8 - Kobylisy
5233,11000,22,2+kk,Praha 4 - Michle,Praha 4 - Michle
5234,12000,36,2+kk,Praha 10 - Záběhlice,Praha 10 - Záběhlice
5235,17000,36,1+kk,Praha 3 - Žižkov,Praha 3 - Žižkov
5236,17000,22,2+kk,Praha 4 - Nusle,Praha 4 - Nusle
5237,17000,25,2+kk,Praha 4 - Nusle,Praha 4 - Nusle
5238,21000,33,2+kk,Praha 4 - Nusle,Praha 4 - Nusle
5239,17000,22,2+kk,Praha 4 - Nusle,Praha 4 - Nusle
5240,11000,31,1+kk,Praha 4 - Kunratice,Praha 4 - Kunratice
5241,13000,24,2+kk,Praha 2 - Nové Město,Praha 2 - Nové Město
5242,31000,72,4+kk,Praha 1 - Nové Město,Praha 1 - Nové Město
5243,11000,22,1+kk,Praha 6 - Střešovice,Praha 6 - Střešovice
5244,18000,26,2+1,Praha 7 - Holešovice,Praha 7 - Holešovice
5245,31000,72,3+1,Praha 1 - Nové Město,Praha 1 - Nové Město
5246,12000,17,1+kk,Praha 9 - Vysočany,Praha 9 - Vysočany
5247,16000,42,3+1,Praha 8 - Kobylisy,Praha 8 - Kobylisy
5248,11000,22,2+kk,Praha 4 - Michle,Praha 4 - Michle
5249,12000,36,2+kk,Praha 10 - Záběhlice,Praha 10 - Záběhlice
5250,17000,36,1+kk,Praha 3 - Žižkov,Praha 3 - Žižkov
5251,17000,22,2+kk,Praha 4 - Nusle,Praha 4 - Nusle
5252,17000,25,2+kk,Praha 4 - Nusle,Praha 4 - Nusle
5253,21000,33,2+kk,Praha 4 - Nusle,Praha 4 - Nusle
5254,17000,22,2+kk,Praha 4 - Nusle,Praha 4 - Nusle
5255,11000,31,1+kk,Praha 4 - Kunratice,Praha 4 - Kunratice
5256,13000,24,2+kk,Praha 2 - Nové Město,Praha 2 - Nové Město
5257,31000,72,4+kk,Praha 1 - Nové Město,Praha 1 - Nové Město
5258,11000,22,1+kk,Praha 6 - Střešovice,Praha 6 - Střešovice
5259,19000,42,2+kk,Praha 5 - Jinonice,Praha 5 - Jinonice
5260,9000,19,1+kk,Praha 3 - Žižkov,Praha 3 - Žižkov
5261,10000,25,1+kk,Praha 10 - Vršovice,Praha 10 - Vršovice
5262,13000,31,2+1,Praha 6 - Břevnov,Praha 6 - Břevnov
5263,13000,25,1+kk,Praha 5 - Motol,Praha 5 - Motol
5264,20000,51,2+kk,Praha 8 - Karlín,Praha 8 - Karlín
5265,10000,20,1+kk,Praha 10 - Vršovice,Praha 10 - Vršovice
5266,15000,28,2+kk,Praha 1 - Josefov,Praha 1 - Josefov
5267,12000,38,3+kk,Praha 9 - Letňany,Praha 9 - Letňany
5269,11000,33,2+kk,Praha 9 - Kbely,Praha 9 - Kbely
5270,11000,23,2+kk,Praha 8 - Libeň,Praha 8 - Libeň
5271,9000,15,1+kk,Praha 6 - Ruzyně,Praha 6 - Ruzyně
5272,16000,47,2+1,Praha 5 - Košíře,Praha 5 - Košíře
5273,13000,39,3+1,Praha 8 - Kobylisy,Praha 8 - Kobylisy
5274,15000,29,2+kk,Praha 5 - Smíchov,Praha 5 - Smíchov
5275,8000,19,1+kk,Praha 9 - Vysočany,Praha 9 - Vysočany
5276,16000,48,3+kk,Praha 9 - Kyje,Praha 9 - Kyje
5277,8000,17,1+kk,Praha 10 - Vršovice,Praha 10 - Vršovice
5278,12000,25,2+kk,Praha 9 - Libeň,Praha 9 - Libeň
5279,16000,42,3+1,Praha 8 - Troja,Praha 8 - Troja
5280,11000,25,2+kk,Praha 5 - Stodůlky,Praha 5 - Stodůlky
5281,11000,22,1+kk,Praha 3 - Žižkov,Praha 3 - Žižkov
5282,11000,19,1+kk,Praha 9 - Hloubětín,Praha 9 - Hloubětín
5283,12000,33,3+kk,Praha 9 - Letňany,Praha 9 - Letňany
5284,11000,25,2+kk,Praha 4 - Nusle,Praha 4 - Nusle
5286,13000,32,2+kk,Praha 9 - Letňany,Praha 9 - Letňany
5287,14000,43,3+1,Praha 4 - Chodov,Praha 4 - Chodov
5288,15000,26,2+kk,Praha 4 - Chodov,Praha 4 - Chodov
5290,10000,23,2+kk,Praha 9 - Černý Most,Praha 9 - Černý Most
5291,13000,32,3+kk,Praha 4 - Nusle,Praha 4 - Nusle
5292,11000,23,1+kk,Praha 9 - Hloubětín,Praha 9 - Hloubětín
5293,15000,43,3+kk,Praha 4 - Chodov,Praha 4 - Chodov
5295,15000,41,3+1,Praha 9 - Střížkov,Praha 9 - Střížkov
5296,12000,39,3+1,Praha 9 - Letňany,Praha 9 - Letňany
5297,12000,29,2+kk,Praha 3 - Žižkov,Praha 3 - Žižkov
5298,13000,39,2+1,Praha 4 - Kamýk,Praha 4 - Kamýk
5299,11000,31,2+kk,Praha 5 - Smíchov,Praha 5 - Smíchov
5300,17000,32,2+kk,Praha 5 - Košíře,Praha 5 - Košíře
5301,13000,45,2+kk,Praha 10 - Strašnice,Praha 10 - Strašnice
5302,27000,66,4+kk,Praha 5 - Košíře,Praha 5 - Košíře
5303,10000,19,1+kk,Praha 4 - Krč,Praha 4 - Krč
5304,15000,22,1+kk,Praha 7 - Holešovice,Praha 7 - Holešovice
5305,18000,26,2+1,Praha 7 - Holešovice,Praha 7 - Holešovice
5306,7000,17,1+kk,Praha 9 - Hloubětín,Praha 9 - Hloubětín
5307,11000,25,2+kk,Praha 5 - Stodůlky,Praha 5 - Stodůlky
5308,11000,25,2+kk,Praha 7 - Holešovice,Praha 7 - Holešovice
5309,10000,26,1+1,Praha 3 - Žižkov,Praha 3 - Žižkov
5310,11000,21,1+kk,Praha 9 - Hloubětín,Praha 9 - Hloubětín
5311,11000,29,1+kk,Praha 8 - Libeň,Praha 8 - Libeň
5312,11000,22,1+kk,Praha 3 - Žižkov,Praha 3 - Žižkov
5313,29000,60,4+kk,Praha 8 - Libeň,Praha 8 - Libeň
5314,12000,31,2+kk,Praha 10 - Dolní Měcholupy,Praha 10 - Dolní Měcholupy
5315,12000,45,3+kk,Praha 9 - Kbely,Praha 9 - Kbely
5316,9000,20,1+kk,Praha 9 - Hloubětín,Praha 9 - Hloubětín
5317,10000,19,1+kk,Praha 9 - Hloubětín,Praha 9 - Hloubětín
5318,12000,30,2+kk,Praha 9 - Vysočany,Praha 9 - Vysočany
5319,14000,37,2+kk,Praha 9 - Vysočany,Praha 9 - Vysočany
5320,11000,26,2+kk,Praha 10 - Vinohrady,Praha 10 - Vinohrady
5321,10000,23,2+kk,Praha 4 - Braník,Praha 4 - Braník
5322,11000,38,3+1,Praha 7 - Holešovice,Praha 7 - Holešovice
5323,9000,23,1+kk,Praha 10 - Malešice,Praha 10 - Malešice
5324,14000,43,3+1,Praha 5 - Stodůlky,Praha 5 - Stodůlky
5325,13000,32,2+kk,Praha 9 - Prosek,Praha 9 - Prosek
5326,13000,34,2+kk,Praha 9 - Letňany,Praha 9 - Letňany
5327,16000,36,2+kk,Praha 7 - Holešovice,Praha 7 - Holešovice
5328,14000,33,2+kk,Praha 10 - Michle,Praha 10 - Michle
5329,10000,38,1+kk,Praha 5 - Smíchov,Praha 5 - Smíchov
5330,11000,45,3+1,Praha 9 - Černý Most,Praha 9 - Černý Most
5331,12000,19,1+kk,Praha 3 - Žižkov,Praha 3 - Žižkov
5332,15000,40,3+1,Praha 8 - Troja,Praha 8 - Troja
5333,9000,23,1+1,Praha 8 - Libeň,Praha 8 - Libeň
5334,14000,16,1+kk,Praha 7 - Holešovice,Praha 7 - Holešovice
5335,14000,36,2+kk,Praha 5 - Stodůlky,Praha 5 - Stodůlky
5336,12000,26,2+kk,Praha 5 - Stodůlky,Praha 5 - Stodůlky
5337,16000,29,2+kk,Praha 5 - Stodůlky,Praha 5 - Stodůlky
5338,13000,20,1+kk,Praha 9 - Hloubětín,Praha 9 - Hloubětín
5339,11000,23,1+kk,Praha 4 - Modřany,Praha 4 - Modřany
5340,9000,17,1+kk,Praha 5 - Třebonice,Praha 5 - Třebonice
5341,10000,19,1+kk,Praha 9 - Vysočany,Praha 9 - Vysočany
5342,11000,32,2+1,Praha 6 - Vokovice,Praha 6 - Vokovice
5343,15000,29,2+kk,Praha 9 - Hloubětín,Praha 9 - Hloubětín
5344,16000,44,3+kk,Praha 10 - Záběhlice,Praha 10 - Záběhlice
5345,14000,40,2+1,Praha 4 - Krč,Praha 4 - Krč
5346,13000,25,2+kk,Praha 4 - Háje,Praha 4 - Háje
5347,12000,21,1+kk,Praha 5 - Smíchov,Praha 5 - Smíchov
5348,22000,51,3+kk,Praha 6 - Vokovice,Praha 6 - Vokovice
5349,18000,40,3+kk,Praha 4 - Michle,Praha 4 - Michle
5350,15000,32,2+kk,Praha 6 - Bubeneč,Praha 6 - Bubeneč
5351,10000,19,1+kk,Praha 8 - Kobylisy,Praha 8 - Kobylisy
5352,10000,18,1+kk,Praha 5 - Hlubočepy,Praha 5 - Hlubočepy
5353,11000,20,1+kk,Praha 9 - Hloubětín,Praha 9 - Hloubětín
5354,11000,34,2+kk,Praha 3 - Žižkov,Praha 3 - Žižkov
5355,22000,44,2+kk,Praha 2 - Vinohrady,Praha 2 - Vinohrady
5356,18000,49,2+1,Praha 3 - Žižkov,Praha 3 - Žižkov
5357,17000,25,2+kk,Praha 7 - Holešovice,Praha 7 - Holešovice
5358,16000,37,2+kk,Praha 4 - Michle,Praha 4 - Michle
5359,16000,47,3+kk,Praha 9 - Libeň,Praha 9 - Libeň
5362,17000,25,1+kk,Praha 8 - Karlín,Praha 8 - Karlín
5363,17000,25,1+kk,Praha 8 - Karlín,Praha 8 - Karlín
5364,23000,31,2+kk,Praha 8 - Karlín,Praha 8 - Karlín
5365,29000,71,4+1,Praha 1 - Nové Město,Praha 1 - Nové Město
5366,18000,26,2+1,Praha 7 - Holešovice,Praha 7 - Holešovice
5367,23000,48,2+kk,Praha 1 - Staré Město,Praha 1 - Staré Město
5368,9000,14,1+kk,Praha 9 - Střížkov,Praha 9 - Střížkov
5369,12000,26,1+kk,Praha 3 - Vinohrady,Praha 3 - Vinohrady
5370,10000,30,1+1,Praha 6 - Břevnov,Praha 6 - Břevnov
5371,12000,28,2+kk,Praha 10 - Vršovice,Praha 10 - Vršovice
5372,9000,14,1+kk,Praha 10 - Záběhlice,Praha 10 - Záběhlice
5373,23000,38,2+kk,Praha 3 - Vinohrady,Praha 3 - Vinohrady
5374,46000,63,3+kk,Praha 2 - Vinohrady,Praha 2 - Vinohrady
5375,12000,33,2+kk,Praha 5 - Smíchov,Praha 5 - Smíchov
5376,9000,14,1+kk,Praha 10 - Vršovice,Praha 10 - Vršovice
5377,22000,51,3+1,Praha 1 - Nové Město,Praha 1 - Nové Město
5378,13000,32,2+kk,Praha 10 - Uhříněves,Praha 10 - Uhříněves
5379,14000,34,2+kk,Praha 4 - Michle,Praha 4 - Michle
5380,13000,25,2+kk,Praha 8 - Bohnice,Praha 8 - Bohnice
5381,17000,44,3+1,Praha 10 - Záběhlice,Praha 10 - Záběhlice
5382,19000,69,2+1,Praha 3 - Žižkov,Praha 3 - Žižkov
5383,17000,41,4+kk,Praha 6 - Ruzyně,Praha 6 - Ruzyně
5384,11000,33,2+1,Praha 4 - Krč,Praha 4 - Krč
5385,17000,32,2+kk,Praha 5 - Jinonice,Praha 5 - Jinonice
5386,14000,32,2+1,Praha 6 - Veleslavín,Praha 6 - Veleslavín
5387,11000,16,1+kk,Praha 5 - Smíchov,Praha 5 - Smíchov
5388,14000,40,2+kk,Praha 4 - Modřany,Praha 4 - Modřany
5389,10000,18,1+kk,Praha 7 - Holešovice,Praha 7 - Holešovice
5390,29000,96,4+kk,Praha 4 - Krč,Praha 4 - Krč
5391,11000,25,1+kk,Praha 10 - Záběhlice,Praha 10 - Záběhlice
5392,16000,34,2+kk,Praha 5 - Smíchov,Praha 5 - Smíchov
5394,35000,102,atypické,Praha 5 - Smíchov,Praha 5 - Smíchov
5395,14000,30,2+kk,Praha 9 - Černý Most,Praha 9 - Černý Most
5396,29000,77,3+1,Praha 7 - Bubeneč,Praha 7 - Bubeneč
5397,11000,17,1+kk,Praha 3 - Žižkov,Praha 3 - Žižkov
5398,9000,13,1+kk,Praha 7 - Holešovice,Praha 7 - Holešovice
5399,23000,59,2+kk,Praha 1 - Josefov,Praha 1 - Josefov
5400,28000,60,3+kk,Praha 4 - Nusle,Praha 4 - Nusle
5401,38000,101,4+kk,Praha 10,Praha 10
5402,22000,58,3+kk,Praha 5 - Jinonice,Praha 5 - Jinonice
5403,23000,32,2+kk,Praha 4 - Modřany,Praha 4 - Modřany
5404,23000,50,4+kk,Praha 7 - Holešovice,Praha 7 - Holešovice
5405,8000,17,1+kk,Praha 3 - Žižkov,Praha 3 - Žižkov
5406,30000,69,4+kk,Praha 3 - Strašnice,Praha 3 - Strašnice
5407,21000,44,3+kk,Praha 1 - Josefov,Praha 1 - Josefov
5408,19000,34,2+kk,Praha 10 - Hostivař,Praha 10 - Hostivař
5409,12000,20,1+kk,Praha 9 - Vysočany,Praha 9 - Vysočany
5410,14000,35,2+kk,Praha 5 - Stodůlky,Praha 5 - Stodůlky
5411,11000,20,1+kk,Praha 4 - Háje,Praha 4 - Háje
5412,10000,16,1+kk,Praha 5 - Motol,Praha 5 - Motol
5413,35000,66,3+kk,Praha 5 - Smíchov,Praha 5 - Smíchov
5414,12000,17,1+kk,Praha 5,Praha 5
5415,9000,19,1+kk,Praha 10 - Strašnice,Praha 10 - Strašnice
5416,25000,76,3+kk,Praha 2 - Vinohrady,Praha 2 - Vinohrady
5417,53000,62,3+kk,Praha 1 - Staré Město,Praha 1 - Staré Město
5418,13000,19,2+kk,Praha 5 - Hlubočepy,Praha 5 - Hlubočepy
5419,19000,66,2+kk,Praha 6 - Břevnov,Praha 6 - Břevnov
5420,35000,76,4+kk,Praha 5 - Košíře,Praha 5 - Košíře
5421,14000,34,2+kk,Praha 5 - Košíře,Praha 5 - Košíře
5422,15000,40,3+kk,Praha 8 - Bohnice,Praha 8 - Bohnice
5423,9000,16,1+kk,Praha 9 - Prosek,Praha 9 - Prosek
5424,11000,22,1+kk,Praha 5 - Stodůlky,Praha 5 - Stodůlky
5425,26000,53,3+kk,Praha 5 - Smíchov,Praha 5 - Smíchov
5426,9000,17,1+1,Praha 4 - Nusle,Praha 4 - Nusle
5427,15000,22,1+kk,Praha 7 - Holešovice,Praha 7 - Holešovice
5428,12000,17,1+kk,Praha 5,Praha 5
5429,9000,19,1+kk,Praha 10 - Strašnice,Praha 10 - Strašnice
5430,25000,76,3+kk,Praha 2 - Vinohrady,Praha 2 - Vinohrady
5431,53000,62,3+kk,Praha 1 - Staré Město,Praha 1 - Staré Město
5432,13000,19,2+kk,Praha 5 - Hlubočepy,Praha 5 - Hlubočepy
5433,19000,66,2+kk,Praha 6 - Břevnov,Praha 6 - Břevnov
5434,35000,76,4+kk,Praha 5 - Košíře,Praha 5 - Košíře
5435,14000,34,2+kk,Praha 5 - Košíře,Praha 5 - Košíře
5436,15000,40,3+kk,Praha 8 - Bohnice,Praha 8 - Bohnice
5437,9000,16,1+kk,Praha 9 - Prosek,Praha 9 - Prosek
5438,11000,22,1+kk,Praha 5 - Stodůlky,Praha 5 - Stodůlky
5439,26000,53,3+kk,Praha 5 - Smíchov,Praha 5 - Smíchov
5440,9000,17,1+1,Praha 4 - Nusle,Praha 4 - Nusle
5441,14000,34,2+kk,Praha 5 - Stodůlky,Praha 5 - Stodůlky
5442,13000,31,2+kk,Praha 7 - Holešovice,Praha 7 - Holešovice
5445,10000,50,2+kk,Praha 5 - Košíře,Praha 5 - Košíře
5446,10000,28,2+kk,Praha 6 - Břevnov,Praha 6 - Břevnov
5447,13000,35,2+kk,Praha 6 - Břevnov,Praha 6 - Břevnov
5448,17000,25,3+kk,Praha 5 - Řeporyje,Praha 5 - Řeporyje
5449,16000,28,2+1,Praha 1 - Staré Město,Praha 1 - Staré Město
5450,59000,63,4+kk,Praha 3 - Vinohrady,Praha 3 - Vinohrady
5452,17000,38,3+1,Praha 2 - Vinohrady,Praha 2 - Vinohrady
5454,26000,55,3+kk,Praha 3 - Vinohrady,Praha 3 - Vinohrady
5455,14000,35,2+1,Praha 1 - Nové Město,Praha 1 - Nové Město
5456,15000,29,2+kk,Praha 1 - Staré Město,Praha 1 - Staré Město
5457,13000,23,1+1,Praha 2 - Vinohrady,Praha 2 - Vinohrady
5458,6000,7,other,Praha 8 - Libeň,Praha 8 - Libeň
5459,13000,27,2+kk,Praha 5 - Hlubočepy,Praha 5 - Hlubočepy
5460,13000,41,2+1,Praha 8 - Libeň,Praha 8 - Libeň
5461,11000,22,1+kk,Praha 9 - Vysočany,Praha 9 - Vysočany
5462,14000,39,3+kk,Praha 4 - Krč,Praha 4 - Krč
5463,44000,51,2+kk,Praha 1 - Malá Strana,Praha 1 - Malá Strana
5464,8000,23,1+kk,Praha 10 - Strašnice,Praha 10 - Strašnice
5465,24000,66,4+kk,Praha 5 - Hlubočepy,Praha 5 - Hlubočepy
5466,16000,37,1+kk,Praha 3 - Žižkov,Praha 3 - Žižkov
5467,22000,47,3+kk,Praha 3 - Žižkov,Praha 3 - Žižkov
5468,15000,42,3+kk,Praha 5 - Motol,Praha 5 - Motol
5469,12000,18,1+kk,Praha 10 - Hostivař,Praha 10 - Hostivař
5470,14000,22,1+kk,Praha 5 - Radlice,Praha 5 - Radlice
5471,26000,65,3+kk,Praha 6 - Břevnov,Praha 6 - Břevnov
5472,13000,24,2+kk,Praha 4 - Chodov,Praha 4 - Chodov
5473,18000,32,2+kk,Praha 5 - Hlubočepy,Praha 5 - Hlubočepy
5474,23000,44,3+kk,Praha 5 - Hlubočepy,Praha 5 - Hlubočepy
5475,11000,18,1+kk,Praha 5 - Hlubočepy,Praha 5 - Hlubočepy
5476,35000,71,4+kk,Praha 5 - Hlubočepy,Praha 5 - Hlubočepy
5477,8000,13,1+kk,Praha 10 - Hostivař,Praha 10 - Hostivař
5478,31000,66,4+kk,Praha 3 - Žižkov,Praha 3 - Žižkov
5479,20000,58,3+kk,Praha 2 - Vinohrady,Praha 2 - Vinohrady
5480,17000,27,2+kk,Praha 2 - Vinohrady,Praha 2 - Vinohrady
5481,10000,25,2+kk,Praha 4 - Háje,Praha 4 - Háje
5482,35000,62,3+1,Praha 2 - Nové Město,Praha 2 - Nové Město
5483,19000,56,3+1,Praha 2 - Nové Město,Praha 2 - Nové Město
5484,4000,7,other,Praha 8 - Kobylisy,Praha 8 - Kobylisy
5485,35000,45,3+kk,Praha 2 - Vinohrady,Praha 2 - Vinohrady
5486,25000,59,3+1,Praha 5 - Smíchov,Praha 5 - Smíchov
5487,14000,29,2+1,Praha 8 - Karlín,Praha 8 - Karlín
5488,41000,67,4+kk,Praha 2 - Nusle,Praha 2 - Nusle
5489,23000,91,3+kk,Praha 3 - Žižkov,Praha 3 - Žižkov
5490,13000,21,1+kk,Praha 8 - Karlín,Praha 8 - Karlín
5492,13000,18,1+kk,Praha 9 - Vysočany,Praha 9 - Vysočany
5493,10000,23,2+kk,Praha 4 - Kamýk,Praha 4 - Kamýk
5494,13000,39,3+1,Praha 4 - Krč,Praha 4 - Krč
5495,11000,32,2+kk,Praha 4 - Nusle,Praha 4 - Nusle
5496,26000,48,3+kk,Praha 6 - Veleslavín,Praha 6 - Veleslavín
5497,23000,65,3+1,Praha 1 - Malá Strana,Praha 1 - Malá Strana
5498,38000,54,3+kk,Praha 3 - Vinohrady,Praha 3 - Vinohrady
5499,11000,26,2+kk,Praha 4 - Háje,Praha 4 - Háje
5500,17000,31,2+kk,Praha 9 - Vysočany,Praha 9 - Vysočany
5501,16000,26,2+kk,Praha 9 - Vysočany,Praha 9 - Vysočany
5502,12000,23,1+kk,Praha 2 - Vinohrady,Praha 2 - Vinohrady
5503,13000,28,2+kk,Praha 9 - Vysočany,Praha 9 - Vysočany
5504,10000,16,1+kk,Praha 10 - Malešice,Praha 10 - Malešice
5505,25000,55,3+kk,Praha 10 - Vinohrady,Praha 10 - Vinohrady
5506,7000,10,1+kk,Praha 4 - Nusle,Praha 4 - Nusle
5507,11000,16,1+kk,Praha 9 - Hloubětín,Praha 9 - Hloubětín
5508,13000,21,1+kk,Praha 9 - Vysočany,Praha 9 - Vysočany
5509,17000,44,3+1,Praha 4 - Chodov,Praha 4 - Chodov
5510,14000,47,3+kk,Praha 4 - Michle,Praha 4 - Michle
5511,58000,105,5+1,Praha 1 - Malá Strana,Praha 1 - Malá Strana
5512,31000,60,4+kk,Praha 4 - Nusle,Praha 4 - Nusle
5513,14000,23,2+kk,Praha 5 - Košíře,Praha 5 - Košíře
5514,8000,14,1+kk,Praha 10 - Strašnice,Praha 10 - Strašnice
5515,17000,23,2+kk,Praha 10 - Vršovice,Praha 10 - Vršovice
5516,8000,13,1+kk,Praha 10 - Vršovice,Praha 10 - Vršovice
5517,26000,43,2+kk,Praha 5,Praha 5
5518,13000,26,2+kk,Praha 8 - Troja,Praha 8 - Troja
5519,19000,43,2+1,Praha 1 - Nové Město,Praha 1 - Nové Město
5520,14000,23,2+kk,Praha 5 - Košíře,Praha 5 - Košíře
5521,8000,23,1+kk,Praha 4 - Krč,Praha 4 - Krč
5522,27000,63,4+kk,Praha 5 - Jinonice,Praha 5 - Jinonice
5523,13000,23,1+kk,Praha 10 - Vršovice,Praha 10 - Vršovice
5524,7000,20,1+kk,Praha 4 - Nusle,Praha 4 - Nusle
5525,14000,29,2+kk,Praha 8 - Karlín,Praha 8 - Karlín
5526,11000,28,2+kk,Praha 4 - Nusle,Praha 4 - Nusle
5527,28000,52,3+kk,Praha 6 - Střešovice,Praha 6 - Střešovice
5529,18000,42,2+kk,Praha 3 - Žižkov,Praha 3 - Žižkov
5530,11000,32,3+kk,Praha 8 - Kobylisy,Praha 8 - Kobylisy
5531,18000,41,3+kk,Praha 8 - Libeň,Praha 8 - Libeň
5532,9000,13,1+kk,Praha 10 - Strašnice,Praha 10 - Strašnice
5533,9000,19,1+1,Praha 4 - Braník,Praha 4 - Braník
5534,11000,31,2+kk,Praha 5 - Stodůlky,Praha 5 - Stodůlky
5535,12000,32,2+kk,Praha 10 - Strašnice,Praha 10 - Strašnice
5536,11000,17,1+kk,Praha 9 - Horní Počernice,Praha 9 - Horní Počernice
5537,10000,20,1+kk,Praha 9 - Hloubětín,Praha 9 - Hloubětín
5538,13000,31,2+1,Praha 3 - Žižkov,Praha 3 - Žižkov
5539,11000,17,1+kk,Praha 10,Praha 10
5540,25000,65,3+kk,Praha 6 - Vokovice,Praha 6 - Vokovice
5541,18000,35,2+kk,Praha 3,Praha 3
5542,26000,59,3+kk,Praha 3,Praha 3
5543,38000,68,4+kk,Praha 3,Praha 3
5544,16000,28,2+kk,Praha 10 - Strašnice,Praha 10 - Strašnice
5545,13000,32,2+kk,Praha 3 - Žižkov,Praha 3 - Žižkov
5546,20000,41,2+kk,Praha 7 - Holešovice,Praha 7 - Holešovice
5547,59000,107,5+kk,Praha 2 - Vinohrady,Praha 2 - Vinohrady
5548,59000,107,4+kk,Praha 2 - Vinohrady,Praha 2 - Vinohrady
5549,41000,67,4+kk,Praha 2 - Nusle,Praha 2 - Nusle
5550,8000,31,2+1,Praha 9 - Horní Počernice,Praha 9 - Horní Počernice
5551,14000,44,3+1,Praha 4 - Michle,Praha 4 - Michle
5553,9000,35,1+kk,Praha 8 - Troja,Praha 8 - Troja
5554,10000,29,2+kk,Praha 4 - Nusle,Praha 4 - Nusle
5555,11000,32,2+kk,Praha 5 - Hlubočepy,Praha 5 - Hlubočepy
5556,12000,31,2+kk,Praha 4 - Háje,Praha 4 - Háje
5557,21000,55,3+1,Praha 6 - Bubeneč,Praha 6 - Bubeneč
5558,10000,43,2+kk,Praha 10 - Záběhlice,Praha 10 - Záběhlice
5559,35000,113,5+1,Praha 10 - Hostivař,Praha 10 - Hostivař
5560,8000,22,1+kk,Praha 9 - Letňany,Praha 9 - Letňany
5561,12000,19,1+kk,Praha 9 - Vysočany,Praha 9 - Vysočany
5562,15000,43,3+1,Praha 3 - Žižkov,Praha 3 - Žižkov
5563,8000,14,1+kk,Praha 10 - Záběhlice,Praha 10 - Záběhlice
5565,23000,66,4+kk,Praha 9 - Hrdlořezy,Praha 9 - Hrdlořezy
5566,22000,47,2+kk,Praha 1 - Nové Město,Praha 1 - Nové Město
5567,20000,55,3+kk,Praha 5 - Jinonice,Praha 5 - Jinonice
5568,12000,25,1+1,Praha 5 - Radlice,Praha 5 - Radlice
5569,12000,22,1+kk,Praha 6 - Břevnov,Praha 6 - Břevnov
5570,22000,57,3+kk,Praha 5 - Stodůlky,Praha 5 - Stodůlky
5571,11000,22,1+kk,Praha 3 - Žižkov,Praha 3 - Žižkov
5572,12000,35,2+kk,Praha 6 - Dejvice,Praha 6 - Dejvice
5573,13000,23,2+kk,Praha 6 - Dejvice,Praha 6 - Dejvice
5574,11000,38,2+1,Praha 5 - Smíchov,Praha 5 - Smíchov
5575,15000,35,2+kk,Praha 9 - Vysočany,Praha 9 - Vysočany
5576,18000,32,2+kk,Praha 9 - Hrdlořezy,Praha 9 - Hrdlořezy
5577,12000,22,1+kk,Praha 10 - Michle,Praha 10 - Michle
5578,16000,30,2+kk,Praha 4 - Nusle,Praha 4 - Nusle
5579,21000,38,3+kk,Praha 6 - Dejvice,Praha 6 - Dejvice
5580,24000,29,2+kk,Praha 10 - Vršovice,Praha 10 - Vršovice
5581,23000,37,3+kk,Praha 7 - Holešovice,Praha 7 - Holešovice
5582,13000,25,2+kk,Praha 2 - Vinohrady,Praha 2 - Vinohrady
5583,15000,34,2+kk,Praha 10 - Vršovice,Praha 10 - Vršovice
5584,13000,22,2+kk,Praha 9 - Kyje,Praha 9 - Kyje
5585,14000,48,3+1,Praha 10 - Horní Měcholupy,Praha 10 - Horní Měcholupy
5586,10000,22,1+kk,Praha 10 - Horní Měcholupy,Praha 10 - Horní Měcholupy
5587,16000,35,2+kk,Praha 9 - Letňany,Praha 9 - Letňany
5588,12000,33,2+kk,Praha 10 - Dolní Měcholupy,Praha 10 - Dolní Měcholupy
5589,9000,23,1+kk,Praha 9 - Letňany,Praha 9 - Letňany
5590,9000,23,1+1,Praha 10 - Hostivař,Praha 10 - Hostivař
5593,14000,32,2+kk,Praha 5 - Jinonice,Praha 5 - Jinonice
5594,32000,89,4+1,Praha 5 - Smíchov,Praha 5 - Smíchov
5595,11000,34,2+kk,Praha 10 - Strašnice,Praha 10 - Strašnice
5596,11000,36,2+1,Praha 10 - Záběhlice,Praha 10 - Záběhlice
5597,14000,45,3+1,Praha 4 - Háje,Praha 4 - Háje
5598,12000,29,2+kk,Praha 10 - Hostivař,Praha 10 - Hostivař
5599,13000,24,1+kk,Praha 9 - Vysočany,Praha 9 - Vysočany
5600,10000,16,1+kk,Praha 5 - Smíchov,Praha 5 - Smíchov
5601,35000,45,3+kk,Praha 8 - Karlín,Praha 8 - Karlín
5602,12000,44,3+1,Praha 1 - Nové Město,Praha 1 - Nové Město
5603,14000,38,2+kk,Praha 3 - Žižkov,Praha 3 - Žižkov
5604,13000,39,2+1,Praha 9 - Libeň,Praha 9 - Libeň
5605,19000,50,3+kk,Praha 5 - Košíře,Praha 5 - Košíře
5606,9000,14,1+kk,Praha 3 - Žižkov,Praha 3 - Žižkov
5607,12000,18,1+kk,Praha 1 - Nové Město,Praha 1 - Nové Město
5608,12000,29,2+kk,Praha 5 - Stodůlky,Praha 5 - Stodůlky
5609,11000,23,2+kk,Praha 8 - Karlín,Praha 8 - Karlín
5610,41000,67,4+kk,Praha 2 - Nusle,Praha 2 - Nusle
5611,10000,22,1+kk,Praha 10 - Horní Měcholupy,Praha 10 - Horní Měcholupy
5612,16000,35,2+kk,Praha 9 - Letňany,Praha 9 - Letňany
5613,12000,33,2+kk,Praha 10 - Dolní Měcholupy,Praha 10 - Dolní Měcholupy
5614,9000,23,1+kk,Praha 9 - Letňany,Praha 9 - Letňany
5615,9000,23,1+1,Praha 10 - Hostivař,Praha 10 - Hostivař
5618,14000,32,2+kk,Praha 5 - Jinonice,Praha 5 - Jinonice
5619,32000,89,4+1,Praha 5 - Smíchov,Praha 5 - Smíchov
5620,11000,34,2+kk,Praha 10 - Strašnice,Praha 10 - Strašnice
5621,11000,36,2+1,Praha 10 - Záběhlice,Praha 10 - Záběhlice
5622,14000,45,3+1,Praha 4 - Háje,Praha 4 - Háje
5623,12000,29,2+kk,Praha 10 - Hostivař,Praha 10 - Hostivař
5624,13000,24,1+kk,Praha 9 - Vysočany,Praha 9 - Vysočany
5625,10000,16,1+kk,Praha 5 - Smíchov,Praha 5 - Smíchov
5626,35000,45,3+kk,Praha 8 - Karlín,Praha 8 - Karlín
5627,12000,44,3+1,Praha 1 - Nové Město,Praha 1 - Nové Město
5628,14000,38,2+kk,Praha 3 - Žižkov,Praha 3 - Žižkov
5629,13000,39,2+1,Praha 9 - Libeň,Praha 9 - Libeň
5630,19000,50,3+kk,Praha 5 - Košíře,Praha 5 - Košíře
5631,9000,14,1+kk,Praha 3 - Žižkov,Praha 3 - Žižkov
5632,12000,18,1+kk,Praha 1 - Nové Město,Praha 1 - Nové Město
5633,12000,29,2+kk,Praha 5 - Stodůlky,Praha 5 - Stodůlky
5634,11000,23,2+kk,Praha 8 - Karlín,Praha 8 - Karlín
5635,6000,7,other,Praha 2 - Vinohrady,Praha 2 - Vinohrady
5636,10000,23,1+kk,Praha 6 - Ruzyně,Praha 6 - Ruzyně
5637,14000,29,2+kk,Praha 10 - Michle,Praha 10 - Michle
5638,16000,40,3+1,Praha 3 - Žižkov,Praha 3 - Žižkov
5639,23000,55,2+kk,Praha 2 - Nusle,Praha 2 - Nusle
5640,13000,31,2+kk,Praha 9 - Kbely,Praha 9 - Kbely
5641,11000,31,1+kk,Praha 9 - Prosek,Praha 9 - Prosek
5642,17000,42,2+kk,Praha 1 - Nové Město,Praha 1 - Nové Město
5643,50000,158,5+1,Praha 1 - Malá Strana,Praha 1 - Malá Strana
5644,11000,19,1+kk,Praha 3 - Žižkov,Praha 3 - Žižkov
5645,9000,20,1+kk,Praha 10 - Hostivař,Praha 10 - Hostivař
5646,9000,10,1+kk,Praha 10 - Vinohrady,Praha 10 - Vinohrady
5648,12000,32,2+1,Praha 4 - Modřany,Praha 4 - Modřany
5650,19000,44,3+kk,Praha 10 - Dolní Měcholupy,Praha 10 - Dolní Měcholupy
5651,16000,35,2+kk,Praha 9 - Libeň,Praha 9 - Libeň
5652,10000,17,1+kk,Praha 9 - Libeň,Praha 9 - Libeň
5653,50000,140,5+1,Praha 5 - Malá Strana,Praha 5 - Malá Strana
5654,8000,16,1+kk,Praha 10 - Záběhlice,Praha 10 - Záběhlice
5655,17000,42,2+kk,Praha 1 - Nové Město,Praha 1 - Nové Město
5656,11000,42,2+kk,Praha 9 - Čakovice,Praha 9 - Čakovice
5657,14000,35,2+kk,Praha 4 - Háje,Praha 4 - Háje
5658,13000,26,2+1,Praha 3 - Žižkov,Praha 3 - Žižkov
5659,23000,44,3+kk,Praha 1 - Malá Strana,Praha 1 - Malá Strana
5661,13000,26,2+kk,Praha 10 - Vršovice,Praha 10 - Vršovice
5662,9000,34,2+kk,Praha 10 - Vršovice,Praha 10 - Vršovice
5663,24000,45,3+kk,Praha 1 - Nové Město,Praha 1 - Nové Město
5664,21000,31,3+kk,Praha 2 - Nové Město,Praha 2 - Nové Město
5665,11000,20,1+kk,Praha 4 - Kamýk,Praha 4 - Kamýk
5666,10000,16,1+kk,Praha 9 - Kyje,Praha 9 - Kyje
5667,29000,35,2+kk,Praha 3 - Vinohrady,Praha 3 - Vinohrady
5668,17000,30,2+1,Praha 6 - Bubeneč,Praha 6 - Bubeneč
5669,11000,17,1+kk,Praha 5 - Radlice,Praha 5 - Radlice
5670,13000,31,2+1,Praha 10 - Vršovice,Praha 10 - Vršovice
5671,18000,26,2+1,Praha 7 - Holešovice,Praha 7 - Holešovice
5672,14000,35,3+kk,Praha 9 - Kbely,Praha 9 - Kbely
5673,31000,43,3+kk,Praha 10 - Strašnice,Praha 10 - Strašnice
5675,14000,29,2+kk,Praha 3 - Žižkov,Praha 3 - Žižkov
5676,23000,52,3+kk,Praha 10 - Strašnice,Praha 10 - Strašnice
5677,10000,22,1+kk,Praha 5 - Hlubočepy,Praha 5 - Hlubočepy
5678,13000,35,2+kk,Praha 4 - Hodkovičky,Praha 4 - Hodkovičky
5679,10000,17,1+1,Praha 4 - Nusle,Praha 4 - Nusle
5680,14000,31,2+1,Praha 6 - Vokovice,Praha 6 - Vokovice
5681,8000,14,1+kk,Praha 4 - Michle,Praha 4 - Michle
5682,9000,14,1+kk,Praha 10 - Vršovice,Praha 10 - Vršovice
5684,15000,39,2+1,Praha 2 - Nové Město,Praha 2 - Nové Město
5685,11000,30,2+1,Praha 10 - Záběhlice,Praha 10 - Záběhlice
5686,15000,35,2+kk,Praha 10 - Vršovice,Praha 10 - Vršovice
5687,14000,30,2+kk,Praha 5 - Třebonice,Praha 5 - Třebonice
5688,16000,41,3+1,Praha 5 - Hlubočepy,Praha 5 - Hlubočepy
5689,11000,25,2+kk,Praha 10 - Horní Měcholupy,Praha 10 - Horní Měcholupy
5690,14000,30,2+kk,Praha 5 - Třebonice,Praha 5 - Třebonice
5691,10000,16,1+kk,Praha 4 - Michle,Praha 4 - Michle
5692,12000,31,2+kk,Praha 7 - Holešovice,Praha 7 - Holešovice
5693,10000,14,1+kk,Praha 10 - Uhříněves,Praha 10 - Uhříněves
5694,11000,23,2+kk,Praha 4 - Krč,Praha 4 - Krč
5695,11000,21,1+kk,Praha 9 - Prosek,Praha 9 - Prosek
5696,10000,17,1+kk,Praha 4 - Chodov,Praha 4 - Chodov
5697,19000,25,1+kk,Praha 7 - Holešovice,Praha 7 - Holešovice
5698,15000,31,2+kk,Praha 9 - Vysočany,Praha 9 - Vysočany
5699,8000,17,1+kk,Praha 4 - Chodov,Praha 4 - Chodov
5700,11000,19,1+kk,Praha 9 - Střížkov,Praha 9 - Střížkov
5701,11000,19,1+kk,Praha 9 - Hloubětín,Praha 9 - Hloubětín
5702,9000,18,1+kk,Praha 10 - Záběhlice,Praha 10 - Záběhlice
5703,14000,29,2+1,Praha 4 - Podolí,Praha 4 - Podolí
5705,16000,42,3+kk,Praha 8 - Bohnice,Praha 8 - Bohnice
5706,10000,22,1+1,Praha 5 - Smíchov,Praha 5 - Smíchov
5707,11000,19,1+kk,Praha 9 - Hloubětín,Praha 9 - Hloubětín
5708,19000,50,3+kk,Praha 6 - Veleslavín,Praha 6 - Veleslavín
5709,14000,38,2+kk,Praha 5 - Jinonice,Praha 5 - Jinonice
5710,11000,26,2+kk,Praha 5 - Hlubočepy,Praha 5 - Hlubočepy
5711,17000,42,2+1,Praha 1 - Staré Město,Praha 1 - Staré Město
5713,14000,47,3+kk,Praha 5 - Smíchov,Praha 5 - Smíchov
5714,10000,20,1+kk,Praha 5 - Zličín,Praha 5 - Zličín
5715,16000,39,3+kk,Praha 5 - Hlubočepy,Praha 5 - Hlubočepy
5716,12000,28,2+kk,Praha 5 - Smíchov,Praha 5 - Smíchov
5717,18000,40,3+kk,Praha 5 - Jinonice,Praha 5 - Jinonice
5718,10000,20,1+kk,Praha 2 - Nusle,Praha 2 - Nusle
5719,15000,44,2+kk,Praha 5 - Radotín,Praha 5 - Radotín
5720,15000,41,3+kk,Praha 10 - Horní Měcholupy,Praha 10 - Horní Měcholupy
5721,11000,25,1+1,Praha 10 - Vršovice,Praha 10 - Vršovice
5722,16000,34,2+kk,Praha 10 - Michle,Praha 10 - Michle
5723,11000,19,1+kk,Praha 4 - Háje,Praha 4 - Háje
5725,16000,43,3+1,Praha 10 - Vršovice,Praha 10 - Vršovice
5726,12000,28,2+kk,Praha 10 - Vršovice,Praha 10 - Vršovice
5727,10000,19,1+kk,Praha 7 - Holešovice,Praha 7 - Holešovice
5728,58000,162,other,Praha 6 - Střešovice,Praha 6 - Střešovice
5729,8000,14,1+kk,Praha 10 - Vršovice,Praha 10 - Vršovice
5730,10000,28,2+kk,Praha 3 - Žižkov,Praha 3 - Žižkov
5731,11000,16,1+kk,Praha 2 - Vinohrady,Praha 2 - Vinohrady
5732,18000,26,2+1,Praha 7 - Holešovice,Praha 7 - Holešovice
5733,17000,42,3+kk,Praha 3 - Žižkov,Praha 3 - Žižkov
5734,35000,47,3+kk,Praha 8 - Karlín,Praha 8 - Karlín
5735,35000,47,3+kk,Praha 8 - Karlín,Praha 8 - Karlín
5736,11000,23,2+kk,Praha 4 - Krč,Praha 4 - Krč
5737,16000,26,2+kk,Praha 3 - Žižkov,Praha 3 - Žižkov
5738,16000,34,2+kk,Praha 5 - Stodůlky,Praha 5 - Stodůlky
5739,15000,33,2+kk,Praha 10 - Hostivař,Praha 10 - Hostivař
5740,23000,43,2+1,Praha 1 - Malá Strana,Praha 1 - Malá Strana
5741,29000,77,3+1,Praha 7 - Bubeneč,Praha 7 - Bubeneč
5743,9000,14,1+kk,Praha 8 - Libeň,Praha 8 - Libeň
5744,53000,106,4+kk,Praha 1 - Malá Strana,Praha 1 - Malá Strana
5745,35000,62,3+1,Praha 2 - Nové Město,Praha 2 - Nové Město
5746,5000,8,other,Praha 3 - Žižkov,Praha 3 - Žižkov
5747,6000,8,other,Praha 8 - Libeň,Praha 8 - Libeň
5748,6000,8,other,Praha 6,Praha 6
5750,58000,178,5+1,Praha 6 - Střešovice,Praha 6 - Střešovice
5751,11000,26,2+kk,Praha 6 - Střešovice,Praha 6 - Střešovice
5753,20000,34,2+kk,Praha 10 - Strašnice,Praha 10 - Strašnice
5754,14000,44,3+kk,Praha 3 - Žižkov,Praha 3 - Žižkov
5755,17000,44,2+kk,Praha 4 - Braník,Praha 4 - Braník
5756,10000,16,1+kk,Praha 3 - Žižkov,Praha 3 - Žižkov
5757,16000,44,3+1,Praha 4 - Chodov,Praha 4 - Chodov
5758,35000,80,4+kk,Praha 1 - Nové Město,Praha 1 - Nové Město
5759,11000,28,1+kk,Praha 3 - Žižkov,Praha 3 - Žižkov
5760,18000,39,3+kk,Praha 5 - Smíchov,Praha 5 - Smíchov
5761,16000,38,3+kk,Praha 10 - Strašnice,Praha 10 - Strašnice
5762,13000,20,1+1,Praha 5 - Smíchov,Praha 5 - Smíchov
5764,17000,37,2+kk,Praha 1 - Nové Město,Praha 1 - Nové Město
5765,19000,29,2+kk,Praha 3 - Žižkov,Praha 3 - Žižkov
5766,11000,22,1+kk,Praha 5 - Radlice,Praha 5 - Radlice
5767,20000,31,2+kk,Praha 5 - Smíchov,Praha 5 - Smíchov
5768,10000,21,1+1,Praha 4 - Podolí,Praha 4 - Podolí
5769,13000,20,1+kk,Praha 10 - Strašnice,Praha 10 - Strašnice
5770,12000,19,1+kk,Praha 9 - Libeň,Praha 9 - Libeň
5771,15000,32,2+kk,Praha 10 - Malešice,Praha 10 - Malešice
5772,34000,48,3+kk,Praha 5 - Smíchov,Praha 5 - Smíchov
5773,28000,49,3+kk,Praha 5 - Košíře,Praha 5 - Košíře
5774,23000,44,3+1,Praha 3 - Žižkov,Praha 3 - Žižkov
5775,16000,43,3+kk,Praha 8 - Libeň,Praha 8 - Libeň
5776,12000,31,2+kk,Praha 5 - Smíchov,Praha 5 - Smíchov
5777,14000,39,2+kk,Praha 8 - Troja,Praha 8 - Troja
5778,19000,39,3+kk,Praha 4 - Braník,Praha 4 - Braník
5779,19000,42,3+kk,Praha 4 - Braník,Praha 4 - Braník
5780,10000,24,2+kk,Praha 6 - Břevnov,Praha 6 - Břevnov
5781,13000,39,3+1,Praha 6 - Ruzyně,Praha 6 - Ruzyně
5782,21000,59,4+kk,Praha 10 - Záběhlice,Praha 10 - Záběhlice
5784,14000,48,3+kk,Praha 4 - Chodov,Praha 4 - Chodov
5785,14000,28,2+kk,Praha 4 - Michle,Praha 4 - Michle
5786,15000,51,3+kk,Praha 5 - Hlubočepy,Praha 5 - Hlubočepy
5787,11000,29,2+kk,Praha 10 - Strašnice,Praha 10 - Strašnice
5788,9000,26,2+kk,Praha 9 - Černý Most,Praha 9 - Černý Most
5790,7000,8,1+kk,Praha 9 - Čakovice,Praha 9 - Čakovice
5791,5000,7,other,Praha 9 - Horní Počernice,Praha 9 - Horní Počernice
5792,11000,11,1+kk,Praha 5 - Smíchov,Praha 5 - Smíchov
5793,41000,67,4+kk,Praha 2 - Nusle,Praha 2 - Nusle
5794,13000,31,2+kk,Praha 3 - Žižkov,Praha 3 - Žižkov
5795,11000,25,2+kk,Praha 8 - Kobylisy,Praha 8 - Kobylisy
5796,13000,31,2+kk,Praha 10 - Vršovice,Praha 10 - Vršovice
5797,15000,38,2+1,Praha 9 - Vysočany,Praha 9 - Vysočany
5798,21000,55,3+kk,Praha 9 - Vysočany,Praha 9 - Vysočany
5799,17000,31,2+kk,Praha 8 - Libeň,Praha 8 - Libeň
5800,16000,29,2+kk,Praha 9 - Vysočany,Praha 9 - Vysočany
5801,13000,28,2+kk,Praha 6 - Řepy,Praha 6 - Řepy
5802,15000,29,2+kk,Praha 9 - Vysočany,Praha 9 - Vysočany
5803,15000,45,3+kk,Praha 10 - Uhříněves,Praha 10 - Uhříněves
5804,14000,35,2+1,Praha 2 - Nové Město,Praha 2 - Nové Město
5805,10000,17,1+kk,Praha 10 - Záběhlice,Praha 10 - Záběhlice
5806,16000,37,3+kk,Praha 4 - Michle,Praha 4 - Michle
5807,22000,56,3+kk,Praha 5 - Smíchov,Praha 5 - Smíchov
5808,17000,49,3+kk,Praha 4 - Háje,Praha 4 - Háje
5809,17000,34,2+kk,Praha 9 - Vysočany,Praha 9 - Vysočany
5810,15000,31,2+kk,Praha 3 - Žižkov,Praha 3 - Žižkov
5811,12000,34,2+kk,Praha 8 - Libeň,Praha 8 - Libeň
5812,12000,26,2+kk,Praha 9 - Černý Most,Praha 9 - Černý Most
5813,15000,32,2+kk,Praha 9 - Vysočany,Praha 9 - Vysočany
5814,17000,39,2+kk,Praha 3 - Žižkov,Praha 3 - Žižkov
5815,11000,25,2+kk,Praha 6 - Střešovice,Praha 6 - Střešovice
5816,11000,17,1+kk,Praha 3 - Žižkov,Praha 3 - Žižkov
5817,13000,21,1+kk,Praha 9 - Vysočany,Praha 9 - Vysočany
5818,13000,34,2+1,Praha 4 - Nusle,Praha 4 - Nusle
5819,8000,19,1+kk,Praha 4 - Chodov,Praha 4 - Chodov
5820,17000,35,2+kk,Praha 3 - Strašnice,Praha 3 - Strašnice
5821,19000,34,2+kk,Praha 7 - Bubeneč,Praha 7 - Bubeneč
5822,11000,19,1+kk,Praha 9 - Hloubětín,Praha 9 - Hloubětín
5823,12000,28,2+kk,Praha 5 - Hlubočepy,Praha 5 - Hlubočepy
5824,17000,29,2+kk,Praha 2 - Vinohrady,Praha 2 - Vinohrady
5825,15000,26,2+kk,Praha 5 - Smíchov,Praha 5 - Smíchov
5826,10000,24,1+kk,Praha 8 - Libeň,Praha 8 - Libeň
5828,11000,25,1+kk,Praha 9 - Hloubětín,Praha 9 - Hloubětín
5829,11000,26,2+kk,Praha 4 - Nusle,Praha 4 - Nusle
5831,21000,48,3+1,Praha 10 - Strašnice,Praha 10 - Strašnice
5832,12000,25,1+kk,Praha 9 - Hloubětín,Praha 9 - Hloubětín
5834,13000,14,1+kk,Praha 2 - Nové Město,Praha 2 - Nové Město
5835,22000,68,3+kk,Praha 9 - Vysočany,Praha 9 - Vysočany
5837,56000,113,5+1,Praha 2 - Vinohrady,Praha 2 - Vinohrady
5838,11000,20,1+kk,Praha 9 - Vysočany,Praha 9 - Vysočany
5839,11000,19,1+kk,Praha 9,Praha 9
5840,15000,46,3+1,Praha 5 - Hlubočepy,Praha 5 - Hlubočepy
5841,11000,34,2+1,Praha 7 - Holešovice,Praha 7 - Holešovice
5842,11000,11,1+kk,Praha 9 - Vysočany,Praha 9 - Vysočany
5843,23000,51,3+kk,Praha 9 - Prosek,Praha 9 - Prosek
5844,11000,31,2+kk,Praha 10 - Strašnice,Praha 10 - Strašnice
5845,23000,48,3+kk,Praha 9 - Prosek,Praha 9 - Prosek
5846,16000,34,2+kk,Praha 4 - Modřany,Praha 4 - Modřany
5847,11000,17,1+kk,Praha 4 - Modřany,Praha 4 - Modřany
5848,31000,53,3+kk,Praha 8 - Karlín,Praha 8 - Karlín
5849,28000,46,3+kk,Praha 3 - Žižkov,Praha 3 - Žižkov
5850,24000,52,3+kk,Praha 2 - Vinohrady,Praha 2 - Vinohrady
5851,25000,66,3+kk,Praha 5 - Košíře,Praha 5 - Košíře
5852,19000,46,3+1,Praha 10 - Hostivař,Praha 10 - Hostivař
5853,17000,32,2+kk,Praha 9 - Prosek,Praha 9 - Prosek
5854,15000,22,1+kk,Praha 7 - Holešovice,Praha 7 - Holešovice
5856,21000,48,3+1,Praha 10 - Strašnice,Praha 10 - Strašnice
5857,12000,25,1+kk,Praha 9 - Hloubětín,Praha 9 - Hloubětín
5859,13000,14,1+kk,Praha 2 - Nové Město,Praha 2 - Nové Město
5860,22000,68,3+kk,Praha 9 - Vysočany,Praha 9 - Vysočany
5862,56000,113,5+1,Praha 2 - Vinohrady,Praha 2 - Vinohrady
5863,11000,20,1+kk,Praha 9 - Vysočany,Praha 9 - Vysočany
5864,11000,19,1+kk,Praha 9,Praha 9
5865,11000,11,1+kk,Praha 9 - Vysočany,Praha 9 - Vysočany
5866,23000,51,3+kk,Praha 9 - Prosek,Praha 9 - Prosek
5867,11000,31,2+kk,Praha 10 - Strašnice,Praha 10 - Strašnice
5868,23000,48,3+kk,Praha 9 - Prosek,Praha 9 - Prosek
5869,16000,34,2+kk,Praha 4 - Modřany,Praha 4 - Modřany
5870,11000,17,1+kk,Praha 4 - Modřany,Praha 4 - Modřany
5871,19000,46,3+1,Praha 10 - Hostivař,Praha 10 - Hostivař
5872,17000,32,2+kk,Praha 9 - Prosek,Praha 9 - Prosek
5873,17000,32,2+1,Praha 9 - Prosek,Praha 9 - Prosek
5874,19000,35,2+1,Praha 9 - Prosek,Praha 9 - Prosek
5875,11000,31,2+kk,Praha 10 - Strašnice,Praha 10 - Strašnice
5876,14000,25,2+kk,Praha 4 - Chodov,Praha 4 - Chodov
5877,12000,28,2+kk,Praha 5 - Hlubočepy,Praha 5 - Hlubočepy
5878,17000,68,3+kk,Praha 1 - Nové Město,Praha 1 - Nové Město
5879,11000,27,2+1,Praha 5 - Košíře,Praha 5 - Košíře
5880,11000,22,1+kk,Praha 3 - Žižkov,Praha 3 - Žižkov
5881,14000,29,2+kk,Praha 4 - Modřany,Praha 4 - Modřany
5882,14000,32,2+kk,Praha 10 - Strašnice,Praha 10 - Strašnice
5883,13000,28,2+kk,Praha 10 - Strašnice,Praha 10 - Strašnice
5884,10000,31,2+1,Praha 6 - Břevnov,Praha 6 - Břevnov
5885,38000,97,4+kk,Praha 2 - Nové Město,Praha 2 - Nové Město
5886,11000,16,1+kk,Praha 9 - Letňany,Praha 9 - Letňany
5887,14000,29,2+kk,Praha 9 - Vysočany,Praha 9 - Vysočany
5888,13000,38,2+kk,Praha 9 - Kbely,Praha 9 - Kbely
5889,12000,24,2+kk,Praha 5 - Hlubočepy,Praha 5 - Hlubočepy
5890,13000,38,2+kk,Praha 5 - Košíře,Praha 5 - Košíře
5892,20000,43,2+kk,Praha 6 - Dejvice,Praha 6 - Dejvice
5893,12000,20,1+kk,Praha 9 - Hloubětín,Praha 9 - Hloubětín
5894,11000,34,2+kk,Praha 5 - Zbraslav,Praha 5 - Zbraslav
5895,35000,100,5+1,Praha 5 - Smíchov,Praha 5 - Smíchov
5896,14000,19,1+kk,Praha 10 - Strašnice,Praha 10 - Strašnice
5897,38000,68,4+kk,Praha 10 - Strašnice,Praha 10 - Strašnice
5898,53000,70,4+kk,Praha 2 - Vinohrady,Praha 2 - Vinohrady
5899,15000,23,1+kk,Praha 3 - Vinohrady,Praha 3 - Vinohrady
5900,11000,17,1+kk,Praha 3 - Vinohrady,Praha 3 - Vinohrady
5901,13000,41,3+1,Praha 8 - Troja,Praha 8 - Troja
5902,31000,72,3+kk,Praha 1 - Nové Město,Praha 1 - Nové Město
5903,11000,17,1+kk,Praha 3 - Vinohrady,Praha 3 - Vinohrady
5905,13000,30,1+1,Praha 2 - Vinohrady,Praha 2 - Vinohrady
5906,11000,28,1+1,Praha 3 - Vinohrady,Praha 3 - Vinohrady
5907,10000,26,2+kk,Praha 4 - Krč,Praha 4 - Krč
5908,10000,26,2+kk,Praha 9 - Hloubětín,Praha 9 - Hloubětín
5909,24000,48,3+1,Praha 2 - Nové Město,Praha 2 - Nové Město
5910,38000,54,3+kk,Praha 2 - Vinohrady,Praha 2 - Vinohrady
5911,13000,26,2+kk,Praha 4 - Kamýk,Praha 4 - Kamýk
5912,13000,26,1+kk,Praha 9 - Vysočany,Praha 9 - Vysočany
5913,10000,15,1+kk,Praha 2 - Vinohrady,Praha 2 - Vinohrady
5914,13000,31,2+kk,Praha 2 - Nusle,Praha 2 - Nusle
5915,18000,26,2+1,Praha 7 - Holešovice,Praha 7 - Holešovice
5916,22000,70,4+kk,Praha 7 - Holešovice,Praha 7 - Holešovice
5917,11000,40,3+kk,Praha 9 - Černý Most,Praha 9 - Černý Most
5918,10000,17,1+kk,Praha 2 - Vinohrady,Praha 2 - Vinohrady
5919,14000,45,3+1,Praha 5 - Motol,Praha 5 - Motol
5920,11000,31,2+1,Praha 10 - Záběhlice,Praha 10 - Záběhlice
5921,19000,50,3+kk,Praha 2 - Vinohrady,Praha 2 - Vinohrady
5922,10000,16,1+kk,Praha 5 - Smíchov,Praha 5 - Smíchov
5923,11000,35,2+1,Praha 10 - Strašnice,Praha 10 - Strašnice
5924,23000,59,3+kk,Praha 5 - Malá Strana,Praha 5 - Malá Strana
5925,16000,47,3+kk,Praha 7 - Bubeneč,Praha 7 - Bubeneč
5926,7000,17,1+1,Praha 4 - Chodov,Praha 4 - Chodov
5928,12000,17,1+kk,Praha 1 - Nové Město,Praha 1 - Nové Město
5929,22000,76,4+1,Praha 8 - Kobylisy,Praha 8 - Kobylisy
5930,11000,17,1+kk,Praha 4 - Chodov,Praha 4 - Chodov
5931,9000,21,1+kk,Praha 8 - Karlín,Praha 8 - Karlín
5932,14000,22,2+kk,Praha 5 - Hlubočepy,Praha 5 - Hlubočepy
5933,35000,107,4+kk,Praha 5 - Smíchov,Praha 5 - Smíchov
5934,12000,23,1+kk,Praha 3 - Žižkov,Praha 3 - Žižkov
5935,13000,29,2+kk,Praha 10 - Michle,Praha 10 - Michle
5936,22000,52,2+1,Praha 1 - Nové Město,Praha 1 - Nové Město
5937,17000,51,3+1,Praha 7 - Holešovice,Praha 7 - Holešovice
5938,55000,135,other,Praha 9 - Vysočany,Praha 9 - Vysočany
5939,20000,50,2+1,Praha 1 - Nové Město,Praha 1 - Nové Město
5940,13000,22,1+kk,Praha 9 - Hloubětín,Praha 9 - Hloubětín
5941,17000,38,2+kk,Praha 8 - Karlín,Praha 8 - Karlín
5942,9000,18,1+kk,Praha 6 - Vokovice,Praha 6 - Vokovice
5943,9000,22,1+1,Praha 10 - Záběhlice,Praha 10 - Záběhlice
5944,11000,28,2+1,Praha 8 - Karlín,Praha 8 - Karlín
5945,13000,34,2+1,Praha 8 - Libeň,Praha 8 - Libeň
5946,10000,22,1+1,Praha 5 - Smíchov,Praha 5 - Smíchov
5947,10000,21,2+kk,Praha 9 - Vysočany,Praha 9 - Vysočany
5948,11000,23,2+kk,Praha 4 - Krč,Praha 4 - Krč
5949,14000,27,2+kk,Praha 3 - Žižkov,Praha 3 - Žižkov
5950,9000,14,1+kk,Praha 2 - Vinohrady,Praha 2 - Vinohrady
5951,16000,40,2+kk,Praha 3 - Strašnice,Praha 3 - Strašnice
5952,17000,40,2+kk,Praha 5 - Hlubočepy,Praha 5 - Hlubočepy
5953,13000,32,2+kk,Praha 2 - Nové Město,Praha 2 - Nové Město
5954,18000,55,3+kk,Praha 8 - Libeň,Praha 8 - Libeň
5955,25000,53,2+kk,Praha 6 - Střešovice,Praha 6 - Střešovice
5956,19000,42,2+kk,Praha 7 - Holešovice,Praha 7 - Holešovice
5957,14000,41,2+kk,Praha 10 - Horní Měcholupy,Praha 10 - Horní Měcholupy
5958,11000,16,1+kk,Praha 9 - Vysočany,Praha 9 - Vysočany
5959,12000,30,2+kk,Praha 4 - Nusle,Praha 4 - Nusle
5960,21000,29,2+kk,Praha 10 - Vršovice,Praha 10 - Vršovice
5961,21000,38,3+kk,Praha 6 - Dejvice,Praha 6 - Dejvice
5962,12000,19,1+kk,Praha 3 - Žižkov,Praha 3 - Žižkov
5963,20000,41,2+kk,Praha 3 - Žižkov,Praha 3 - Žižkov
5964,10000,19,1+kk,Praha 8 - Kobylisy,Praha 8 - Kobylisy
5965,20000,64,3+1,Praha 9 - Hloubětín,Praha 9 - Hloubětín
5966,24000,70,4+1,Praha 10 - Vršovice,Praha 10 - Vršovice
5967,35000,47,3+kk,Praha 8 - Karlín,Praha 8 - Karlín
5968,22000,42,2+kk,Praha 5 - Smíchov,Praha 5 - Smíchov
5969,35000,45,3+kk,Praha 8 - Karlín,Praha 8 - Karlín
5970,16000,26,2+kk,Praha 3 - Žižkov,Praha 3 - Žižkov
5971,11000,26,2+kk,Praha 6 - Střešovice,Praha 6 - Střešovice
5972,14000,44,3+kk,Praha 3 - Žižkov,Praha 3 - Žižkov
5973,17000,44,2+kk,Praha 4 - Braník,Praha 4 - Braník
5974,10000,16,1+kk,Praha 3 - Žižkov,Praha 3 - Žižkov
5975,14000,32,3+kk,Praha 9 - Libeň,Praha 9 - Libeň
5976,41000,67,4+kk,Praha 2 - Nusle,Praha 2 - Nusle
5979,14000,22,1+kk,Praha 7 - Holešovice,Praha 7 - Holešovice
5980,14000,32,2+kk,Praha 9 - Libeň,Praha 9 - Libeň
5981,17000,44,3+kk,Praha 3 - Vinohrady,Praha 3 - Vinohrady
5982,8000,13,1+kk,Praha 4 - Nusle,Praha 4 - Nusle
5984,15000,36,2+kk,Praha 6 - Dejvice,Praha 6 - Dejvice
5985,14000,23,2+kk,Praha 8 - Karlín,Praha 8 - Karlín
5986,47000,101,4+1,Praha 1 - Malá Strana,Praha 1 - Malá Strana
5987,14000,37,2+kk,Praha 9 - Prosek,Praha 9 - Prosek
5988,14000,39,2+1,Praha 4 - Krč,Praha 4 - Krč
5990,13000,30,2+kk,Praha 3 - Žižkov,Praha 3 - Žižkov
5992,16000,26,1+kk,Praha 9 - Hloubětín,Praha 9 - Hloubětín
5993,26000,84,3+kk,Praha 1 - Nové Město,Praha 1 - Nové Město
5994,13000,28,2+kk,Praha 10 - Vršovice,Praha 10 - Vršovice
5995,13000,26,1+1,Praha 2 - Vinohrady,Praha 2 - Vinohrady
5996,14000,21,1+1,Praha 2 - Vinohrady,Praha 2 - Vinohrady
5997,45000,81,4+kk,Praha 8 - Libeň,Praha 8 - Libeň
5998,23000,36,2+kk,Praha 5,Praha 5
5999,16000,39,3+kk,Praha 4 - Michle,Praha 4 - Michle
6000,11000,20,1+1,Praha 5 - Košíře,Praha 5 - Košíře
6001,13000,20,1+1,Praha 5 - Košíře,Praha 5 - Košíře
6002,47000,101,4+1,Praha 1 - Malá Strana,Praha 1 - Malá Strana
6003,35000,100,5+1,Praha 5 - Smíchov,Praha 5 - Smíchov
6004,12000,25,1+1,Praha 2 - Vinohrady,Praha 2 - Vinohrady
6005,17000,41,3+1,Praha 7 - Holešovice,Praha 7 - Holešovice
6006,11000,20,1+kk,Praha 9 - Vysočany,Praha 9 - Vysočany
6007,14000,22,2+kk,Praha 5,Praha 5
6008,11000,20,1+kk,Praha 8 - Karlín,Praha 8 - Karlín
6009,22000,42,2+kk,Praha 5 - Smíchov,Praha 5 - Smíchov
6010,15000,27,2+kk,Praha 1 - Malá Strana,Praha 1 - Malá Strana
6011,50000,89,4+kk,Praha 3 - Vinohrady,Praha 3 - Vinohrady
6012,29000,80,4+kk,Praha 5 - Košíře,Praha 5 - Košíře
6013,9000,18,1+kk,Praha 5 - Smíchov,Praha 5 - Smíchov
6014,10000,23,1+kk,Praha 4 - Chodov,Praha 4 - Chodov
6015,16000,38,2+kk,Praha 5 - Košíře,Praha 5 - Košíře
6016,8000,14,1+kk,Praha 8 - Troja,Praha 8 - Troja
6017,19000,57,3+1,Praha 2 - Vinohrady,Praha 2 - Vinohrady
6018,14000,26,1+kk,Praha 9 - Prosek,Praha 9 - Prosek
6019,19000,34,2+kk,Praha 5 - Smíchov,Praha 5 - Smíchov
6021,17000,21,1+kk,Praha 6 - Bubeneč,Praha 6 - Bubeneč
6023,13000,20,1+kk,Praha 2 - Vinohrady,Praha 2 - Vinohrady
6024,14000,31,2+kk,Praha 10 - Vršovice,Praha 10 - Vršovice
6025,11000,17,1+kk,Praha 2 - Vinohrady,Praha 2 - Vinohrady
6026,20000,54,3+1,Praha 8 - Karlín,Praha 8 - Karlín
6027,22000,30,2+kk,Praha 1 - Malá Strana,Praha 1 - Malá Strana
6028,19000,35,2+1,Praha 1 - Malá Strana,Praha 1 - Malá Strana
6029,9000,19,1+kk,Praha 10 - Malešice,Praha 10 - Malešice
6030,16000,32,2+kk,Praha 4 - Michle,Praha 4 - Michle
6031,14000,40,3+kk,Praha 4 - Krč,Praha 4 - Krč
6032,12000,47,3+kk,Praha 3 - Žižkov,Praha 3 - Žižkov
6034,14000,28,2+kk,Praha 1 - Nové Město,Praha 1 - Nové Město
6035,13000,32,2+kk,Praha 5 - Jinonice,Praha 5 - Jinonice
6036,14000,32,2+kk,Praha 3,Praha 3
6037,18000,26,2+1,Praha 7 - Holešovice,Praha 7 - Holešovice
6039,17000,21,1+kk,Praha 6 - Bubeneč,Praha 6 - Bubeneč
6041,13000,20,1+kk,Praha 2 - Vinohrady,Praha 2 - Vinohrady
6042,14000,31,2+kk,Praha 10 - Vršovice,Praha 10 - Vršovice
6043,11000,17,1+kk,Praha 2 - Vinohrady,Praha 2 - Vinohrady
6044,20000,54,3+1,Praha 8 - Karlín,Praha 8 - Karlín
6045,22000,30,2+kk,Praha 1 - Malá Strana,Praha 1 - Malá Strana
6046,19000,35,2+1,Praha 1 - Malá Strana,Praha 1 - Malá Strana
6047,9000,19,1+kk,Praha 10 - Malešice,Praha 10 - Malešice
6048,16000,32,2+kk,Praha 4 - Michle,Praha 4 - Michle
6049,14000,40,3+kk,Praha 4 - Krč,Praha 4 - Krč
6050,12000,47,3+kk,Praha 3 - Žižkov,Praha 3 - Žižkov
6052,14000,28,2+kk,Praha 1 - Nové Město,Praha 1 - Nové Město
6053,13000,32,2+kk,Praha 5 - Jinonice,Praha 5 - Jinonice
6054,14000,32,2+kk,Praha 3,Praha 3
6055,14000,32,2+kk,Praha 7 - Holešovice,Praha 7 - Holešovice
6056,11000,27,2+kk,Praha 5 - Stodůlky,Praha 5 - Stodůlky
6057,14000,28,2+kk,Praha 4 - Chodov,Praha 4 - Chodov
6058,21000,52,2+1,Praha 1 - Nové Město,Praha 1 - Nové Město
6059,17000,46,2+1,Praha 8 - Libeň,Praha 8 - Libeň
6060,17000,46,3+1,Praha 8 - Libeň,Praha 8 - Libeň
6061,35000,92,4+kk,Praha 1 - Nové Město,Praha 1 - Nové Město
6062,10000,21,1+1,Praha 7 - Bubeneč,Praha 7 - Bubeneč
6064,15000,33,2+kk,Praha 5 - Třebonice,Praha 5 - Třebonice
6065,10000,26,2+kk,Praha 9 - Černý Most,Praha 9 - Černý Most
6067,44000,60,3+kk,Praha 8 - Libeň,Praha 8 - Libeň
6068,11000,32,2+kk,Praha 8 - Kobylisy,Praha 8 - Kobylisy
6069,16000,46,3+1,Praha 10 - Vršovice,Praha 10 - Vršovice
6070,25000,53,2+kk,Praha 1 - Josefov,Praha 1 - Josefov
6071,17000,44,3+1,Praha 6 - Břevnov,Praha 6 - Břevnov
6072,24000,66,4+kk,Praha 2 - Vinohrady,Praha 2 - Vinohrady
6073,23000,54,4+kk,Praha 10 - Vršovice,Praha 10 - Vršovice
6074,8000,25,1+kk,Praha 10 - Strašnice,Praha 10 - Strašnice
6075,13000,28,2+kk,Praha 4 - Krč,Praha 4 - Krč
6076,21000,58,3+kk,Praha 5 - Jinonice,Praha 5 - Jinonice
6077,10000,22,1+kk,Praha 9 - Hloubětín,Praha 9 - Hloubětín
6078,16000,39,2+kk,Praha 9 - Vysočany,Praha 9 - Vysočany
6079,12000,17,1+kk,Praha 6 - Veleslavín,Praha 6 - Veleslavín
6080,9000,21,1+kk,Praha 5 - Stodůlky,Praha 5 - Stodůlky
6081,15000,32,2+kk,Praha 3 - Vinohrady,Praha 3 - Vinohrady
6082,11000,40,3+kk,Praha 9 - Černý Most,Praha 9 - Černý Most
6083,10000,17,1+kk,Praha 2 - Vinohrady,Praha 2 - Vinohrady
6084,11000,31,2+1,Praha 10 - Záběhlice,Praha 10 - Záběhlice
6086,19000,50,3+kk,Praha 2 - Vinohrady,Praha 2 - Vinohrady
6087,10000,16,1+kk,Praha 5 - Smíchov,Praha 5 - Smíchov
6088,12000,17,1+kk,Praha 1 - Nové Město,Praha 1 - Nové Město
6089,23000,76,4+1,Praha 8 - Kobylisy,Praha 8 - Kobylisy
6090,11000,35,2+1,Praha 10 - Strašnice,Praha 10 - Strašnice
6091,23000,59,3+kk,Praha 5 - Malá Strana,Praha 5 - Malá Strana
6092,16000,47,3+kk,Praha 7 - Bubeneč,Praha 7 - Bubeneč
6093,7000,17,1+1,Praha 4 - Chodov,Praha 4 - Chodov
6094,14000,45,3+1,Praha 5 - Motol,Praha 5 - Motol
6095,11000,26,1+1,Praha 5 - Smíchov,Praha 5 - Smíchov
6096,14000,28,2+kk,Praha 5,Praha 5
6097,9000,11,1+kk,Praha 10 - Vršovice,Praha 10 - Vršovice
6098,41000,67,4+kk,Praha 2 - Nusle,Praha 2 - Nusle
6099,10000,16,1+kk,Praha 5 - Smíchov,Praha 5 - Smíchov
6100,12000,17,1+kk,Praha 1 - Nové Město,Praha 1 - Nové Město
6101,23000,76,4+1,Praha 8 - Kobylisy,Praha 8 - Kobylisy
6102,11000,35,2+1,Praha 10 - Strašnice,Praha 10 - Strašnice
6103,23000,59,3+kk,Praha 5 - Malá Strana,Praha 5 - Malá Strana
6104,16000,47,3+kk,Praha 7 - Bubeneč,Praha 7 - Bubeneč
6105,7000,17,1+1,Praha 4 - Chodov,Praha 4 - Chodov
6106,14000,45,3+1,Praha 5 - Motol,Praha 5 - Motol
6107,11000,26,1+1,Praha 5 - Smíchov,Praha 5 - Smíchov
6108,14000,28,2+kk,Praha 5,Praha 5
6109,9000,11,1+kk,Praha 10 - Vršovice,Praha 10 - Vršovice
6110,14000,29,2+1,Praha 10 - Strašnice,Praha 10 - Strašnice
6111,38000,54,3+kk,Praha 3 - Vinohrady,Praha 3 - Vinohrady
6112,17000,42,2+kk,Praha 1 - Nové Město,Praha 1 - Nové Město
6113,11000,22,1+kk,Praha 9 - Hloubětín,Praha 9 - Hloubětín
6114,16000,34,3+kk,Praha 6 - Vokovice,Praha 6 - Vokovice
6115,19000,48,3+1,Praha 6 - Vokovice,Praha 6 - Vokovice
6116,18000,34,2+kk,Praha 6 - Veleslavín,Praha 6 - Veleslavín
6117,26000,58,3+kk,Praha 8 - Karlín,Praha 8 - Karlín
6118,19000,38,2+kk,Praha 3 - Žižkov,Praha 3 - Žižkov
6119,12000,38,3+kk,Praha 9 - Kyje,Praha 9 - Kyje
6120,20000,41,3+kk,Praha 1 - Nové Město,Praha 1 - Nové Město
6121,8000,13,1+kk,Praha 9 - Libeň,Praha 9 - Libeň
6122,11000,23,2+1,Praha 9 - Kbely,Praha 9 - Kbely
6123,14000,32,3+kk,Praha 10 - Hostivař,Praha 10 - Hostivař
6124,14000,25,1+kk,Praha 1 - Nové Město,Praha 1 - Nové Město
6125,16000,40,3+kk,Praha 10 - Horní Měcholupy,Praha 10 - Horní Měcholupy
6126,16000,32,2+kk,Praha 5 - Stodůlky,Praha 5 - Stodůlky
6127,14000,34,2+kk,Praha 4 - Michle,Praha 4 - Michle
6128,9000,10,1+kk,Praha 5 - Smíchov,Praha 5 - Smíchov
6129,32000,40,2+kk,Praha 3 - Vinohrady,Praha 3 - Vinohrady
6130,13000,25,1+kk,Praha 4,Praha 4
6131,11000,31,2+kk,Praha 4 - Kunratice,Praha 4 - Kunratice
6132,14000,29,2+kk,Praha 9 - Vysočany,Praha 9 - Vysočany
6133,17000,35,2+kk,Praha 7 - Holešovice,Praha 7 - Holešovice
6134,7000,16,1+kk,Praha 5 - Jinonice,Praha 5 - Jinonice
6135,9000,16,1+kk,Praha 4 - Nusle,Praha 4 - Nusle
6136,14000,30,1+1,Praha 4 - Krč,Praha 4 - Krč
6137,8000,21,1+kk,Praha 10 - Hostivař,Praha 10 - Hostivař
6139,36000,63,3+kk,Praha 2 - Vinohrady,Praha 2 - Vinohrady
6140,21000,75,3+kk,Praha 3 - Žižkov,Praha 3 - Žižkov
6141,29000,63,3+kk,Praha 10 - Vinohrady,Praha 10 - Vinohrady
6142,20000,98,4+1,Praha 7 - Holešovice,Praha 7 - Holešovice
6143,11000,19,1+kk,Praha 3 - Žižkov,Praha 3 - Žižkov
6144,13000,32,3+1,Praha 4,Praha 4
6145,14000,26,2+kk,Praha 2 - Vinohrady,Praha 2 - Vinohrady
6146,17000,29,2+kk,Praha 4 - Modřany,Praha 4 - Modřany
6147,16000,42,3+kk,Praha 6 - Ruzyně,Praha 6 - Ruzyně
6148,11000,28,2+kk,Praha 5 - Hlubočepy,Praha 5 - Hlubočepy
6149,26000,68,2+kk,Praha 5 - Smíchov,Praha 5 - Smíchov
6150,13000,35,1+kk,Praha 4 - Nusle,Praha 4 - Nusle
6151,11000,14,1+kk,Praha 2 - Nové Město,Praha 2 - Nové Město
6152,15000,32,2+kk,Praha 3 - Strašnice,Praha 3 - Strašnice
6153,24000,79,3+1,Praha 4 - Michle,Praha 4 - Michle
6154,16000,35,2+1,Praha 2 - Vinohrady,Praha 2 - Vinohrady
6155,16000,34,3+kk,Praha 6 - Vokovice,Praha 6 - Vokovice
6156,16000,38,3+1,Praha 6 - Břevnov,Praha 6 - Břevnov
6157,13000,27,2+kk,Praha 3 - Žižkov,Praha 3 - Žižkov
6158,23000,53,3+kk,Praha 7 - Holešovice,Praha 7 - Holešovice
6159,41000,67,4+kk,Praha 2 - Nusle,Praha 2 - Nusle
6160,31000,43,2+1,Praha 1 - Josefov,Praha 1 - Josefov
6162,11000,17,1+kk,Praha 3 - Vinohrady,Praha 3 - Vinohrady
6163,13000,31,2+kk,Praha 9 - Kyje,Praha 9 - Kyje
6164,9000,14,1+kk,Praha 3 - Žižkov,Praha 3 - Žižkov
6165,11000,27,2+kk,Praha 4 - Chodov,Praha 4 - Chodov
6166,7000,11,other,Praha 1 - Nové Město,Praha 1 - Nové Město
6167,7000,17,other,Praha 6 - Dejvice,Praha 6 - Dejvice
6168,26000,55,3+kk,Praha 3 - Vinohrady,Praha 3 - Vinohrady
6170,17000,36,2+1,Praha 8 - Karlín,Praha 8 - Karlín
6171,11000,22,2+kk,Praha 9 - Černý Most,Praha 9 - Černý Most
6172,14000,36,3+1,Praha 4 - Kamýk,Praha 4 - Kamýk
6173,16000,41,3+kk,Praha 8 - Troja,Praha 8 - Troja
6174,8000,16,1+kk,Praha 4 - Braník,Praha 4 - Braník
6175,10000,17,1+kk,Praha 4 - Hodkovičky,Praha 4 - Hodkovičky
6176,9000,20,1+kk,Praha 10 - Vršovice,Praha 10 - Vršovice
6177,32000,65,4+kk,Praha 4 - Michle,Praha 4 - Michle
6178,47000,70,3+kk,Praha 1 - Malá Strana,Praha 1 - Malá Strana
6179,14000,23,2+kk,Praha 5 - Smíchov,Praha 5 - Smíchov
6180,15000,31,1+kk,Praha 4 - Modřany,Praha 4 - Modřany
6181,9000,30,2+kk,Praha 4 - Nusle,Praha 4 - Nusle
6183,23000,43,2+1,Praha 1 - Malá Strana,Praha 1 - Malá Strana
6184,12000,20,1+kk,Praha 10 - Hostivař,Praha 10 - Hostivař
6185,35000,62,3+1,Praha 2 - Nové Město,Praha 2 - Nové Město
6186,24000,69,4+kk,Praha 9 - Vysočany,Praha 9 - Vysočany
6187,10000,20,1+kk,Praha 8 - Troja,Praha 8 - Troja
6188,23000,53,4+kk,Praha 6 - Ruzyně,Praha 6 - Ruzyně
6189,13000,32,2+kk,Praha 10 - Uhříněves,Praha 10 - Uhříněves
6190,38000,77,4+kk,Praha 1 - Nové Město,Praha 1 - Nové Město
6191,11000,34,2+1,Praha 10 - Vršovice,Praha 10 - Vršovice
6192,40000,65,3+1,Praha 1 - Malá Strana,Praha 1 - Malá Strana
6194,35000,62,3+kk,Praha 1 - Nové Město,Praha 1 - Nové Město
6195,17000,25,1+kk,Praha 5 - Smíchov,Praha 5 - Smíchov
6196,17000,47,3+1,Praha 6 - Břevnov,Praha 6 - Břevnov
6197,14000,37,2+kk,Praha 4 - Nusle,Praha 4 - Nusle
6198,19000,32,2+kk,Praha 8 - Karlín,Praha 8 - Karlín
6199,16000,41,3+kk,Praha 4 - Kamýk,Praha 4 - Kamýk
6200,16000,37,2+kk,Praha 4 - Nusle,Praha 4 - Nusle
6201,12000,21,1+kk,Praha 3 - Žižkov,Praha 3 - Žižkov
6202,20000,42,3+kk,Praha 9 - Hrdlořezy,Praha 9 - Hrdlořezy
6203,17000,51,3+1,Praha 8 - Karlín,Praha 8 - Karlín
6204,8000,14,1+kk,Praha 10 - Vršovice,Praha 10 - Vršovice
6205,15000,23,1+kk,Praha 4 - Nusle,Praha 4 - Nusle
6206,11000,23,2+1,Praha 9 - Vysočany,Praha 9 - Vysočany
6207,11000,33,2+kk,Praha 10 - Hostivař,Praha 10 - Hostivař
6208,15000,32,2+1,Praha 10 - Vršovice,Praha 10 - Vršovice
6209,29000,84,4+kk,Praha 5 - Smíchov,Praha 5 - Smíchov
6210,14000,40,2+kk,Praha 5 - Košíře,Praha 5 - Košíře
6211,26000,47,3+kk,Praha 5 - Smíchov,Praha 5 - Smíchov
6213,20000,31,2+kk,Praha 5 - Smíchov,Praha 5 - Smíchov
6214,15000,28,2+kk,Praha 5 - Stodůlky,Praha 5 - Stodůlky
6215,19000,50,3+kk,Praha 7 - Bubeneč,Praha 7 - Bubeneč
6216,14000,28,2+kk,Praha 2 - Nusle,Praha 2 - Nusle
6217,10000,17,1+kk,Praha 4 - Braník,Praha 4 - Braník
6218,11000,20,2+kk,Praha 8 - Libeň,Praha 8 - Libeň
6219,37000,68,4+kk,Praha 6 - Dejvice,Praha 6 - Dejvice
6220,41000,67,4+kk,Praha 2 - Nusle,Praha 2 - Nusle
6221,11000,21,1+1,Praha 3 - Žižkov,Praha 3 - Žižkov
6223,14000,26,2+kk,Praha 5 - Radlice,Praha 5 - Radlice
6224,11000,19,1+1,Praha 3 - Žižkov,Praha 3 - Žižkov
6225,25000,76,4+kk,Praha 9 - Libeň,Praha 9 - Libeň
6226,8000,16,1+kk,Praha 10 - Vršovice,Praha 10 - Vršovice
6227,14000,33,2+kk,Praha 9 - Vysočany,Praha 9 - Vysočany
6228,16000,46,3+kk,Praha 6 - Dejvice,Praha 6 - Dejvice
6229,12000,30,2+kk,Praha 5 - Smíchov,Praha 5 - Smíchov
6230,26000,42,2+kk,Praha 5,Praha 5
6231,14000,26,2+kk,Praha 5 - Košíře,Praha 5 - Košíře
6232,12000,29,2+kk,Praha 6 - Dejvice,Praha 6 - Dejvice
6234,21000,38,2+kk,Praha 5 - Smíchov,Praha 5 - Smíchov
6235,15000,46,3+kk,Praha 4 - Braník,Praha 4 - Braník
6237,14000,42,3+1,Praha 5 - Hlubočepy,Praha 5 - Hlubočepy
6238,12000,35,2+1,Praha 4 - Háje,Praha 4 - Háje
6239,14000,40,3+kk,Praha 4 - Modřany,Praha 4 - Modřany
6240,11000,12,1+kk,Praha 5 - Smíchov,Praha 5 - Smíchov
6241,13000,36,3+kk,Praha 4 - Kamýk,Praha 4 - Kamýk
6242,11000,27,1+kk,Praha 5 - Košíře,Praha 5 - Košíře
6243,19000,42,2+kk,Praha 4 - Modřany,Praha 4 - Modřany
6244,9000,14,1+kk,Praha 5 - Stodůlky,Praha 5 - Stodůlky
6245,11000,23,1+kk,Praha 9 - Vysočany,Praha 9 - Vysočany
6246,9000,19,1+kk,Praha 10 - Horní Měcholupy,Praha 10 - Horní Měcholupy
6247,11000,26,2+kk,Praha 3 - Vinohrady,Praha 3 - Vinohrady
6248,20000,41,2+kk,Praha 4 - Podolí,Praha 4 - Podolí
6249,13000,31,2+kk,Praha 5 - Stodůlky,Praha 5 - Stodůlky
6250,18000,24,2+kk,Praha 5 - Hlubočepy,Praha 5 - Hlubočepy
6251,18000,28,2+kk,Praha 10 - Strašnice,Praha 10 - Strašnice
6252,11000,29,2+kk,Praha 5 - Stodůlky,Praha 5 - Stodůlky
6253,35000,71,4+kk,Praha 1 - Josefov,Praha 1 - Josefov
6254,55000,135,other,Praha 9 - Vysočany,Praha 9 - Vysočany
6255,20000,38,2+kk,Praha 8 - Karlín,Praha 8 - Karlín
6256,19000,42,2+kk,Praha 7 - Holešovice,Praha 7 - Holešovice
6257,24000,68,3+kk,Praha 5 - Smíchov,Praha 5 - Smíchov
6258,11000,27,2+kk,Praha 8 - Kobylisy,Praha 8 - Kobylisy
6259,20000,72,3+1,Praha 1 - Nové Město,Praha 1 - Nové Město
6260,38000,84,5+1,Praha 5 - Smíchov,Praha 5 - Smíchov
6261,41000,105,4+kk,Praha 5 - Smíchov,Praha 5 - Smíchov
6262,10000,25,1+kk,Praha 5 - Zličín,Praha 5 - Zličín
6263,18000,35,2+kk,Praha 10 - Strašnice,Praha 10 - Strašnice
6264,10000,22,1+1,Praha 4,Praha 4
6265,8000,34,2+1,Praha 2 - Nové Město,Praha 2 - Nové Město
6267,14000,44,2+1,Praha 5 - Smíchov,Praha 5 - Smíchov
6268,23000,41,2+kk,Praha 1 - Josefov,Praha 1 - Josefov
6269,14000,32,2+1,Praha 9 - Černý Most,Praha 9 - Černý Most
6270,16000,34,2+kk,Praha 2 - Nové Město,Praha 2 - Nové Město
6271,17000,40,2+kk,Praha 5 - Hlubočepy,Praha 5 - Hlubočepy
6272,13000,26,2+kk,Praha 2 - Nové Město,Praha 2 - Nové Město
6273,26000,54,3+kk,Praha 1 - Nové Město,Praha 1 - Nové Město
6274,17000,69,3+kk,Praha 8 - Troja,Praha 8 - Troja
6275,27000,71,4+kk,Praha 5 - Hlubočepy,Praha 5 - Hlubočepy
6276,15000,41,3+kk,Praha 10 - Uhříněves,Praha 10 - Uhříněves
6277,12000,24,1+kk,Praha 5 - Smíchov,Praha 5 - Smíchov
6278,11000,22,1+1,Praha 5 - Smíchov,Praha 5 - Smíchov
6279,25000,50,3+kk,Praha 3 - Žižkov,Praha 3 - Žižkov
6280,13000,32,2+kk,Praha 5 - Hlubočepy,Praha 5 - Hlubočepy
6281,18000,26,2+1,Praha 7 - Holešovice,Praha 7 - Holešovice
6282,10000,22,1+1,Praha 4,Praha 4
6283,8000,34,2+1,Praha 2 - Nové Město,Praha 2 - Nové Město
6285,23000,41,2+kk,Praha 1 - Josefov,Praha 1 - Josefov
6286,14000,32,2+1,Praha 9 - Černý Most,Praha 9 - Černý Most
6287,16000,34,2+kk,Praha 2 - Nové Město,Praha 2 - Nové Město
6288,17000,40,2+kk,Praha 5 - Hlubočepy,Praha 5 - Hlubočepy
6289,13000,26,2+kk,Praha 2 - Nové Město,Praha 2 - Nové Město
6290,26000,54,3+kk,Praha 1 - Nové Město,Praha 1 - Nové Město
6291,17000,69,3+kk,Praha 8 - Troja,Praha 8 - Troja
6292,27000,71,4+kk,Praha 5 - Hlubočepy,Praha 5 - Hlubočepy
6293,15000,41,3+kk,Praha 10 - Uhříněves,Praha 10 - Uhříněves
6294,12000,24,1+kk,Praha 5 - Smíchov,Praha 5 - Smíchov
6295,11000,22,1+1,Praha 5 - Smíchov,Praha 5 - Smíchov
6296,25000,50,3+kk,Praha 3 - Žižkov,Praha 3 - Žižkov
6297,13000,32,2+kk,Praha 5 - Hlubočepy,Praha 5 - Hlubočepy
6298,32000,48,2+kk,Praha 1 - Malá Strana,Praha 1 - Malá Strana
6299,14000,39,3+1,Praha 9 - Střížkov,Praha 9 - Střížkov
6300,16000,42,2+kk,Praha 2 - Vinohrady,Praha 2 - Vinohrady
6301,19000,50,3+kk,Praha 5 - Jinonice,Praha 5 - Jinonice
6302,50000,101,4+1,Praha 2 - Vinohrady,Praha 2 - Vinohrady
6303,8000,16,1+kk,Praha 8 - Kobylisy,Praha 8 - Kobylisy
6304,22000,55,3+1,Praha 6 - Dejvice,Praha 6 - Dejvice
6305,20000,57,3+kk,Praha 3 - Žižkov,Praha 3 - Žižkov
6306,9000,22,2+kk,Praha 10 - Hostivař,Praha 10 - Hostivař
6307,14000,40,3+kk,Praha 9 - Letňany,Praha 9 - Letňany
6308,17000,42,3+kk,Praha 9 - Vysočany,Praha 9 - Vysočany
6309,14000,26,2+kk,Praha 1 - Staré Město,Praha 1 - Staré Město
6310,16000,35,2+kk,Praha 4 - Nusle,Praha 4 - Nusle
6311,14000,29,2+kk,Praha 10 - Strašnice,Praha 10 - Strašnice
6312,18000,39,3+kk,Praha 10 - Dolní Měcholupy,Praha 10 - Dolní Měcholupy
6313,14000,43,3+kk,Praha 5 - Stodůlky,Praha 5 - Stodůlky
6314,11000,28,2+1,Praha 8 - Libeň,Praha 8 - Libeň
6315,12000,20,2+kk,Praha 4 - Krč,Praha 4 - Krč
6316,11000,25,2+kk,Praha 9 - Hloubětín,Praha 9 - Hloubětín
6317,14000,32,2+kk,Praha 9 - Hloubětín,Praha 9 - Hloubětín
6318,17000,38,3+1,Praha 3 - Žižkov,Praha 3 - Žižkov
6319,11000,17,2+kk,Praha 9 - Hloubětín,Praha 9 - Hloubětín
6320,18000,56,3+kk,Praha 5 - Hlubočepy,Praha 5 - Hlubočepy
6321,20000,31,2+kk,Praha 7 - Bubeneč,Praha 7 - Bubeneč
6322,22000,66,3+1,Praha 7 - Holešovice,Praha 7 - Holešovice
6323,28000,54,3+kk,Praha 7 - Holešovice,Praha 7 - Holešovice
6324,12000,19,1+kk,Praha 3 - Žižkov,Praha 3 - Žižkov
6325,20000,41,2+kk,Praha 3 - Žižkov,Praha 3 - Žižkov
6326,20000,30,2+kk,Praha 5 - Košíře,Praha 5 - Košíře
6327,11000,23,1+kk,Praha 9 - Letňany,Praha 9 - Letňany
6328,20000,57,3+kk,Praha 10 - Vršovice,Praha 10 - Vršovice
6329,16000,47,3+1,Praha 5 - Stodůlky,Praha 5 - Stodůlky
6331,12000,24,1+kk,Praha 5 - Stodůlky,Praha 5 - Stodůlky
6332,29000,65,4+kk,Praha 5 - Stodůlky,Praha 5 - Stodůlky
6333,12000,24,1+kk,Praha 5 - Stodůlky,Praha 5 - Stodůlky
6334,14000,26,2+kk,Praha 5 - Stodůlky,Praha 5 - Stodůlky
6335,22000,40,3+kk,Praha 5 - Stodůlky,Praha 5 - Stodůlky
6336,13000,24,1+kk,Praha 5 - Stodůlky,Praha 5 - Stodůlky
6337,16000,36,2+kk,Praha 3 - Žižkov,Praha 3 - Žižkov
6338,29000,66,4+kk,Praha 4 - Modřany,Praha 4 - Modřany
6339,16000,29,2+kk,Praha 5 - Stodůlky,Praha 5 - Stodůlky
6340,16000,16,1+kk,Praha 4 - Nusle,Praha 4 - Nusle
6341,35000,80,4+kk,Praha 1 - Nové Město,Praha 1 - Nové Město
6342,18000,26,2+1,Praha 7 - Holešovice,Praha 7 - Holešovice
6343,12000,24,1+kk,Praha 5 - Stodůlky,Praha 5 - Stodůlky
6344,29000,65,4+kk,Praha 5 - Stodůlky,Praha 5 - Stodůlky
6345,12000,24,1+kk,Praha 5 - Stodůlky,Praha 5 - Stodůlky
6346,14000,26,2+kk,Praha 5 - Stodůlky,Praha 5 - Stodůlky
6347,22000,40,3+kk,Praha 5 - Stodůlky,Praha 5 - Stodůlky
6348,13000,24,1+kk,Praha 5 - Stodůlky,Praha 5 - Stodůlky
6349,16000,36,2+kk,Praha 3 - Žižkov,Praha 3 - Žižkov
6350,29000,66,4+kk,Praha 4 - Modřany,Praha 4 - Modřany
6351,16000,29,2+kk,Praha 5 - Stodůlky,Praha 5 - Stodůlky
6352,16000,16,1+kk,Praha 4 - Nusle,Praha 4 - Nusle
6353,35000,80,4+kk,Praha 1 - Nové Město,Praha 1 - Nové Město
6354,58000,146,other,Praha 6 - Střešovice,Praha 6 - Střešovice
6355,50000,69,3+1,Praha 1 - Nové Město,Praha 1 - Nové Město
6356,35000,62,3+1,Praha 2 - Nové Město,Praha 2 - Nové Město
6357,29000,35,2+kk,Praha 3 - Vinohrady,Praha 3 - Vinohrady
6358,20000,33,2+kk,Praha 2 - Vinohrady,Praha 2 - Vinohrady
6359,24000,47,3+kk,Praha 1 - Nové Město,Praha 1 - Nové Město
6360,58000,168,4+1,Praha 2 - Vinohrady,Praha 2 - Vinohrady
6361,31000,85,4+kk,Praha 1 - Nové Město,Praha 1 - Nové Město
6362,41000,58,3+kk,Praha 2 - Vinohrady,Praha 2 - Vinohrady
6363,12000,19,1+kk,Praha 5 - Smíchov,Praha 5 - Smíchov
6365,20000,25,2+kk,Praha 10 - Vršovice,Praha 10 - Vršovice
6366,47000,101,4+1,Praha 1 - Malá Strana,Praha 1 - Malá Strana
6367,24000,45,3+kk,Praha 1 - Nové Město,Praha 1 - Nové Město
6368,26000,59,3+kk,Praha 6 - Břevnov,Praha 6 - Břevnov
6369,25000,45,2+1,Praha 1 - Staré Město,Praha 1 - Staré Město
6372,21000,34,2+kk,Praha 5 - Jinonice,Praha 5 - Jinonice
6373,38000,101,4+kk,Praha 2 - Vinohrady,Praha 2 - Vinohrady
6374,19000,41,2+kk,Praha 1 - Staré Město,Praha 1 - Staré Město
6375,43000,84,3+1,Praha 1 - Josefov,Praha 1 - Josefov
6376,20000,54,3+1,Praha 1 - Nové Město,Praha 1 - Nové Město
6377,53000,114,4+kk,Praha 6 - Bubeneč,Praha 6 - Bubeneč
6378,50000,170,5+1,Praha 5 - Malá Strana,Praha 5 - Malá Strana
6379,23000,43,2+1,Praha 1 - Malá Strana,Praha 1 - Malá Strana
6380,14000,34,2+kk,Praha 5 - Smíchov,Praha 5 - Smíchov
6382,26000,63,3+kk,Praha 6 - Vokovice,Praha 6 - Vokovice
6383,11000,25,1+kk,Praha 9 - Kyje,Praha 9 - Kyje
6384,16000,31,2+kk,Praha 5 - Smíchov,Praha 5 - Smíchov
6386,13000,32,1+1,Praha 5 - Smíchov,Praha 5 - Smíchov
6387,11000,21,1+kk,Praha 3 - Žižkov,Praha 3 - Žižkov
6388,13000,35,2+kk,Praha 9 - Prosek,Praha 9 - Prosek
6389,13000,32,1+1,Praha 9 - Prosek,Praha 9 - Prosek
6390,15000,22,1+kk,Praha 10 - Hostivař,Praha 10 - Hostivař
6391,7000,20,1+kk,Praha 4 - Kamýk,Praha 4 - Kamýk
6392,11000,34,2+1,Praha 8 - Kobylisy,Praha 8 - Kobylisy
6393,10000,23,2+kk,Praha 4 - Krč,Praha 4 - Krč
6394,16000,40,2+1,Praha 2 - Nové Město,Praha 2 - Nové Město
6395,23000,48,2+kk,Praha 1 - Nové Město,Praha 1 - Nové Město
6396,22000,59,3+kk,Praha 5,Praha 5
6397,14000,28,2+kk,Praha 4 - Chodov,Praha 4 - Chodov
6398,10000,21,2+kk,Praha 10 - Vinohrady,Praha 10 - Vinohrady
6399,6000,11,1+kk,Praha 3 - Žižkov,Praha 3 - Žižkov
6400,26000,55,3+kk,Praha 3 - Vinohrady,Praha 3 - Vinohrady
6401,13000,25,2+kk,Praha 5 - Hlubočepy,Praha 5 - Hlubočepy
6402,17000,43,2+1,Praha 10 - Vršovice,Praha 10 - Vršovice
6403,41000,67,4+kk,Praha 2 - Nusle,Praha 2 - Nusle
6405,16000,28,2+kk,Praha 1 - Staré Město,Praha 1 - Staré Město
6406,36000,71,4+kk,Praha 3 - Žižkov,Praha 3 - Žižkov
6407,35000,62,3+1,Praha 2 - Nové Město,Praha 2 - Nové Město
6408,22000,60,3+kk,Praha 9 - Hloubětín,Praha 9 - Hloubětín
6410,35000,60,4+kk,Praha 8 - Karlín,Praha 8 - Karlín
6411,38000,92,4+kk,Praha 1 - Staré Město,Praha 1 - Staré Město
6412,43000,78,3+1,Praha 1 - Josefov,Praha 1 - Josefov
6413,53000,85,4+1,Praha 1 - Malá Strana,Praha 1 - Malá Strana
6414,25000,58,3+kk,Praha 6 - Vokovice,Praha 6 - Vokovice
6415,20000,38,2+kk,Praha 10 - Strašnice,Praha 10 - Strašnice
6416,36000,77,5+kk,Praha 10 - Vinohrady,Praha 10 - Vinohrady
6417,23000,44,3+kk,Praha 1 - Malá Strana,Praha 1 - Malá Strana
6418,21000,58,3+kk,Praha 5 - Jinonice,Praha 5 - Jinonice
6420,47000,75,4+1,Praha 6 - Bubeneč,Praha 6 - Bubeneč
6421,51000,90,4+1,Praha 1 - Staré Město,Praha 1 - Staré Město
6423,23000,51,3+kk,Praha 1 - Nové Město,Praha 1 - Nové Město
6424,22000,35,1+1,Praha 1 - Malá Strana,Praha 1 - Malá Strana
6425,16000,30,2+kk,Praha 4 - Modřany,Praha 4 - Modřany
6426,16000,25,2+kk,Praha 5 - Košíře,Praha 5 - Košíře
6427,30000,100,1+kk,Praha 1 - Staré Město,Praha 1 - Staré Město
6428,44000,114,5+1,Praha 6 - Bubeneč,Praha 6 - Bubeneč
6429,50000,149,5+1,Praha 5 - Malá Strana,Praha 5 - Malá Strana
6430,16000,36,2+kk,Praha 3 - Žižkov,Praha 3 - Žižkov
6431,18000,34,2+kk,Praha 6 - Veleslavín,Praha 6 - Veleslavín
6432,20000,32,2+kk,Praha 8 - Karlín,Praha 8 - Karlín
6433,23000,43,2+1,Praha 1 - Malá Strana,Praha 1 - Malá Strana
6434,25000,76,3+1,Praha 7 - Bubeneč,Praha 7 - Bubeneč
6436,53000,78,4+1,Praha 6 - Bubeneč,Praha 6 - Bubeneč
6438,22000,47,3+kk,Praha 5 - Smíchov,Praha 5 - Smíchov
6440,53000,114,4+kk,Praha 6 - Bubeneč,Praha 6 - Bubeneč
6441,19000,38,2+kk,Praha 4 - Nusle,Praha 4 - Nusle
6443,38000,77,4+kk,Praha 1 - Nové Město,Praha 1 - Nové Město
6444,24000,45,2+1,Praha 1 - Nové Město,Praha 1 - Nové Město
6445,14000,40,3+1,Praha 10 - Strašnice,Praha 10 - Strašnice
6446,16000,31,2+kk,Praha 9 - Hrdlořezy,Praha 9 - Hrdlořezy
6447,35000,62,4+kk,Praha 5 - Stodůlky,Praha 5 - Stodůlky
6448,13000,19,1+kk,Praha 4 - Modřany,Praha 4 - Modřany
6449,13000,20,1+kk,Praha 7 - Holešovice,Praha 7 - Holešovice
6450,13000,18,1+kk,Praha 1 - Staré Město,Praha 1 - Staré Město
6451,28000,41,3+kk,Praha 8 - Karlín,Praha 8 - Karlín
6452,16000,25,2+kk,Praha 5 - Smíchov,Praha 5 - Smíchov
6453,50000,94,4+kk,Praha 3 - Vinohrady,Praha 3 - Vinohrady
6454,13000,19,1+kk,Praha 4 - Modřany,Praha 4 - Modřany
6455,17000,35,2+kk,Praha 4 - Modřany,Praha 4 - Modřany
6456,12000,16,1+kk,Praha 8 - Karlín,Praha 8 - Karlín
6457,14000,26,1+kk,Praha 3 - Vinohrady,Praha 3 - Vinohrady
6458,34000,65,2+kk,Praha 1 - Staré Město,Praha 1 - Staré Město
6459,22000,39,3+kk,Praha 9 - Hrdlořezy,Praha 9 - Hrdlořezy
6460,38000,110,3+kk,Praha 1 - Nové Město,Praha 1 - Nové Město
6461,19000,41,3+kk,Praha 7 - Holešovice,Praha 7 - Holešovice
6462,50000,105,5+kk,Praha 6 - Střešovice,Praha 6 - Střešovice
6463,13000,25,2+kk,Praha 10 - Vršovice,Praha 10 - Vršovice
6464,15000,22,1+kk,Praha 7 - Holešovice,Praha 7 - Holešovice
6466,53000,114,4+kk,Praha 6 - Bubeneč,Praha 6 - Bubeneč
6467,19000,38,2+kk,Praha 4 - Nusle,Praha 4 - Nusle
6469,38000,77,4+kk,Praha 1 - Nové Město,Praha 1 - Nové Město
6470,24000,45,2+1,Praha 1 - Nové Město,Praha 1 - Nové Město
6471,14000,40,3+1,Praha 10 - Strašnice,Praha 10 - Strašnice
6472,16000,31,2+kk,Praha 9 - Hrdlořezy,Praha 9 - Hrdlořezy
6473,35000,62,4+kk,Praha 5 - Stodůlky,Praha 5 - Stodůlky
6474,13000,19,1+kk,Praha 4 - Modřany,Praha 4 - Modřany
6475,13000,20,1+kk,Praha 7 - Holešovice,Praha 7 - Holešovice
6476,13000,18,1+kk,Praha 1 - Staré Město,Praha 1 - Staré Město
6477,28000,41,3+kk,Praha 8 - Karlín,Praha 8 - Karlín
6478,16000,25,2+kk,Praha 5 - Smíchov,Praha 5 - Smíchov
6479,50000,94,4+kk,Praha 3 - Vinohrady,Praha 3 - Vinohrady
6480,13000,19,1+kk,Praha 4 - Modřany,Praha 4 - Modřany
6481,17000,35,2+kk,Praha 4 - Modřany,Praha 4 - Modřany
6482,12000,16,1+kk,Praha 8 - Karlín,Praha 8 - Karlín
6483,14000,26,1+kk,Praha 3 - Vinohrady,Praha 3 - Vinohrady
6484,34000,65,2+kk,Praha 1 - Staré Město,Praha 1 - Staré Město
6485,22000,39,3+kk,Praha 9 - Hrdlořezy,Praha 9 - Hrdlořezy
6486,38000,110,3+kk,Praha 1 - Nové Město,Praha 1 - Nové Město
6487,19000,41,3+kk,Praha 7 - Holešovice,Praha 7 - Holešovice
6488,50000,105,5+kk,Praha 6 - Střešovice,Praha 6 - Střešovice
6489,13000,25,2+kk,Praha 10 - Vršovice,Praha 10 - Vršovice
6490,38000,83,4+1,Praha 2 - Vinohrady,Praha 2 - Vinohrady
6491,29000,71,3+1,Praha 7 - Bubeneč,Praha 7 - Bubeneč
6492,41000,61,3+kk,Praha 2 - Vinohrady,Praha 2 - Vinohrady
6494,53000,99,5+kk,Praha 6 - Střešovice,Praha 6 - Střešovice
6495,16000,25,2+kk,Praha 3 - Žižkov,Praha 3 - Žižkov
6496,47000,95,3+1,Praha 1 - Staré Město,Praha 1 - Staré Město
6497,19000,35,2+kk,Praha 3 - Žižkov,Praha 3 - Žižkov
6498,25000,34,2+kk,Praha 2 - Vinohrady,Praha 2 - Vinohrady
6499,32000,60,4+kk,Praha 2 - Vinohrady,Praha 2 - Vinohrady
6500,25000,81,4+1,Praha 7 - Holešovice,Praha 7 - Holešovice
6501,28000,75,3+kk,Praha 1 - Nové Město,Praha 1 - Nové Město
6502,29000,53,3+kk,Praha 4 - Braník,Praha 4 - Braník
6505,25000,49,2+kk,Praha 4 - Podolí,Praha 4 - Podolí
6506,22000,41,2+kk,Praha 6 - Střešovice,Praha 6 - Střešovice
6507,22000,68,2+kk,Praha 7 - Holešovice,Praha 7 - Holešovice
6508,18000,46,3+kk,Praha 10 - Hostivař,Praha 10 - Hostivař
6509,31000,63,4+kk,Praha 3 - Žižkov,Praha 3 - Žižkov
6510,13000,22,1+kk,Praha 5 - Smíchov,Praha 5 - Smíchov
6511,19000,50,2+1,Praha 5 - Smíchov,Praha 5 - Smíchov
6512,22000,41,2+kk,Praha 6 - Střešovice,Praha 6 - Střešovice
6513,11000,17,1+kk,Praha 3 - Vinohrady,Praha 3 - Vinohrady
6514,24000,48,3+1,Praha 2 - Nové Město,Praha 2 - Nové Město
6515,25000,27,2+kk,Praha 8 - Karlín,Praha 8 - Karlín
6516,26000,54,3+1,Praha 3 - Vinohrady,Praha 3 - Vinohrady
6517,31000,54,4+kk,Praha 3 - Žižkov,Praha 3 - Žižkov
6518,47000,98,4+kk,Praha 1 - Staré Město,Praha 1 - Staré Město
6519,10000,15,1+kk,Praha 4 - Podolí,Praha 4 - Podolí
6521,21000,38,2+kk,Praha 10 - Vinohrady,Praha 10 - Vinohrady
6522,26000,55,3+kk,Praha 3 - Vinohrady,Praha 3 - Vinohrady
6523,16000,30,2+kk,Praha 5 - Smíchov,Praha 5 - Smíchov
6524,41000,65,3+kk,Praha 4 - Nusle,Praha 4 - Nusle
6525,15000,22,1+kk,Praha 7 - Holešovice,Praha 7 - Holešovice
6526,23000,30,2+kk,Praha 8 - Karlín,Praha 8 - Karlín
6527,59000,63,4+kk,Praha 3 - Vinohrady,Praha 3 - Vinohrady
6529,24000,54,3+kk,Praha 4 - Modřany,Praha 4 - Modřany
6530,38000,56,3+kk,Praha 4 - Nusle,Praha 4 - Nusle
6531,16000,29,2+kk,Praha 2 - Vinohrady,Praha 2 - Vinohrady
6532,44000,82,5+kk,Praha 8 - Kobylisy,Praha 8 - Kobylisy
6533,11000,17,1+kk,Praha 3 - Vinohrady,Praha 3 - Vinohrady
6534,22000,35,2+kk,Praha 6 - Veleslavín,Praha 6 - Veleslavín
6535,20000,37,2+kk,Praha 7 - Holešovice,Praha 7 - Holešovice
6536,31000,65,4+kk,Praha 3 - Žižkov,Praha 3 - Žižkov
6537,26000,67,3+kk,Praha 7 - Bubeneč,Praha 7 - Bubeneč
6538,20000,33,2+kk,Praha 2 - Vinohrady,Praha 2 - Vinohrady
6539,19000,59,3+kk,Praha 5 - Jinonice,Praha 5 - Jinonice
6540,23000,59,3+1,Praha 6 - Dejvice,Praha 6 - Dejvice
6541,16000,29,2+kk,Praha 4 - Modřany,Praha 4 - Modřany
6542,25000,53,2+kk,Praha 1 - Josefov,Praha 1 - Josefov
6543,32000,74,4+kk,Praha 5 - Jinonice,Praha 5 - Jinonice
6544,32000,36,2+kk,Praha 6 - Bubeneč,Praha 6 - Bubeneč
6545,22000,65,3+kk,Praha 5 - Smíchov,Praha 5 - Smíchov
6546,15000,23,1+kk,Praha 3 - Vinohrady,Praha 3 - Vinohrady
6547,31000,60,4+kk,Praha 4 - Nusle,Praha 4 - Nusle
6548,38000,54,3+kk,Praha 3 - Vinohrady,Praha 3 - Vinohrady
6549,41000,70,4+kk,Praha 5 - Smíchov,Praha 5 - Smíchov
6550,17000,52,3+kk,Praha 4 - Modřany,Praha 4 - Modřany
6551,33000,85,4+1,Praha 5 - Smíchov,Praha 5 - Smíchov
6552,17000,34,2+kk,Praha 5 - Smíchov,Praha 5 - Smíchov
6553,29000,63,3+kk,Praha 5 - Smíchov,Praha 5 - Smíchov
6554,48000,151,5+kk,Praha 3 - Žižkov,Praha 3 - Žižkov
6555,14000,74,2+kk,Praha 1 - Staré Město,Praha 1 - Staré Město
6556,16000,34,2+kk,Praha 2 - Nové Město,Praha 2 - Nové Město
6557,14000,29,2+kk,Praha 9 - Vysočany,Praha 9 - Vysočany
6558,14000,39,2+1,Praha 4 - Krč,Praha 4 - Krč
6559,11000,17,1+kk,Praha 7 - Holešovice,Praha 7 - Holešovice
6560,16000,38,2+1,Praha 6 - Dejvice,Praha 6 - Dejvice
6561,22000,87,5+kk,Praha 5 - Zbraslav,Praha 5 - Zbraslav
6562,11000,26,1+kk,Praha 6 - Dejvice,Praha 6 - Dejvice
6563,14000,32,2+kk,Praha 4 - Modřany,Praha 4 - Modřany
6564,14000,28,2+kk,Praha 4 - Modřany,Praha 4 - Modřany
6565,13000,25,2+kk,Praha 5 - Hlubočepy,Praha 5 - Hlubočepy
6566,11000,31,2+1,Praha 6 - Vokovice,Praha 6 - Vokovice
6567,32000,56,3+1,Praha 6 - Bubeneč,Praha 6 - Bubeneč
6568,20000,50,3+kk,Praha 9 - Letňany,Praha 9 - Letňany
6569,9000,14,1+kk,Praha 9 - Libeň,Praha 9 - Libeň
6570,9000,32,2+1,Praha 6 - Břevnov,Praha 6 - Břevnov
6571,9000,11,1+kk,Praha 9 - Vysočany,Praha 9 - Vysočany
6572,12000,34,2+1,Praha 4 - Krč,Praha 4 - Krč
6573,14000,36,2+kk,Praha 10 - Vršovice,Praha 10 - Vršovice
6574,16000,40,2+1,Praha 1 - Nové Město,Praha 1 - Nové Město
6575,13000,25,2+kk,Praha 8 - Libeň,Praha 8 - Libeň
6576,17000,32,3+kk,Praha 9 - Vysočany,Praha 9 - Vysočany
6577,13000,21,2+kk,Praha 1 - Nové Město,Praha 1 - Nové Město
6578,13000,34,2+kk,Praha 5 - Stodůlky,Praha 5 - Stodůlky
6579,14000,38,2+1,Praha 2 - Vinohrady,Praha 2 - Vinohrady
6580,23000,38,2+kk,Praha 2 - Vinohrady,Praha 2 - Vinohrady
6581,14000,31,2+kk,Praha 4 - Chodov,Praha 4 - Chodov
6582,10000,19,1+kk,Praha 5 - Stodůlky,Praha 5 - Stodůlky
6583,11000,22,1+kk,Praha 8 - Karlín,Praha 8 - Karlín
6584,11000,27,2+1,Praha 4 - Nusle,Praha 4 - Nusle
6585,41000,77,3+kk,Praha 5 - Smíchov,Praha 5 - Smíchov
6586,18000,26,2+1,Praha 7 - Holešovice,Praha 7 - Holešovice
6587,12000,32,2+kk,Praha 7 - Holešovice,Praha 7 - Holešovice
6588,13000,39,3+kk,Praha 10 - Hostivař,Praha 10 - Hostivař
6589,14000,30,3+kk,Praha 8 - Libeň,Praha 8 - Libeň
6590,16000,28,2+kk,Praha 6 - Veleslavín,Praha 6 - Veleslavín
6591,32000,42,2+kk,Praha 1 - Malá Strana,Praha 1 - Malá Strana
6592,20000,62,3+1,Praha 2 - Vinohrady,Praha 2 - Vinohrady
6593,12000,26,2+kk,Praha 5 - Stodůlky,Praha 5 - Stodůlky
6594,9000,17,1+kk,Praha 4 - Nusle,Praha 4 - Nusle
6595,19000,42,3+kk,Praha 5 - Hlubočepy,Praha 5 - Hlubočepy
6596,12000,26,2+kk,Praha 4 - Nusle,Praha 4 - Nusle
6597,13000,32,2+1,Praha 8 - Libeň,Praha 8 - Libeň
6598,14000,52,3+1,Praha 5 - Smíchov,Praha 5 - Smíchov
6599,11000,43,2+kk,Praha 9 - Černý Most,Praha 9 - Černý Most
6600,9000,15,1+kk,Praha 3 - Žižkov,Praha 3 - Žižkov
6601,11000,30,2+kk,Praha 9 - Letňany,Praha 9 - Letňany
6602,12000,20,1+kk,Praha 9 - Vysočany,Praha 9 - Vysočany
6603,44000,131,4+kk,Praha 1 - Malá Strana,Praha 1 - Malá Strana
6605,14000,32,2+kk,Praha 3,Praha 3
6606,11000,21,1+kk,Praha 8 - Troja,Praha 8 - Troja
6607,23000,42,2+kk,Praha 5 - Smíchov,Praha 5 - Smíchov
6608,12000,29,2+kk,Praha 4 - Chodov,Praha 4 - Chodov
6609,16000,29,2+kk,Praha 6 - Veleslavín,Praha 6 - Veleslavín
6610,23000,62,3+kk,Praha 2 - Vinohrady,Praha 2 - Vinohrady
6611,11000,19,1+kk,Praha 2 - Vinohrady,Praha 2 - Vinohrady
6612,25000,54,3+kk,Praha 8 - Karlín,Praha 8 - Karlín
6613,22000,59,3+1,Praha 2 - Nové Město,Praha 2 - Nové Město
6614,9000,30,2+kk,Praha 4 - Podolí,Praha 4 - Podolí
6615,17000,29,2+kk,Praha 2 - Vinohrady,Praha 2 - Vinohrady
6616,15000,34,2+kk,Praha 3 - Žižkov,Praha 3 - Žižkov
6617,22000,46,3+kk,Praha 5 - Smíchov,Praha 5 - Smíchov
6618,17000,48,3+kk,Praha 10 - Záběhlice,Praha 10 - Záběhlice
6619,14000,17,1+1,Praha 1 - Nové Město,Praha 1 - Nové Město
6620,23000,48,2+1,Praha 2 - Vinohrady,Praha 2 - Vinohrady
6621,10000,17,1+kk,Praha 2 - Vinohrady,Praha 2 - Vinohrady
6622,8000,14,1+kk,Praha 4 - Braník,Praha 4 - Braník
6623,9000,14,1+kk,Praha 9 - Vysočany,Praha 9 - Vysočany
6624,19000,57,3+kk,Praha 10 - Strašnice,Praha 10 - Strašnice
6625,11000,26,1+kk,Praha 9 - Hloubětín,Praha 9 - Hloubětín
6626,9000,14,1+kk,Praha 2 - Vinohrady,Praha 2 - Vinohrady
6627,14000,48,3+1,Praha 5 - Stodůlky,Praha 5 - Stodůlky
6628,11000,17,1+kk,Praha 7 - Bubeneč,Praha 7 - Bubeneč
6629,14000,32,2+kk,Praha 4 - Modřany,Praha 4 - Modřany
6630,11000,22,2+kk,Praha 7 - Holešovice,Praha 7 - Holešovice
6631,11000,36,2+1,Praha 4 - Kamýk,Praha 4 - Kamýk
6632,20000,41,3+kk,Praha 1 - Malá Strana,Praha 1 - Malá Strana
6633,11000,40,1+1,Praha 8 - Karlín,Praha 8 - Karlín
6634,10000,29,1+kk,Praha 9 - Hloubětín,Praha 9 - Hloubětín
6635,8000,17,1+kk,Praha 10 - Strašnice,Praha 10 - Strašnice
6636,19000,38,2+kk,Praha 3 - Žižkov,Praha 3 - Žižkov
6637,23000,54,3+kk,Praha 4 - Modřany,Praha 4 - Modřany
6638,8000,20,1+kk,Praha 9 - Hloubětín,Praha 9 - Hloubětín
6639,20000,34,2+kk,Praha 5 - Jinonice,Praha 5 - Jinonice
6640,16000,44,3+kk,Praha 4 - Chodov,Praha 4 - Chodov
6641,16000,26,2+kk,Praha 10 - Uhříněves,Praha 10 - Uhříněves
6642,13000,28,2+kk,Praha 9 - Hrdlořezy,Praha 9 - Hrdlořezy
6643,14000,29,2+1,Praha 6 - Bubeneč,Praha 6 - Bubeneč
6644,10000,19,1+kk,Praha 9 - Vysočany,Praha 9 - Vysočany
6645,17000,31,2+kk,Praha 6 - Dejvice,Praha 6 - Dejvice
6646,14000,31,3+kk,Praha 9 - Vysočany,Praha 9 - Vysočany
6647,18000,26,2+1,Praha 7 - Holešovice,Praha 7 - Holešovice
6648,17000,50,3+1,Praha 9 - Černý Most,Praha 9 - Černý Most
6649,9000,28,2+1,Praha 8 - Libeň,Praha 8 - Libeň
6650,16000,34,2+kk,Praha 4 - Modřany,Praha 4 - Modřany
6651,13000,28,1+1,Praha 3 - Žižkov,Praha 3 - Žižkov
6652,19000,25,2+kk,Praha 8 - Karlín,Praha 8 - Karlín
6653,16000,32,2+kk,Praha 6 - Bubeneč,Praha 6 - Bubeneč
6654,22000,56,3+1,Praha 1 - Malá Strana,Praha 1 - Malá Strana
6655,12000,36,3+1,Praha 8 - Libeň,Praha 8 - Libeň
6656,9000,33,3+1,Praha 5 - Košíře,Praha 5 - Košíře
6657,14000,35,2+1,Praha 10 - Vršovice,Praha 10 - Vršovice
6658,25000,50,3+1,Praha 1 - Staré Město,Praha 1 - Staré Město
6659,9000,27,1+1,Praha 3 - Vinohrady,Praha 3 - Vinohrady
6660,17000,29,2+kk,Praha 7 - Bubeneč,Praha 7 - Bubeneč
6661,6000,11,1+kk,Praha 4 - Krč,Praha 4 - Krč
6662,12000,26,2+kk,Praha 7 - Holešovice,Praha 7 - Holešovice
6664,11000,17,1+kk,Praha 2 - Vinohrady,Praha 2 - Vinohrady
6665,22000,45,3+kk,Praha 3 - Žižkov,Praha 3 - Žižkov
6666,11000,17,1+kk,Praha 3 - Vinohrady,Praha 3 - Vinohrady
6667,10000,30,2+1,Praha 10 - Vršovice,Praha 10 - Vršovice
6668,7000,16,1+kk,Praha 8 - Troja,Praha 8 - Troja
6669,32000,68,3+kk,Praha 5 - Smíchov,Praha 5 - Smíchov
6670,20000,61,3+1,Praha 2 - Nové Město,Praha 2 - Nové Město
6671,19000,42,2+kk,Praha 3 - Žižkov,Praha 3 - Žižkov
6672,59000,152,other,Praha 2 - Vinohrady,Praha 2 - Vinohrady
6673,9000,23,1+kk,Praha 9 - Letňany,Praha 9 - Letňany
6674,17000,41,2+kk,Praha 1 - Nové Město,Praha 1 - Nové Město
6675,41000,67,3+kk,Praha 6 - Břevnov,Praha 6 - Břevnov
6676,19000,31,1+kk,Praha 5 - Košíře,Praha 5 - Košíře
6677,27000,68,3+kk,Praha 5 - Smíchov,Praha 5 - Smíchov
6678,51000,110,4+1,Praha 6 - Břevnov,Praha 6 - Břevnov
6679,15000,44,2+kk,Praha 4 - Michle,Praha 4 - Michle
6680,17000,29,2+kk,Praha 3 - Žižkov,Praha 3 - Žižkov
6681,22000,65,3+1,Praha 8 - Libeň,Praha 8 - Libeň
6682,11000,23,1+kk,Praha 10 - Strašnice,Praha 10 - Strašnice
6683,10000,25,2+kk,Praha 8 - Kobylisy,Praha 8 - Kobylisy
6684,22000,47,3+kk,Praha 6 - Břevnov,Praha 6 - Břevnov
6685,26000,49,3+kk,Praha 1 - Staré Město,Praha 1 - Staré Město
6686,10000,24,1+kk,Praha 3 - Žižkov,Praha 3 - Žižkov
6687,59000,151,5+1,Praha 2 - Vinohrady,Praha 2 - Vinohrady
6689,20000,38,2+kk,Praha 8 - Karlín,Praha 8 - Karlín
6690,13000,34,2+kk,Praha 4 - Nusle,Praha 4 - Nusle
6691,9000,25,2+kk,Praha 4 - Modřany,Praha 4 - Modřany
6692,14000,39,3+1,Praha 4 - Chodov,Praha 4 - Chodov
6693,13000,39,2+1,Praha 2 - Vinohrady,Praha 2 - Vinohrady
6694,13000,29,2+1,Praha 3 - Žižkov,Praha 3 - Žižkov
6695,10000,17,1+kk,Praha 4 - Modřany,Praha 4 - Modřany
6696,10000,20,1+kk,Praha 4 - Nusle,Praha 4 - Nusle
6697,9000,25,1+kk,Praha 4 - Podolí,Praha 4 - Podolí
6698,13000,41,3+1,Praha 5 - Hlubočepy,Praha 5 - Hlubočepy
6699,17000,41,3+kk,Praha 1 - Staré Město,Praha 1 - Staré Město
6700,11000,26,2+kk,Praha 10 - Dolní Měcholupy,Praha 10 - Dolní Měcholupy
6702,17000,33,2+1,Praha 10 - Vršovice,Praha 10 - Vršovice
6703,14000,33,2+kk,Praha 9 - Libeň,Praha 9 - Libeň
6704,20000,53,3+kk,Praha 9 - Libeň,Praha 9 - Libeň
6706,13000,38,2+kk,Praha 5 - Košíře,Praha 5 - Košíře
6707,8000,20,1+kk,Praha 5 - Smíchov,Praha 5 - Smíchov
6708,18000,26,2+1,Praha 7 - Holešovice,Praha 7 - Holešovice
6709,57000,58,2+1,Praha 1 - Malá Strana,Praha 1 - Malá Strana
6710,9000,16,1+kk,Praha 10 - Vršovice,Praha 10 - Vršovice
6711,13000,35,3+kk,Praha 5 - Zbraslav,Praha 5 - Zbraslav
6712,34000,57,3+kk,Praha 8 - Libeň,Praha 8 - Libeň
6713,14000,25,1+kk,Praha 10 - Malešice,Praha 10 - Malešice
6714,16000,32,2+kk,Praha 2 - Vinohrady,Praha 2 - Vinohrady
6716,28000,65,3+kk,Praha 1 - Nové Město,Praha 1 - Nové Město
6717,10000,29,2+1,Praha 3 - Vinohrady,Praha 3 - Vinohrady
6718,14000,29,2+kk,Praha 5 - Smíchov,Praha 5 - Smíchov
6719,41000,100,4+1,Praha 10 - Vinohrady,Praha 10 - Vinohrady
6721,13000,42,2+kk,Praha 10 - Michle,Praha 10 - Michle
6722,11000,32,2+kk,Praha 5 - Smíchov,Praha 5 - Smíchov
6723,15000,41,2+1,Praha 6 - Bubeneč,Praha 6 - Bubeneč
6724,11000,22,1+kk,Praha 5 - Stodůlky,Praha 5 - Stodůlky
6725,19000,51,3+1,Praha 3 - Žižkov,Praha 3 - Žižkov
6726,12000,32,2+kk,Praha 10 - Vršovice,Praha 10 - Vršovice
6727,11000,18,1+kk,Praha 10 - Vršovice,Praha 10 - Vršovice
6728,15000,26,2+kk,Praha 3 - Žižkov,Praha 3 - Žižkov
6729,59000,63,4+kk,Praha 3 - Vinohrady,Praha 3 - Vinohrady
6730,13000,20,1+kk,Praha 3 - Žižkov,Praha 3 - Žižkov
6731,13000,22,1+kk,Praha 5 - Malá Strana,Praha 5 - Malá Strana
6732,14000,41,2+1,Praha 10 - Vršovice,Praha 10 - Vršovice
6733,59000,152,other,Praha 2 - Vinohrady,Praha 2 - Vinohrady
6734,32000,68,3+kk,Praha 5 - Smíchov,Praha 5 - Smíchov
6736,19000,59,3+kk,Praha 5 - Jinonice,Praha 5 - Jinonice
6737,22000,39,1+kk,Praha 5 - Smíchov,Praha 5 - Smíchov
6738,13000,22,1+kk,Praha 6 - Bubeneč,Praha 6 - Bubeneč
6739,25000,50,3+kk,Praha 6 - Bubeneč,Praha 6 - Bubeneč
6740,19000,41,3+kk,Praha 5 - Smíchov,Praha 5 - Smíchov
6741,13000,31,3+kk,Praha 4 - Krč,Praha 4 - Krč
6742,15000,32,2+kk,Praha 9 - Hloubětín,Praha 9 - Hloubětín
6743,19000,56,3+kk,Praha 8 - Libeň,Praha 8 - Libeň
6744,10000,17,1+kk,Praha 10 - Hostivař,Praha 10 - Hostivař
6745,9000,16,1+kk,Praha 9,Praha 9
6746,13000,41,2+1,Praha 8 - Libeň,Praha 8 - Libeň
6747,32000,56,3+kk,Praha 4 - Nusle,Praha 4 - Nusle
6748,8000,19,1+kk,Praha 9 - Vysočany,Praha 9 - Vysočany
6750,11000,28,2+kk,Praha 3 - Žižkov,Praha 3 - Žižkov
6751,8000,17,1+kk,Praha 3 - Žižkov,Praha 3 - Žižkov
6752,8000,16,1+kk,Praha 3 - Žižkov,Praha 3 - Žižkov
6753,10000,19,1+kk,Praha 9 - Libeň,Praha 9 - Libeň
6754,7000,13,1+kk,Praha 4 - Chodov,Praha 4 - Chodov
6755,20000,39,2+kk,Praha 4 - Nusle,Praha 4 - Nusle
6757,22000,51,3+kk,Praha 9 - Hloubětín,Praha 9 - Hloubětín
6758,12000,25,2+kk,Praha 9 - Libeň,Praha 9 - Libeň
6759,10000,27,2+kk,Praha 4 - Chodov,Praha 4 - Chodov
6760,14000,28,2+kk,Praha 3 - Žižkov,Praha 3 - Žižkov
6761,10000,19,1+kk,Praha 5 - Stodůlky,Praha 5 - Stodůlky
6762,10000,18,1+kk,Praha 9 - Vysočany,Praha 9 - Vysočany
6763,11000,28,2+kk,Praha 4 - Chodov,Praha 4 - Chodov
6764,9000,25,1+kk,Praha 4 - Michle,Praha 4 - Michle
6765,14000,33,2+kk,Praha 5 - Zličín,Praha 5 - Zličín
6766,10000,17,1+kk,Praha 10 - Vršovice,Praha 10 - Vršovice
6767,11000,22,1+kk,Praha 9 - Vysočany,Praha 9 - Vysočany
6768,13000,36,2+1,Praha 3 - Žižkov,Praha 3 - Žižkov
6769,18000,26,2+1,Praha 7 - Holešovice,Praha 7 - Holešovice
6770,10000,18,1+kk,Praha 9 - Vysočany,Praha 9 - Vysočany
6771,11000,28,2+kk,Praha 4 - Chodov,Praha 4 - Chodov
6772,9000,25,1+kk,Praha 4 - Michle,Praha 4 - Michle
6773,14000,33,2+kk,Praha 5 - Zličín,Praha 5 - Zličín
6774,10000,17,1+kk,Praha 10 - Vršovice,Praha 10 - Vršovice
6775,11000,22,1+kk,Praha 9 - Vysočany,Praha 9 - Vysočany
6776,13000,36,2+1,Praha 3 - Žižkov,Praha 3 - Žižkov
6777,10000,19,1+kk,Praha 10 - Dolní Měcholupy,Praha 10 - Dolní Měcholupy
6778,9000,17,1+kk,Praha 10 - Dolní Měcholupy,Praha 10 - Dolní Měcholupy
6779,11000,20,1+kk,Praha 4 - Kamýk,Praha 4 - Kamýk
6780,15000,33,2+kk,Praha 7 - Holešovice,Praha 7 - Holešovice
6781,11000,18,1+kk,Praha 4 - Kamýk,Praha 4 - Kamýk
6782,15000,28,2+kk,Praha 4 - Kamýk,Praha 4 - Kamýk
6783,14000,28,2+kk,Praha 4 - Kamýk,Praha 4 - Kamýk
6784,10000,18,1+kk,Praha 10 - Záběhlice,Praha 10 - Záběhlice
6785,11000,17,1+kk,Praha 3 - Žižkov,Praha 3 - Žižkov
6786,13000,23,2+kk,Praha 5 - Košíře,Praha 5 - Košíře
6787,15000,30,2+kk,Praha 4 - Modřany,Praha 4 - Modřany
6788,20000,50,2+1,Praha 1 - Malá Strana,Praha 1 - Malá Strana
6789,14000,36,2+kk,Praha 5 - Stodůlky,Praha 5 - Stodůlky
6790,8000,10,1+kk,Praha 5 - Jinonice,Praha 5 - Jinonice
6791,10000,22,1+kk,Praha 5 - Hlubočepy,Praha 5 - Hlubočepy
6794,50000,170,5+kk,Praha 5 - Malá Strana,Praha 5 - Malá Strana
6795,58000,178,5+1,Praha 6 - Střešovice,Praha 6 - Střešovice
6796,41000,107,4+1,Praha 5 - Smíchov,Praha 5 - Smíchov
6797,38000,102,4+kk,Praha 2 - Vinohrady,Praha 2 - Vinohrady
6799,33000,59,3+kk,Praha 5 - Smíchov,Praha 5 - Smíchov
6800,24000,48,3+kk,Praha 2 - Nové Město,Praha 2 - Nové Město
6801,17000,42,3+kk,Praha 3 - Žižkov,Praha 3 - Žižkov
6802,13000,28,2+kk,Praha 4 - Kamýk,Praha 4 - Kamýk
6803,13000,28,2+kk,Praha 4 - Kamýk,Praha 4 - Kamýk
6804,23000,79,4+1,Praha 8 - Libeň,Praha 8 - Libeň
6805,12000,17,1+kk,Praha 9 - Vysočany,Praha 9 - Vysočany
6806,15000,36,2+1,Praha 2 - Vinohrady,Praha 2 - Vinohrady
6807,31000,71,3+1,Praha 1 - Nové Město,Praha 1 - Nové Město
6808,12000,35,1+1,Praha 2 - Nové Město,Praha 2 - Nové Město
6809,25000,64,3+kk,Praha 2 - Vinohrady,Praha 2 - Vinohrady
6810,22000,60,4+kk,Praha 2 - Nové Město,Praha 2 - Nové Město
6811,11000,20,1+kk,Praha 8 - Troja,Praha 8 - Troja
6812,6000,14,1+kk,Praha 8 - Kobylisy,Praha 8 - Kobylisy
6813,19000,48,2+1,Praha 2 - Nové Město,Praha 2 - Nové Město
6814,14000,38,2+1,Praha 3 - Žižkov,Praha 3 - Žižkov
6815,18000,34,2+kk,Praha 6 - Veleslavín,Praha 6 - Veleslavín
6816,8000,12,1+kk,Praha 6 - Břevnov,Praha 6 - Břevnov
6817,13000,29,2+kk,Praha 3 - Žižkov,Praha 3 - Žižkov
6818,11000,35,2+kk,Praha 9 - Libeň,Praha 9 - Libeň
6819,16000,34,2+kk,Praha 8 - Troja,Praha 8 - Troja
6820,20000,47,4+kk,Praha 10 - Uhříněves,Praha 10 - Uhříněves
6823,26000,73,3+kk,Praha 8 - Karlín,Praha 8 - Karlín
6824,38000,101,4+kk,Praha 2 - Vinohrady,Praha 2 - Vinohrady
6825,12000,27,2+kk,Praha 10 - Horní Měcholupy,Praha 10 - Horní Měcholupy
6826,11000,17,1+kk,Praha 10 - Hostivař,Praha 10 - Hostivař
6828,15000,32,2+kk,Praha 10 - Strašnice,Praha 10 - Strašnice
6829,16000,26,2+kk,Praha 7 - Bubeneč,Praha 7 - Bubeneč
6830,41000,67,4+kk,Praha 2 - Nusle,Praha 2 - Nusle
6831,11000,19,1+kk,Praha 2 - Nusle,Praha 2 - Nusle
6832,13000,31,2+kk,Praha 3 - Žižkov,Praha 3 - Žižkov
6833,13000,24,1+kk,Praha 7 - Holešovice,Praha 7 - Holešovice
6834,13000,30,2+kk,Praha 9 - Vysočany,Praha 9 - Vysočany
6835,9000,24,1+kk,Praha 9 - Prosek,Praha 9 - Prosek
6836,16000,33,2+kk,Praha 9 - Střížkov,Praha 9 - Střížkov
6837,13000,35,2+kk,Praha 6 - Řepy,Praha 6 - Řepy
6838,11000,28,2+kk,Praha 4 - Nusle,Praha 4 - Nusle
6839,15000,36,3+kk,Praha 4 - Kamýk,Praha 4 - Kamýk
6840,9000,19,2+kk,Praha 4 - Krč,Praha 4 - Krč
6841,17000,34,2+kk,Praha 8 - Libeň,Praha 8 - Libeň
6842,12000,29,3+kk,Praha 3 - Žižkov,Praha 3 - Žižkov
6843,14000,36,2+kk,Praha 5 - Smíchov,Praha 5 - Smíchov
6844,9000,19,1+kk,Praha 10 - Hostivař,Praha 10 - Hostivař
6845,11000,36,3+1,Praha 9 - Prosek,Praha 9 - Prosek
6846,14000,44,2+1,Praha 2 - Vinohrady,Praha 2 - Vinohrady
6847,13000,28,2+kk,Praha 5 - Hlubočepy,Praha 5 - Hlubočepy
6848,14000,35,2+kk,Praha 3 - Žižkov,Praha 3 - Žižkov
6849,23000,72,4+kk,Praha 4 - Nusle,Praha 4 - Nusle
6850,11000,19,1+kk,Praha 9 - Vysočany,Praha 9 - Vysočany
6851,16000,44,3+kk,Praha 9 - Prosek,Praha 9 - Prosek
6852,14000,36,2+kk,Praha 5 - Smíchov,Praha 5 - Smíchov
6853,11000,27,2+kk,Praha 6 - Veleslavín,Praha 6 - Veleslavín
6855,7000,19,1+kk,Praha 4 - Kunratice,Praha 4 - Kunratice
6856,18000,44,3+kk,Praha 2 - Nusle,Praha 2 - Nusle
6857,24000,59,3+kk,Praha 3 - Vinohrady,Praha 3 - Vinohrady
6858,12000,20,1+1,Praha 7 - Holešovice,Praha 7 - Holešovice
6859,17000,34,2+1,Praha 5 - Smíchov,Praha 5 - Smíchov
6860,13000,31,2+1,Praha 10 - Vršovice,Praha 10 - Vršovice
6861,11000,26,2+kk,Praha 5 - Stodůlky,Praha 5 - Stodůlky
6862,9000,17,1+kk,Praha 10 - Záběhlice,Praha 10 - Záběhlice
6864,15000,36,2+kk,Praha 1 - Malá Strana,Praha 1 - Malá Strana
6865,26000,53,3+kk,Praha 1 - Nové Město,Praha 1 - Nové Město
6866,11000,18,1+kk,Praha 5 - Řeporyje,Praha 5 - Řeporyje
6867,10000,28,1+1,Praha 3 - Žižkov,Praha 3 - Žižkov
6868,12000,29,2+kk,Praha 6 - Břevnov,Praha 6 - Břevnov
6869,11000,21,1+1,Praha 3 - Žižkov,Praha 3 - Žižkov
6870,15000,45,2+kk,Praha 10 - Vinohrady,Praha 10 - Vinohrady
6871,20000,49,3+kk,Praha 4 - Nusle,Praha 4 - Nusle
6872,17000,42,2+1,Praha 1 - Nové Město,Praha 1 - Nové Město
6873,11000,18,1+kk,Praha 3 - Žižkov,Praha 3 - Žižkov
6874,13000,29,1+kk,Praha 5 - Radlice,Praha 5 - Radlice
6875,14000,32,2+kk,Praha 9 - Vysočany,Praha 9 - Vysočany
6876,17000,39,2+kk,Praha 4 - Nusle,Praha 4 - Nusle
6877,7000,19,1+1,Praha 6 - Břevnov,Praha 6 - Břevnov
6878,11000,29,1+kk,Praha 4 - Podolí,Praha 4 - Podolí
6879,13000,27,1+kk,Praha 9 - Hloubětín,Praha 9 - Hloubětín
6880,15000,34,3+kk,Praha 3 - Žižkov,Praha 3 - Žižkov
6881,12000,19,1+1,Praha 4 - Nusle,Praha 4 - Nusle
6882,7000,11,other,Praha 5 - Smíchov,Praha 5 - Smíchov
6883,11000,22,1+kk,Praha 3 - Žižkov,Praha 3 - Žižkov
6884,10000,22,1+kk,Praha 9 - Vysočany,Praha 9 - Vysočany
6885,19000,34,2+kk,Praha 5 - Smíchov,Praha 5 - Smíchov
6887,9000,19,1+kk,Praha 5 - Hlubočepy,Praha 5 - Hlubočepy
6888,24000,45,2+1,Praha 1 - Nové Město,Praha 1 - Nové Město
6889,12000,25,2+kk,Praha 4 - Kamýk,Praha 4 - Kamýk
6890,24000,45,3+kk,Praha 1 - Nové Město,Praha 1 - Nové Město
6891,18000,26,2+1,Praha 7 - Holešovice,Praha 7 - Holešovice
6892,34000,65,2+kk,Praha 1 - Staré Město,Praha 1 - Staré Město
6893,16000,48,2+kk,Praha 5 - Smíchov,Praha 5 - Smíchov
6894,22000,47,3+kk,Praha 9 - Hloubětín,Praha 9 - Hloubětín
6895,13000,22,2+kk,Praha 9 - Kyje,Praha 9 - Kyje
6896,16000,22,1+kk,Praha 7 - Bubeneč,Praha 7 - Bubeneč
6897,10000,17,1+kk,Praha 4 - Chodov,Praha 4 - Chodov
6898,17000,57,3+kk,Praha 5 - Zbraslav,Praha 5 - Zbraslav
6899,10000,21,1+1,Praha 3 - Vinohrady,Praha 3 - Vinohrady
6900,23000,68,4+kk,Praha 4 - Kunratice,Praha 4 - Kunratice
6901,14000,61,2+kk,Praha 4 - Nusle,Praha 4 - Nusle
6902,12000,31,2+kk,Praha 9 - Střížkov,Praha 9 - Střížkov
6903,14000,34,2+kk,Praha 5 - Třebonice,Praha 5 - Třebonice
6904,24000,47,2+1,Praha 1 - Nové Město,Praha 1 - Nové Město
6905,11000,35,2+1,Praha 4 - Kamýk,Praha 4 - Kamýk
6906,11000,18,1+kk,Praha 5 - Řeporyje,Praha 5 - Řeporyje
6907,13000,26,1+1,Praha 4 - Nusle,Praha 4 - Nusle
6908,14000,35,2+kk,Praha 5 - Smíchov,Praha 5 - Smíchov
6909,19000,66,3+kk,Praha 2 - Vinohrady,Praha 2 - Vinohrady
6910,16000,25,2+kk,Praha 2 - Vinohrady,Praha 2 - Vinohrady
6911,26000,59,3+kk,Praha 3 - Žižkov,Praha 3 - Žižkov
6912,11000,24,2+kk,Praha 4 - Modřany,Praha 4 - Modřany
6914,11000,19,1+kk,Praha 7 - Holešovice,Praha 7 - Holešovice
6915,24000,47,3+kk,Praha 1 - Nové Město,Praha 1 - Nové Město
6916,22000,48,3+kk,Praha 9 - Vysočany,Praha 9 - Vysočany
6917,18000,34,2+kk,Praha 3 - Žižkov,Praha 3 - Žižkov
6918,6000,5,1+kk,Praha 3 - Žižkov,Praha 3 - Žižkov
6919,8000,14,1+kk,Praha 8 - Kobylisy,Praha 8 - Kobylisy
6920,11000,19,1+kk,Praha 10 - Malešice,Praha 10 - Malešice
6922,11000,32,2+kk,Praha 10 - Uhříněves,Praha 10 - Uhříněves
6923,10000,28,2+kk,Praha 3 - Žižkov,Praha 3 - Žižkov
6924,23000,62,4+1,Praha 8 - Libeň,Praha 8 - Libeň
6925,10000,19,1+kk,Praha 4 - Háje,Praha 4 - Háje
6926,11000,32,2+1,Praha 6 - Břevnov,Praha 6 - Břevnov
6927,11000,31,2+kk,Praha 9 - Vysočany,Praha 9 - Vysočany
6928,24000,46,2+1,Praha 1 - Nové Město,Praha 1 - Nové Město
6929,16000,42,3+kk,Praha 10 - Záběhlice,Praha 10 - Záběhlice
6930,20000,32,2+kk,Praha 8 - Karlín,Praha 8 - Karlín
6931,13000,33,2+1,Praha 6 - Břevnov,Praha 6 - Břevnov
6932,14000,31,3+kk,Praha 4 - Háje,Praha 4 - Háje
6933,14000,45,3+1,Praha 4 - Braník,Praha 4 - Braník
6934,19000,37,2+kk,Praha 2 - Vinohrady,Praha 2 - Vinohrady
6935,13000,28,2+kk,Praha 9 - Hloubětín,Praha 9 - Hloubětín
6936,8000,15,1+kk,Praha 2 - Vinohrady,Praha 2 - Vinohrady
6937,9000,26,2+kk,Praha 4 - Chodov,Praha 4 - Chodov
6938,12000,17,1+kk,Praha 3 - Žižkov,Praha 3 - Žižkov
6939,11000,15,1+kk,Praha 3 - Žižkov,Praha 3 - Žižkov
6940,10000,17,1+kk,Praha 4 - Chodov,Praha 4 - Chodov
6941,13000,28,2+kk,Praha 3 - Žižkov,Praha 3 - Žižkov
6942,13000,31,2+kk,Praha 7 - Bubeneč,Praha 7 - Bubeneč
6943,12000,31,1+1,Praha 10,Praha 10
6944,21000,54,4+kk,Praha 10,Praha 10
6945,18000,36,2+kk,Praha 1 - Staré Město,Praha 1 - Staré Město
6946,12000,33,2+kk,Praha 4 - Chodov,Praha 4 - Chodov
6947,29000,60,3+kk,Praha 1 - Nové Město,Praha 1 - Nové Město
6948,10000,30,2+kk,Praha 3 - Žižkov,Praha 3 - Žižkov
6949,16000,31,2+kk,Praha 2 - Vinohrady,Praha 2 - Vinohrady
6950,25000,50,3+kk,Praha 3 - Žižkov,Praha 3 - Žižkov
6951,14000,28,2+kk,Praha 5 - Smíchov,Praha 5 - Smíchov
6952,18000,26,2+1,Praha 7 - Holešovice,Praha 7 - Holešovice
6953,13000,28,2+kk,Praha 3 - Žižkov,Praha 3 - Žižkov
6954,13000,31,2+kk,Praha 7 - Bubeneč,Praha 7 - Bubeneč
6955,12000,31,1+1,Praha 10,Praha 10
6956,21000,54,4+kk,Praha 10,Praha 10
6957,18000,36,2+kk,Praha 1 - Staré Město,Praha 1 - Staré Město
6958,12000,33,2+kk,Praha 4 - Chodov,Praha 4 - Chodov
6959,29000,60,3+kk,Praha 1 - Nové Město,Praha 1 - Nové Město
6960,10000,30,2+kk,Praha 3 - Žižkov,Praha 3 - Žižkov
6961,16000,31,2+kk,Praha 2 - Vinohrady,Praha 2 - Vinohrady
6962,25000,50,3+kk,Praha 3 - Žižkov,Praha 3 - Žižkov
6963,14000,28,2+kk,Praha 5 - Smíchov,Praha 5 - Smíchov
6964,35000,100,5+1,Praha 5 - Smíchov,Praha 5 - Smíchov
6965,14000,74,2+kk,Praha 1 - Staré Město,Praha 1 - Staré Město
6966,11000,28,2+kk,Praha 10 - Vršovice,Praha 10 - Vršovice
6967,21000,71,3+1,Praha 2 - Vinohrady,Praha 2 - Vinohrady
6968,11000,27,2+kk,Praha 6 - Veleslavín,Praha 6 - Veleslavín
6969,13000,32,2+kk,Praha 10 - Vršovice,Praha 10 - Vršovice
6970,14000,34,2+kk,Praha 2 - Vinohrady,Praha 2 - Vinohrady
6971,29000,71,atypické,Praha 7 - Bubeneč,Praha 7 - Bubeneč
6972,13000,31,2+kk,Praha 7 - Bubeneč,Praha 7 - Bubeneč
6973,14000,26,1+1,Praha 2 - Vinohrady,Praha 2 - Vinohrady
6974,22000,56,3+1,Praha 1 - Malá Strana,Praha 1 - Malá Strana
6975,23000,91,3+kk,Praha 3 - Žižkov,Praha 3 - Žižkov
6976,12000,25,1+kk,Praha 9 - Vysočany,Praha 9 - Vysočany
6977,9000,20,1+kk,Praha 9 - Hloubětín,Praha 9 - Hloubětín
6978,21000,53,3+kk,Praha 4 - Braník,Praha 4 - Braník
6979,11000,29,2+kk,Praha 4 - Nusle,Praha 4 - Nusle
6980,11000,48,3+1,Praha 5 - Řeporyje,Praha 5 - Řeporyje
6981,12000,34,3+kk,Praha 9 - Libeň,Praha 9 - Libeň
6982,14000,29,2+kk,Praha 5 - Hlubočepy,Praha 5 - Hlubočepy
6983,15000,25,2+1,Praha 5,Praha 5
6984,44000,118,5+kk,Praha 2 - Vinohrady,Praha 2 - Vinohrady
6985,10000,36,atypické,Praha 8 - Karlín,Praha 8 - Karlín
6986,10000,25,2+kk,Praha 4 - Krč,Praha 4 - Krč
6987,17000,36,atypické,Praha 1 - Staré Město,Praha 1 - Staré Město
6988,11000,41,2+1,Praha 8 - Libeň,Praha 8 - Libeň
6989,8000,16,1+kk,Praha 10 - Vršovice,Praha 10 - Vršovice
6990,11000,57,2+kk,Praha 5 - Hlubočepy,Praha 5 - Hlubočepy
6991,14000,28,2+kk,Praha 1 - Nové Město,Praha 1 - Nové Město
6992,17000,42,2+kk,Praha 1 - Nové Město,Praha 1 - Nové Město
6993,14000,29,2+kk,Praha 5 - Smíchov,Praha 5 - Smíchov
6994,9000,19,1+kk,Praha 10 - Vršovice,Praha 10 - Vršovice
6995,11000,17,1+kk,Praha 3 - Vinohrady,Praha 3 - Vinohrady
6996,8000,20,1+kk,Praha 4 - Krč,Praha 4 - Krč
6998,13000,39,3+kk,Praha 9 - Libeň,Praha 9 - Libeň
6999,14000,38,1+1,Praha 3 - Žižkov,Praha 3 - Žižkov
7000,11000,13,1+kk,Praha 1 - Josefov,Praha 1 - Josefov
7001,14000,31,2+1,Praha 1 - Nové Město,Praha 1 - Nové Město
7002,12000,30,2+kk,Praha 4 - Nusle,Praha 4 - Nusle
7003,16000,20,2+kk,Praha 10 - Vršovice,Praha 10 - Vršovice
7004,16000,21,2+kk,Praha 10 - Vršovice,Praha 10 - Vršovice
7005,11000,29,1+kk,Praha 10 - Vršovice,Praha 10 - Vršovice
7006,12000,31,1+kk,Praha 2 - Vinohrady,Praha 2 - Vinohrady
7007,11000,17,1+kk,Praha 5 - Radlice,Praha 5 - Radlice
7008,13000,22,1+kk,Praha 5 - Radotín,Praha 5 - Radotín
7010,22000,61,4+1,Praha 1 - Nové Město,Praha 1 - Nové Město
7011,20000,33,2+kk,Praha 2 - Vinohrady,Praha 2 - Vinohrady
7012,16000,28,2+kk,Praha 4 - Podolí,Praha 4 - Podolí
7013,41000,67,4+kk,Praha 2 - Nusle,Praha 2 - Nusle
7015,20000,59,3+kk,Praha 4 - Michle,Praha 4 - Michle
7016,17000,41,3+kk,Praha 9 - Libeň,Praha 9 - Libeň
7017,14000,28,2+kk,Praha 4 - Kamýk,Praha 4 - Kamýk
7018,12000,28,2+kk,Praha 10 - Vinohrady,Praha 10 - Vinohrady
7020,13000,34,2+1,Praha 2 - Vinohrady,Praha 2 - Vinohrady
7021,18000,55,3+kk,Praha 8 - Libeň,Praha 8 - Libeň
7022,22000,52,2+1,Praha 1 - Nové Město,Praha 1 - Nové Město
7023,11000,23,2+kk,Praha 5,Praha 5
7024,9000,19,1+kk,Praha 10 - Horní Měcholupy,Praha 10 - Horní Měcholupy
7026,25000,60,3+kk,Praha 2 - Nové Město,Praha 2 - Nové Město
7027,15000,35,2+1,Praha 6 - Bubeneč,Praha 6 - Bubeneč
7028,13000,29,2+1,Praha 7 - Holešovice,Praha 7 - Holešovice
7033,29000,35,2+kk,Praha 3 - Vinohrady,Praha 3 - Vinohrady
7034,47000,80,4+1,Praha 1 - Josefov,Praha 1 - Josefov
7035,44000,131,4+1,Praha 1 - Malá Strana,Praha 1 - Malá Strana
7036,38000,77,4+kk,Praha 1 - Nové Město,Praha 1 - Nové Město
7037,16000,31,2+kk,Praha 2 - Vinohrady,Praha 2 - Vinohrady
7039,16000,27,2+kk,Praha 7 - Holešovice,Praha 7 - Holešovice
7040,13000,24,2+kk,Praha 2 - Nové Město,Praha 2 - Nové Město
7041,15000,38,2+kk,Praha 7 - Holešovice,Praha 7 - Holešovice
7042,11000,17,1+kk,Praha 3 - Vinohrady,Praha 3 - Vinohrady
7043,15000,38,2+kk,Praha 7 - Holešovice,Praha 7 - Holešovice
7044,33000,85,4+1,Praha 5 - Smíchov,Praha 5 - Smíchov
7045,26000,55,3+kk,Praha 3 - Vinohrady,Praha 3 - Vinohrady
7046,59000,63,4+kk,Praha 3 - Vinohrady,Praha 3 - Vinohrady
7047,38000,54,3+kk,Praha 3 - Vinohrady,Praha 3 - Vinohrady
7048,13000,36,2+kk,Praha 10 - Vršovice,Praha 10 - Vršovice
7049,23000,76,3+1,Praha 3 - Vinohrady,Praha 3 - Vinohrady
7050,17000,36,2+kk,Praha 1 - Staré Město,Praha 1 - Staré Město
7051,17000,44,2+1,Praha 8 - Libeň,Praha 8 - Libeň
7052,19000,43,4+kk,Praha 4 - Chodov,Praha 4 - Chodov
7053,19000,75,4+kk,Praha 8 - Kobylisy,Praha 8 - Kobylisy
7054,15000,41,3+kk,Praha 8 - Troja,Praha 8 - Troja
7056,12000,32,2+1,Praha 6 - Veleslavín,Praha 6 - Veleslavín
7057,22000,54,3+1,Praha 1 - Staré Město,Praha 1 - Staré Město
7058,13000,25,2+kk,Praha 4 - Nusle,Praha 4 - Nusle
7059,10000,17,2+kk,Praha 2 - Nové Město,Praha 2 - Nové Město
7060,20000,50,2+1,Praha 1 - Nové Město,Praha 1 - Nové Město
7061,16000,35,2+kk,Praha 7 - Holešovice,Praha 7 - Holešovice
7063,11000,37,2+kk,Praha 5 - Řeporyje,Praha 5 - Řeporyje
7064,10000,35,1+kk,Praha 10 - Horní Měcholupy,Praha 10 - Horní Měcholupy
7065,25000,53,2+kk,Praha 6 - Střešovice,Praha 6 - Střešovice
7066,19000,39,2+kk,Praha 5 - Smíchov,Praha 5 - Smíchov
7067,23000,43,3+1,Praha 1 - Malá Strana,Praha 1 - Malá Strana
7068,9000,59,other,Praha 10,Praha 10
7069,12000,44,3+kk,Praha 1 - Nové Město,Praha 1 - Nové Město
7070,11000,22,1+kk,Praha 2 - Nové Město,Praha 2 - Nové Město
7072,16000,41,2+1,Praha 2 - Vinohrady,Praha 2 - Vinohrady
7074,41000,67,4+kk,Praha 2 - Nusle,Praha 2 - Nusle
7075,20000,46,3+kk,Praha 9 - Vysočany,Praha 9 - Vysočany
7076,13000,29,2+1,Praha 10 - Vršovice,Praha 10 - Vršovice
7078,10000,19,1+kk,Praha 10 - Malešice,Praha 10 - Malešice
7079,13000,32,2+kk,Praha 3 - Vinohrady,Praha 3 - Vinohrady
7080,19000,45,3+kk,Praha 5 - Jinonice,Praha 5 - Jinonice
7081,13000,38,2+1,Praha 3 - Žižkov,Praha 3 - Žižkov
7082,14000,28,2+kk,Praha 10 - Michle,Praha 10 - Michle
7083,13000,8,1+kk,Praha 4 - Krč,Praha 4 - Krč
7084,14000,35,2+1,Praha 4 - Hodkovičky,Praha 4 - Hodkovičky
7085,20000,53,3+kk,Praha 5 - Jinonice,Praha 5 - Jinonice
7086,11000,35,2+1,Praha 8 - Kobylisy,Praha 8 - Kobylisy
7087,9000,16,1+kk,Praha 4 - Podolí,Praha 4 - Podolí
7089,15000,33,2+kk,Praha 7 - Holešovice,Praha 7 - Holešovice
7090,5000,8,other,Praha 4 - Kunratice,Praha 4 - Kunratice
7091,13000,36,3+kk,Praha 10 - Hostivař,Praha 10 - Hostivař
7092,10000,33,2+kk,Praha 5 - Košíře,Praha 5 - Košíře
7094,13000,32,2+1,Praha 4 - Michle,Praha 4 - Michle
7097,50000,158,5+1,Praha 5 - Malá Strana,Praha 5 - Malá Strana
7098,11000,22,1+1,Praha 4 - Krč,Praha 4 - Krč
7099,12000,23,1+1,Praha 3 - Žižkov,Praha 3 - Žižkov
7100,19000,66,4+kk,Praha 5 - Zličín,Praha 5 - Zličín
7101,7000,13,1+kk,Praha 9 - Hloubětín,Praha 9 - Hloubětín
7102,7000,20,1+kk,Praha 9 - Čakovice,Praha 9 - Čakovice
7103,14000,33,2+kk,Praha 7 - Holešovice,Praha 7 - Holešovice
7104,23000,65,2+1,Praha 6 - Bubeneč,Praha 6 - Bubeneč
7105,14000,22,1+kk,Praha 5 - Radlice,Praha 5 - Radlice
7106,19000,72,2+kk,Praha 1 - Staré Město,Praha 1 - Staré Město
7107,16000,55,3+kk,Praha 10 - Horní Měcholupy,Praha 10 - Horní Měcholupy
7108,11000,16,1+1,Praha 8 - Karlín,Praha 8 - Karlín
7109,10000,16,1+kk,Praha 9 - Prosek,Praha 9 - Prosek
7110,11000,32,2+kk,Praha 3 - Žižkov,Praha 3 - Žižkov
7111,29000,74,4+kk,Praha 5 - Smíchov,Praha 5 - Smíchov
7112,11000,20,1+kk,Praha 4 - Kamýk,Praha 4 - Kamýk
7113,9000,16,1+kk,Praha 5 - Hlubočepy,Praha 5 - Hlubočepy
7114,35000,47,3+kk,Praha 8 - Libeň,Praha 8 - Libeň
7115,20000,48,3+kk,Praha 2 - Vinohrady,Praha 2 - Vinohrady
7116,7000,10,1+kk,Praha 9,Praha 9
7117,23000,70,3+kk,Praha 6 - Břevnov,Praha 6 - Břevnov
7118,12000,25,1+kk,Praha 5 - Smíchov,Praha 5 - Smíchov
7119,11000,31,2+1,Praha 9 - Libeň,Praha 9 - Libeň
7120,11000,23,1+kk,Praha 7 - Holešovice,Praha 7 - Holešovice
7121,7000,17,1+kk,Praha 4 - Háje,Praha 4 - Háje
7122,16000,38,2+kk,Praha 9 - Vysočany,Praha 9 - Vysočany
7123,15000,39,3+kk,Praha 10 - Horní Měcholupy,Praha 10 - Horní Měcholupy
7124,19000,32,2+1,Praha 3 - Vinohrady,Praha 3 - Vinohrady
7125,20000,61,2+kk,Praha 4 - Nusle,Praha 4 - Nusle
7126,11000,22,1+kk,Praha 6,Praha 6
7127,19000,49,3+kk,Praha 9 - Černý Most,Praha 9 - Černý Most
7128,17000,35,3+1,Praha 6 - Dejvice,Praha 6 - Dejvice
7129,26000,76,4+1,Praha 4 - Chodov,Praha 4 - Chodov
7130,5000,151,atypické,Praha 2 - Nové Město,Praha 2 - Nové Město
7131,13000,33,2+kk,Praha 9 - Letňany,Praha 9 - Letňany
7132,17000,42,2+kk,Praha 1 - Nové Město,Praha 1 - Nové Město
7133,59000,152,other,Praha 2 - Vinohrady,Praha 2 - Vinohrady
7135,41000,67,4+kk,Praha 2 - Nusle,Praha 2 - Nusle
7136,17000,35,3+1,Praha 6 - Dejvice,Praha 6 - Dejvice
7137,26000,76,4+1,Praha 4 - Chodov,Praha 4 - Chodov
7138,5000,151,atypické,Praha 2 - Nové Město,Praha 2 - Nové Město
7139,13000,33,2+kk,Praha 9 - Letňany,Praha 9 - Letňany
7140,17000,42,2+kk,Praha 1 - Nové Město,Praha 1 - Nové Město
7141,59000,152,other,Praha 2 - Vinohrady,Praha 2 - Vinohrady
7143,13000,22,1+kk,Praha 6 - Bubeneč,Praha 6 - Bubeneč
7145,32000,72,4+kk,Praha 5 - Jinonice,Praha 5 - Jinonice
7146,15000,23,1+kk,Praha 3 - Vinohrady,Praha 3 - Vinohrady
7147,31000,72,4+kk,Praha 1 - Nové Město,Praha 1 - Nové Město
7148,53000,70,4+kk,Praha 2 - Vinohrady,Praha 2 - Vinohrady
7149,59000,63,4+kk,Praha 3 - Vinohrady,Praha 3 - Vinohrady
7150,31000,69,4+kk,Praha 3 - Žižkov,Praha 3 - Žižkov
7151,16000,35,2+kk,Praha 5 - Hlubočepy,Praha 5 - Hlubočepy
7153,29000,55,3+kk,Praha 10 - Strašnice,Praha 10 - Strašnice
7154,26000,55,3+kk,Praha 3 - Vinohrady,Praha 3 - Vinohrady
7155,38000,54,3+kk,Praha 3 - Vinohrady,Praha 3 - Vinohrady
7156,35000,65,4+kk,Praha 6 - Řepy,Praha 6 - Řepy
7157,20000,43,2+kk,Praha 6 - Dejvice,Praha 6 - Dejvice
7158,24000,48,3+1,Praha 2 - Nové Město,Praha 2 - Nové Město
7159,31000,60,4+kk,Praha 4 - Nusle,Praha 4 - Nusle
7160,23000,44,3+kk,Praha 1 - Malá Strana,Praha 1 - Malá Strana
7162,17000,53,3+1,Praha 5 - Stodůlky,Praha 5 - Stodůlky
7163,26000,65,3+kk,Praha 6 - Břevnov,Praha 6 - Břevnov
7164,17000,35,2+kk,Praha 4 - Modřany,Praha 4 - Modřany
7165,10000,19,1+kk,Praha 10 - Hostivař,Praha 10 - Hostivař
7166,11000,18,1+kk,Praha 5 - Řeporyje,Praha 5 - Řeporyje
7167,20000,45,3+kk,Praha 7 - Bubeneč,Praha 7 - Bubeneč
7168,13000,32,2+kk,Praha 9 - Hloubětín,Praha 9 - Hloubětín
7169,9000,19,1+kk,Praha 4 - Chodov,Praha 4 - Chodov
7170,14000,36,2+kk,Praha 10 - Záběhlice,Praha 10 - Záběhlice
7171,11000,22,1+kk,Praha 3 - Strašnice,Praha 3 - Strašnice
7172,10000,18,1+kk,Praha 9 - Kbely,Praha 9 - Kbely
7173,9000,26,2+kk,Praha 4 - Chodov,Praha 4 - Chodov
7174,23000,59,4+1,Praha 5 - Smíchov,Praha 5 - Smíchov
7175,11000,20,1+kk,Praha 9 - Vysočany,Praha 9 - Vysočany
7176,13000,30,1+kk,Praha 3 - Strašnice,Praha 3 - Strašnice
7177,12000,14,1+kk,Praha 10 - Vinohrady,Praha 10 - Vinohrady
7178,14000,29,2+kk,Praha 7 - Holešovice,Praha 7 - Holešovice
7179,23000,36,2+kk,Praha 6 - Bubeneč,Praha 6 - Bubeneč
7180,19000,45,3+kk,Praha 10 - Vršovice,Praha 10 - Vršovice
7181,14000,34,2+kk,Praha 5 - Smíchov,Praha 5 - Smíchov
7183,10000,14,1+1,Praha 3 - Vinohrady,Praha 3 - Vinohrady
7184,23000,53,3+kk,Praha 7 - Holešovice,Praha 7 - Holešovice
7185,16000,41,3+kk,Praha 9 - Čakovice,Praha 9 - Čakovice
7186,12000,19,1+kk,Praha 9 - Libeň,Praha 9 - Libeň
7187,13000,27,2+kk,Praha 9 - Vysočany,Praha 9 - Vysočany
7188,13000,37,3+1,Praha 4 - Chodov,Praha 4 - Chodov
7189,22000,45,3+kk,Praha 3 - Žižkov,Praha 3 - Žižkov
7190,13000,19,1+kk,Praha 8 - Karlín,Praha 8 - Karlín
7191,12000,20,1+kk,Praha 9 - Vysočany,Praha 9 - Vysočany
7192,9000,15,1+kk,Praha 6 - Dejvice,Praha 6 - Dejvice
7193,11000,23,2+kk,Praha 6 - Dejvice,Praha 6 - Dejvice
7194,14000,32,2+1,Praha 6 - Vokovice,Praha 6 - Vokovice
7195,11000,32,2+1,Praha 10 - Strašnice,Praha 10 - Strašnice
7196,15000,22,1+kk,Praha 7 - Holešovice,Praha 7 - Holešovice
7197,11000,25,2+kk,Praha 4 - Háje,Praha 4 - Háje
7198,13000,18,1+kk,Praha 1 - Josefov,Praha 1 - Josefov
7199,10000,27,1+1,Praha 8 - Bohnice,Praha 8 - Bohnice
7200,13000,11,1+1,Praha 4 - Nusle,Praha 4 - Nusle
7201,16000,30,2+kk,Praha 8 - Karlín,Praha 8 - Karlín
7202,12000,33,2+1,Praha 8 - Kobylisy,Praha 8 - Kobylisy
7203,13000,31,3+kk,Praha 9 - Letňany,Praha 9 - Letňany
7204,10000,39,2+1,Praha 10 - Strašnice,Praha 10 - Strašnice
7205,18000,34,1+kk,Praha 2 - Vinohrady,Praha 2 - Vinohrady
7206,10000,20,1+kk,Praha 5 - Zličín,Praha 5 - Zličín
7207,16000,44,3+1,Praha 10 - Záběhlice,Praha 10 - Záběhlice
7209,13000,21,1+kk,Praha 3 - Žižkov,Praha 3 - Žižkov
7210,13000,19,1+kk,Praha 5 - Smíchov,Praha 5 - Smíchov
7211,11000,19,1+kk,Praha 5 - Motol,Praha 5 - Motol
7212,12000,26,1+1,Praha 5 - Smíchov,Praha 5 - Smíchov
7213,14000,41,1+1,Praha 8 - Libeň,Praha 8 - Libeň
7214,17000,45,3+kk,Praha 2 - Vinohrady,Praha 2 - Vinohrady
7215,8000,14,1+kk,Praha 4 - Nusle,Praha 4 - Nusle
7216,9000,17,1+kk,Praha 6 - Břevnov,Praha 6 - Břevnov
7217,28000,42,2+kk,Praha 4 - Nusle,Praha 4 - Nusle
7218,14000,35,2+1,Praha 4 - Hodkovičky,Praha 4 - Hodkovičky
7219,10000,20,1+kk,Praha 5 - Zličín,Praha 5 - Zličín
7220,25000,53,3+1,Praha 1 - Staré Město,Praha 1 - Staré Město
7221,22000,29,2+kk,Praha 8 - Karlín,Praha 8 - Karlín
7222,44000,57,3+kk,Praha 7 - Holešovice,Praha 7 - Holešovice
7223,14000,44,2+kk,Praha 6 - Břevnov,Praha 6 - Břevnov
7224,10000,14,1+kk,Praha 3 - Žižkov,Praha 3 - Žižkov
7225,20000,47,3+kk,Praha 5 - Smíchov,Praha 5 - Smíchov
7226,19000,47,3+kk,Praha 10 - Dolní Měcholupy,Praha 10 - Dolní Měcholupy
7227,15000,30,2+kk,Praha 7 - Holešovice,Praha 7 - Holešovice
7228,13000,22,2+kk,Praha 3 - Žižkov,Praha 3 - Žižkov
7229,11000,20,1+kk,Praha 9 - Vysočany,Praha 9 - Vysočany
7230,12000,34,2+kk,Praha 8 - Libeň,Praha 8 - Libeň
7231,13000,42,3+1,Praha 5 - Hlubočepy,Praha 5 - Hlubočepy
7232,8000,13,other,Praha 5 - Košíře,Praha 5 - Košíře
7233,12000,29,2+kk,Praha 10 - Strašnice,Praha 10 - Strašnice
7234,13000,23,2+kk,Praha 5 - Smíchov,Praha 5 - Smíchov
7235,14000,48,3+1,Praha 5 - Smíchov,Praha 5 - Smíchov
7236,15000,44,2+kk,Praha 2 - Vinohrady,Praha 2 - Vinohrady
7237,11000,38,2+kk,Praha 10 - Horní Měcholupy,Praha 10 - Horní Měcholupy
7238,21000,48,3+kk,Praha 5 - Košíře,Praha 5 - Košíře
7239,9000,17,1+kk,Praha 10 - Záběhlice,Praha 10 - Záběhlice
7240,11000,21,1+kk,Praha 3 - Žižkov,Praha 3 - Žižkov
7241,17000,37,3+kk,Praha 4 - Krč,Praha 4 - Krč
7242,15000,39,3+kk,Praha 10 - Horní Měcholupy,Praha 10 - Horní Měcholupy
7244,29000,77,3+1,Praha 7 - Bubeneč,Praha 7 - Bubeneč
7246,15000,29,2+kk,Praha 10 - Dolní Měcholupy,Praha 10 - Dolní Měcholupy
7247,38000,54,3+kk,Praha 3 - Vinohrady,Praha 3 - Vinohrady
7248,13000,20,1+kk,Praha 3 - Žižkov,Praha 3 - Žižkov
7249,26000,76,4+1,Praha 4 - Chodov,Praha 4 - Chodov
7250,8000,14,1+kk,Praha 4 - Nusle,Praha 4 - Nusle
7251,37000,47,2+kk,Praha 5 - Smíchov,Praha 5 - Smíchov
7252,17000,44,3+kk,Praha 9 - Horní Počernice,Praha 9 - Horní Počernice
7253,10000,36,2+kk,Praha 8 - Kobylisy,Praha 8 - Kobylisy
7255,10000,19,1+kk,Praha 5 - Smíchov,Praha 5 - Smíchov
7256,50000,158,4+1,Praha 5 - Malá Strana,Praha 5 - Malá Strana
7257,15000,22,1+kk,Praha 7 - Holešovice,Praha 7 - Holešovice
7258,8000,14,1+kk,Praha 5 - Radotín,Praha 5 - Radotín
7259,18000,35,2+kk,Praha 8 - Libeň,Praha 8 - Libeň
7260,11000,29,1+1,Praha 3 - Žižkov,Praha 3 - Žižkov
7261,17000,47,3+kk,Praha 6 - Dejvice,Praha 6 - Dejvice
7262,15000,41,2+kk,Praha 4 - Modřany,Praha 4 - Modřany
7263,25000,71,4+1,Praha 2 - Nové Město,Praha 2 - Nové Město
7264,14000,35,2+1,Praha 4 - Hodkovičky,Praha 4 - Hodkovičky
7265,20000,44,2+1,Praha 8 - Karlín,Praha 8 - Karlín
7266,11000,23,2+kk,Praha 10 - Vršovice,Praha 10 - Vršovice
7267,12000,22,1+kk,Praha 3 - Žižkov,Praha 3 - Žižkov
7268,26000,56,2+1,Praha 6 - Dejvice,Praha 6 - Dejvice
7269,15000,32,2+kk,Praha 4 - Chodov,Praha 4 - Chodov
7270,14000,37,2+kk,Praha 2 - Vinohrady,Praha 2 - Vinohrady
7271,9000,17,1+kk,Praha 9 - Hloubětín,Praha 9 - Hloubětín
7272,10000,25,1+kk,Praha 4 - Kamýk,Praha 4 - Kamýk
7273,12000,28,2+kk,Praha 9 - Vysočany,Praha 9 - Vysočany
7274,10000,24,2+kk,Praha 4 - Kamýk,Praha 4 - Kamýk
7275,13000,31,2+1,Praha 4 - Michle,Praha 4 - Michle
7276,16000,39,2+kk,Praha 10 - Strašnice,Praha 10 - Strašnice
7277,10000,26,2+kk,Praha 4 - Modřany,Praha 4 - Modřany
7278,14000,29,2+kk,Praha 2 - Nové Město,Praha 2 - Nové Město
7279,10000,16,1+kk,Praha 9 - Vysočany,Praha 9 - Vysočany
7280,17000,42,2+kk,Praha 3 - Žižkov,Praha 3 - Žižkov
7281,32000,92,4+1,Praha 2 - Nové Město,Praha 2 - Nové Město
7282,23000,42,3+kk,Praha 3 - Žižkov,Praha 3 - Žižkov
7283,7000,8,other,Praha 8 - Libeň,Praha 8 - Libeň
7284,15000,34,2+kk,Praha 5 - Smíchov,Praha 5 - Smíchov
7285,11000,25,2+kk,Praha 6 - Ruzyně,Praha 6 - Ruzyně
7286,10000,24,2+kk,Praha 4 - Kamýk,Praha 4 - Kamýk
7287,11000,24,1+kk,Praha 2 - Vinohrady,Praha 2 - Vinohrady
7288,10000,33,3+1,Praha 4 - Háje,Praha 4 - Háje
7289,26000,54,4+kk,Praha 3 - Žižkov,Praha 3 - Žižkov
7290,14000,35,2+kk,Praha 8 - Libeň,Praha 8 - Libeň
7291,14000,28,2+kk,Praha 8 - Karlín,Praha 8 - Karlín
7292,19000,36,3+kk,Praha 7 - Holešovice,Praha 7 - Holešovice
7293,8000,20,1+kk,Praha 5 - Stodůlky,Praha 5 - Stodůlky
7294,22000,51,3+kk,Praha 9 - Horní Počernice,Praha 9 - Horní Počernice
7295,50000,82,4+1,Praha 6 - Střešovice,Praha 6 - Střešovice
7296,13000,29,2+kk,Praha 9 - Kyje,Praha 9 - Kyje
7297,16000,42,3+kk,Praha 10 - Záběhlice,Praha 10 - Záběhlice
7298,23000,47,2+kk,Praha 6 - Bubeneč,Praha 6 - Bubeneč
7299,17000,25,2+kk,Praha 5 - Smíchov,Praha 5 - Smíchov
7300,17000,48,2+kk,Praha 1 - Staré Město,Praha 1 - Staré Město
7301,15000,38,3+1,Praha 9 - Letňany,Praha 9 - Letňany
7302,32000,74,4+kk,Praha 5 - Jinonice,Praha 5 - Jinonice
7303,11000,28,1+kk,Praha 10 - Michle,Praha 10 - Michle
7304,56000,93,4+1,Praha 6 - Střešovice,Praha 6 - Střešovice
7305,11000,29,2+kk,Praha 3 - Žižkov,Praha 3 - Žižkov
7306,18000,41,3+kk,Praha 5 - Stodůlky,Praha 5 - Stodůlky
7307,14000,36,2+kk,Praha 10 - Vršovice,Praha 10 - Vršovice
7308,11000,19,1+kk,Praha 4 - Háje,Praha 4 - Háje
7309,7000,23,1+1,Praha 8 - Libeň,Praha 8 - Libeň
7310,14000,40,2+1,Praha 5 - Smíchov,Praha 5 - Smíchov
7311,15000,36,2+kk,Praha 4 - Krč,Praha 4 - Krč
7312,19000,38,3+kk,Praha 4 - Háje,Praha 4 - Háje
7313,11000,29,2+kk,Praha 6 - Bubeneč,Praha 6 - Bubeneč
7314,38000,59,3+kk,Praha 7 - Holešovice,Praha 7 - Holešovice
7315,22000,92,4+1,Praha 1 - Staré Město,Praha 1 - Staré Město
7316,24000,75,4+1,Praha 6 - Bubeneč,Praha 6 - Bubeneč
7317,23000,59,2+kk,Praha 1 - Josefov,Praha 1 - Josefov
7318,18000,26,2+1,Praha 7 - Holešovice,Praha 7 - Holešovice
7319,15000,36,2+kk,Praha 4 - Krč,Praha 4 - Krč
7320,19000,38,3+kk,Praha 4 - Háje,Praha 4 - Háje
7321,11000,29,2+kk,Praha 6 - Bubeneč,Praha 6 - Bubeneč
7322,38000,59,3+kk,Praha 7 - Holešovice,Praha 7 - Holešovice
7323,22000,92,4+1,Praha 1 - Staré Město,Praha 1 - Staré Město
7324,24000,75,4+1,Praha 6 - Bubeneč,Praha 6 - Bubeneč
7325,23000,59,2+kk,Praha 1 - Josefov,Praha 1 - Josefov
7326,11000,14,1+kk,Praha 1 - Staré Město,Praha 1 - Staré Město
7327,9000,16,1+1,Praha 9 - Prosek,Praha 9 - Prosek
7328,11000,9,1+kk,Praha 10 - Vršovice,Praha 10 - Vršovice
7329,10000,20,1+kk,Praha 9 - Hloubětín,Praha 9 - Hloubětín
7330,11000,26,1+kk,Praha 10,Praha 10
7331,10000,25,2+kk,Praha 6 - Dejvice,Praha 6 - Dejvice
7332,8000,17,1+kk,Praha 6 - Dejvice,Praha 6 - Dejvice
7333,11000,20,1+kk,Praha 4 - Kamýk,Praha 4 - Kamýk
7334,31000,87,4+1,Praha 5 - Smíchov,Praha 5 - Smíchov
7335,14000,33,2+kk,Praha 4 - Kamýk,Praha 4 - Kamýk
7336,15000,18,1+1,Praha 4 - Nusle,Praha 4 - Nusle
7337,14000,31,2+kk,Praha 6 - Ruzyně,Praha 6 - Ruzyně
7338,13000,31,3+kk,Praha 8 - Bohnice,Praha 8 - Bohnice
7339,17000,32,2+kk,Praha 5 - Jinonice,Praha 5 - Jinonice
7340,13000,25,2+kk,Praha 10 - Vršovice,Praha 10 - Vršovice
7341,15000,17,1+kk,Praha 2 - Vinohrady,Praha 2 - Vinohrady
7342,12000,35,2+kk,Praha 10 - Vršovice,Praha 10 - Vršovice
7343,15000,41,2+kk,Praha 4 - Michle,Praha 4 - Michle
7344,13000,26,2+kk,Praha 3 - Žižkov,Praha 3 - Žižkov
7345,25000,47,4+kk,Praha 5 - Smíchov,Praha 5 - Smíchov
7346,17000,36,2+1,Praha 1 - Nové Město,Praha 1 - Nové Město
7347,14000,41,2+kk,Praha 10 - Horní Měcholupy,Praha 10 - Horní Měcholupy
7348,10000,24,2+kk,Praha 4 - Michle,Praha 4 - Michle
7349,11000,26,2+kk,Praha 4 - Krč,Praha 4 - Krč
7350,11000,20,1+kk,Praha 6 - Břevnov,Praha 6 - Břevnov
7351,13000,34,2+1,Praha 10 - Vršovice,Praha 10 - Vršovice
7352,4000,8,other,Praha 6,Praha 6
7353,11000,22,2+kk,Praha 4 - Krč,Praha 4 - Krč
7354,10000,22,1+kk,Praha 4 - Michle,Praha 4 - Michle
7355,10000,22,1+kk,Praha 4 - Michle,Praha 4 - Michle
7356,10000,22,1+kk,Praha 4 - Michle,Praha 4 - Michle
7358,11000,23,2+kk,Praha 8 - Libeň,Praha 8 - Libeň
7359,14000,38,2+1,Praha 3 - Žižkov,Praha 3 - Žižkov
7360,8000,8,other,Praha 2 - Nové Město,Praha 2 - Nové Město
7361,14000,25,2+kk,Praha 2 - Vinohrady,Praha 2 - Vinohrady
7362,20000,61,3+1,Praha 6 - Dejvice,Praha 6 - Dejvice
7363,12000,35,2+kk,Praha 8 - Libeň,Praha 8 - Libeň
7364,17000,29,2+kk,Praha 5 - Smíchov,Praha 5 - Smíchov
7365,17000,34,2+kk,Praha 5 - Smíchov,Praha 5 - Smíchov
7366,20000,59,3+1,Praha 5 - Smíchov,Praha 5 - Smíchov
7367,4000,10,other,Praha 9 - Černý Most,Praha 9 - Černý Most
7368,14000,34,2+kk,Praha 10 - Strašnice,Praha 10 - Strašnice
7369,11000,30,2+1,Praha 9 - Letňany,Praha 9 - Letňany
7370,25000,63,4+1,Praha 2 - Vinohrady,Praha 2 - Vinohrady
7372,13000,26,2+kk,Praha 8 - Kobylisy,Praha 8 - Kobylisy
7373,14000,54,3+kk,Praha 4 - Modřany,Praha 4 - Modřany
7374,17000,29,2+kk,Praha 4 - Krč,Praha 4 - Krč
7375,26000,68,1+kk,Praha 5 - Smíchov,Praha 5 - Smíchov
7376,25000,66,3+kk,Praha 2 - Vinohrady,Praha 2 - Vinohrady
7377,32000,76,4+kk,Praha 4 - Nusle,Praha 4 - Nusle
7378,24000,79,3+1,Praha 4 - Michle,Praha 4 - Michle
7379,41000,67,4+kk,Praha 2 - Nusle,Praha 2 - Nusle
7380,13000,36,2+1,Praha 8 - Kobylisy,Praha 8 - Kobylisy
7381,11000,26,1+kk,Praha 5 - Stodůlky,Praha 5 - Stodůlky
7382,9000,17,1+kk,Praha 10 - Strašnice,Praha 10 - Strašnice
7383,11000,20,1+kk,Praha 6 - Ruzyně,Praha 6 - Ruzyně
7384,10000,20,1+kk,Praha 10 - Vršovice,Praha 10 - Vršovice
7385,9000,32,2+1,Praha 5 - Malá Strana,Praha 5 - Malá Strana
7386,13000,28,2+kk,Praha 10 - Strašnice,Praha 10 - Strašnice
7387,16000,44,3+kk,Praha 4 - Michle,Praha 4 - Michle
7388,15000,48,2+kk,Praha 9 - Vysočany,Praha 9 - Vysočany
7389,10000,17,1+kk,Praha 9 - Hloubětín,Praha 9 - Hloubětín
7390,14000,44,2+kk,Praha 10 - Michle,Praha 10 - Michle
7391,10000,19,1+kk,Praha 9 - Hloubětín,Praha 9 - Hloubětín
7392,8000,17,1+kk,Praha 3 - Vinohrady,Praha 3 - Vinohrady
7393,15000,41,2+1,Praha 5 - Košíře,Praha 5 - Košíře
7394,35000,72,2+1,Praha 5 - Malá Strana,Praha 5 - Malá Strana
7395,26000,51,3+kk,Praha 6 - Břevnov,Praha 6 - Břevnov
7396,32000,62,3+kk,Praha 8 - Karlín,Praha 8 - Karlín
7397,14000,44,2+kk,Praha 1 - Nové Město,Praha 1 - Nové Město
7398,22000,51,3+1,Praha 1 - Nové Město,Praha 1 - Nové Město
7399,12000,28,2+kk,Praha 8 - Kobylisy,Praha 8 - Kobylisy
7400,17000,40,3+kk,Praha 2 - Vinohrady,Praha 2 - Vinohrady
7401,34000,104,5+kk,Praha 2 - Nové Město,Praha 2 - Nové Město
7402,13000,32,2+1,Praha 10 - Vršovice,Praha 10 - Vršovice
7403,11000,33,4+kk,Praha 4,Praha 4
7405,25000,75,3+kk,Praha 1 - Staré Město,Praha 1 - Staré Město
7406,10000,25,2+kk,Praha 8 - Libeň,Praha 8 - Libeň
7407,15000,40,3+kk,Praha 8 - Kobylisy,Praha 8 - Kobylisy
7408,17000,37,2+kk,Praha 3 - Vinohrady,Praha 3 - Vinohrady
7409,19000,47,2+1,Praha 1 - Staré Město,Praha 1 - Staré Město
7410,16000,41,3+1,Praha 10 - Strašnice,Praha 10 - Strašnice
7411,16000,57,3+1,Praha 3 - Žižkov,Praha 3 - Žižkov
7412,20000,59,3+kk,Praha 3 - Žižkov,Praha 3 - Žižkov
7413,44000,64,3+kk,Praha 6 - Střešovice,Praha 6 - Střešovice
7414,13000,27,2+kk,Praha 10 - Vršovice,Praha 10 - Vršovice
7415,10000,23,1+1,Praha 9 - Kbely,Praha 9 - Kbely
7416,10000,21,1+kk,Praha 5 - Hlubočepy,Praha 5 - Hlubočepy
7417,8000,11,1+kk,Praha 8 - Karlín,Praha 8 - Karlín
7418,14000,30,2+kk,Praha 8 - Karlín,Praha 8 - Karlín
7419,21000,38,3+kk,Praha 7 - Bubeneč,Praha 7 - Bubeneč
7420,41000,119,other,Praha 7 - Bubeneč,Praha 7 - Bubeneč
7421,19000,33,2+kk,Praha 3,Praha 3
7422,38000,68,4+kk,Praha 3,Praha 3
7423,14000,19,1+kk,Praha 3,Praha 3
7424,47000,85,3+1,Praha 10 - Vinohrady,Praha 10 - Vinohrady
7425,7000,17,1+kk,Praha 4,Praha 4
7426,12000,29,2+kk,Praha 3 - Žižkov,Praha 3 - Žižkov
7427,14000,35,3+kk,Praha 7 - Holešovice,Praha 7 - Holešovice
7428,14000,29,2+kk,Praha 9 - Libeň,Praha 9 - Libeň
7429,4000,7,other,Praha 6 - Ruzyně,Praha 6 - Ruzyně
7430,10000,21,1+1,Praha 5 - Košíře,Praha 5 - Košíře
7431,13000,31,2+kk,Praha 2 - Nové Město,Praha 2 - Nové Město
7432,20000,59,3+kk,Praha 4 - Podolí,Praha 4 - Podolí
7433,11000,22,1+kk,Praha 3 - Žižkov,Praha 3 - Žižkov
7434,13000,29,2+kk,Praha 10 - Strašnice,Praha 10 - Strašnice
7435,19000,50,3+kk,Praha 4 - Braník,Praha 4 - Braník
7436,19000,50,3+kk,Praha 2 - Nové Město,Praha 2 - Nové Město
7438,14000,44,3+1,Praha 4 - Hodkovičky,Praha 4 - Hodkovičky
7439,15000,23,1+1,Praha 2 - Nové Město,Praha 2 - Nové Město
7440,41000,67,4+kk,Praha 2 - Nusle,Praha 2 - Nusle
7441,11000,29,2+1,Praha 4 - Modřany,Praha 4 - Modřany
7442,15000,33,2+1,Praha 7 - Holešovice,Praha 7 - Holešovice
7443,12000,35,2+1,Praha 4 - Michle,Praha 4 - Michle
7444,10000,20,1+kk,Praha 4 - Hodkovičky,Praha 4 - Hodkovičky
7446,12000,25,2+kk,Praha 4 - Nusle,Praha 4 - Nusle
7447,16000,37,2+1,Praha 2 - Vinohrady,Praha 2 - Vinohrady
7448,19000,50,2+1,Praha 2 - Vinohrady,Praha 2 - Vinohrady
7449,16000,31,2+kk,Praha 6 - Dejvice,Praha 6 - Dejvice
7450,13000,19,1+kk,Praha 8 - Karlín,Praha 8 - Karlín
7451,14000,34,2+1,Praha 8 - Libeň,Praha 8 - Libeň
7452,10000,21,1+kk,Praha 3 - Žižkov,Praha 3 - Žižkov
7454,8000,13,1+kk,Praha 5 - Hlubočepy,Praha 5 - Hlubočepy
7455,14000,26,2+kk,Praha 4 - Nusle,Praha 4 - Nusle
7456,8000,16,1+kk,Praha 10 - Malešice,Praha 10 - Malešice
7457,14000,28,2+kk,Praha 4 - Michle,Praha 4 - Michle
7458,9000,17,1+kk,Praha 4 - Modřany,Praha 4 - Modřany
7459,14000,29,2+kk,Praha 8 - Troja,Praha 8 - Troja
7460,17000,35,2+kk,Praha 8 - Libeň,Praha 8 - Libeň
7461,17000,16,1+1,Praha 2 - Vinohrady,Praha 2 - Vinohrady
7462,14000,24,2+kk,Praha 8 - Libeň,Praha 8 - Libeň
7463,11000,23,2+kk,Praha 9 - Vysočany,Praha 9 - Vysočany
7464,13000,39,2+1,Praha 8 - Libeň,Praha 8 - Libeň
7465,29000,119,4+1,Praha 1 - Nové Město,Praha 1 - Nové Město
7466,17000,47,3+kk,Praha 10 - Hostivař,Praha 10 - Hostivař
7467,12000,28,2+kk,Praha 6 - Vokovice,Praha 6 - Vokovice
7468,20000,51,3+1,Praha 3 - Vinohrady,Praha 3 - Vinohrady
7469,20000,51,3+kk,Praha 4 - Modřany,Praha 4 - Modřany
7470,11000,28,2+kk,Praha 10 - Vršovice,Praha 10 - Vršovice
7472,29000,70,3+kk,Praha 2 - Vinohrady,Praha 2 - Vinohrady
7473,10000,22,1+kk,Praha 7 - Holešovice,Praha 7 - Holešovice
7474,15000,47,3+kk,Praha 4 - Nusle,Praha 4 - Nusle
7475,14000,24,2+kk,Praha 10 - Vinohrady,Praha 10 - Vinohrady
7476,14000,33,2+kk,Praha 3 - Žižkov,Praha 3 - Žižkov
7477,13000,32,2+1,Praha 10 - Záběhlice,Praha 10 - Záběhlice
7480,11000,29,2+kk,Praha 6 - Břevnov,Praha 6 - Břevnov
7481,13000,19,2+kk,Praha 1 - Malá Strana,Praha 1 - Malá Strana
7482,10000,23,1+1,Praha 4 - Kamýk,Praha 4 - Kamýk
7484,13000,47,3+1,Praha 4 - Modřany,Praha 4 - Modřany
7485,11000,21,1+kk,Praha 5 - Smíchov,Praha 5 - Smíchov
7486,7000,16,1+kk,Praha 4 - Krč,Praha 4 - Krč
7487,11000,23,1+1,Praha 2 - Nusle,Praha 2 - Nusle
7488,14000,32,3+kk,Praha 10 - Vinohrady,Praha 10 - Vinohrady
7489,12000,25,2+kk,Praha 4 - Braník,Praha 4 - Braník
7490,13000,31,2+1,Praha 5 - Smíchov,Praha 5 - Smíchov
7491,14000,28,2+kk,Praha 5 - Smíchov,Praha 5 - Smíchov
7492,7000,17,1+kk,Praha 3 - Žižkov,Praha 3 - Žižkov
7493,17000,34,2+kk,Praha 9,Praha 9
7494,11000,45,2+1,Praha 10 - Strašnice,Praha 10 - Strašnice
7495,13000,35,2+kk,Praha 5 - Smíchov,Praha 5 - Smíchov
7497,8000,17,1+kk,Praha 10 - Horní Měcholupy,Praha 10 - Horní Měcholupy
7499,9000,25,1+kk,Praha 10 - Horní Měcholupy,Praha 10 - Horní Měcholupy
7501,15000,22,1+kk,Praha 7 - Holešovice,Praha 7 - Holešovice
7503,20000,46,3+kk,Praha 9 - Vysočany,Praha 9 - Vysočany
7505,10000,19,1+kk,Praha 10 - Malešice,Praha 10 - Malešice
7506,19000,45,3+kk,Praha 5 - Jinonice,Praha 5 - Jinonice
7507,13000,38,2+1,Praha 3 - Žižkov,Praha 3 - Žižkov
7508,14000,28,2+kk,Praha 10 - Michle,Praha 10 - Michle
7509,13000,8,1+kk,Praha 4 - Krč,Praha 4 - Krč
7510,14000,35,2+1,Praha 4 - Hodkovičky,Praha 4 - Hodkovičky
7511,20000,53,3+kk,Praha 5 - Jinonice,Praha 5 - Jinonice
7512,11000,35,2+1,Praha 8 - Kobylisy,Praha 8 - Kobylisy
7513,9000,16,1+kk,Praha 4 - Podolí,Praha 4 - Podolí
7515,5000,8,other,Praha 4 - Kunratice,Praha 4 - Kunratice
7516,13000,36,3+kk,Praha 10 - Hostivař,Praha 10 - Hostivař
7517,10000,33,2+kk,Praha 5 - Košíře,Praha 5 - Košíře
7519,13000,32,2+1,Praha 4 - Michle,Praha 4 - Michle
7521,50000,158,5+1,Praha 5 - Malá Strana,Praha 5 - Malá Strana
7522,12000,23,1+1,Praha 3 - Žižkov,Praha 3 - Žižkov
7523,19000,66,4+kk,Praha 5 - Zličín,Praha 5 - Zličín
7524,7000,13,1+kk,Praha 9 - Hloubětín,Praha 9 - Hloubětín
7525,7000,20,1+kk,Praha 9 - Čakovice,Praha 9 - Čakovice
7526,14000,33,2+kk,Praha 7 - Holešovice,Praha 7 - Holešovice
7527,23000,65,2+1,Praha 6 - Bubeneč,Praha 6 - Bubeneč
7528,14000,22,1+kk,Praha 5 - Radlice,Praha 5 - Radlice
7529,19000,72,2+kk,Praha 1 - Staré Město,Praha 1 - Staré Město
7530,16000,55,3+kk,Praha 10 - Horní Měcholupy,Praha 10 - Horní Měcholupy
7531,11000,16,1+1,Praha 8 - Karlín,Praha 8 - Karlín
7532,10000,16,1+kk,Praha 9 - Prosek,Praha 9 - Prosek
7533,11000,32,2+kk,Praha 3 - Žižkov,Praha 3 - Žižkov
7534,29000,74,4+kk,Praha 5 - Smíchov,Praha 5 - Smíchov
7535,11000,20,1+kk,Praha 4 - Kamýk,Praha 4 - Kamýk
7536,9000,16,1+kk,Praha 5 - Hlubočepy,Praha 5 - Hlubočepy
7537,35000,47,3+kk,Praha 8 - Libeň,Praha 8 - Libeň
7538,7000,10,1+kk,Praha 9,Praha 9
7539,23000,70,3+kk,Praha 6 - Břevnov,Praha 6 - Břevnov
7540,12000,25,1+kk,Praha 5 - Smíchov,Praha 5 - Smíchov
7541,11000,31,2+1,Praha 9 - Libeň,Praha 9 - Libeň
7542,11000,23,1+kk,Praha 7 - Holešovice,Praha 7 - Holešovice
7543,7000,17,1+kk,Praha 4 - Háje,Praha 4 - Háje
7544,16000,38,2+kk,Praha 9 - Vysočany,Praha 9 - Vysočany
7545,15000,39,3+kk,Praha 10 - Horní Měcholupy,Praha 10 - Horní Měcholupy
7546,19000,32,2+1,Praha 3 - Vinohrady,Praha 3 - Vinohrady
7547,20000,61,2+kk,Praha 4 - Nusle,Praha 4 - Nusle
7548,11000,22,1+kk,Praha 6,Praha 6
7549,19000,49,3+kk,Praha 9 - Černý Most,Praha 9 - Černý Most
7550,17000,35,3+1,Praha 6 - Dejvice,Praha 6 - Dejvice
7551,5000,151,atypické,Praha 2 - Nové Město,Praha 2 - Nové Město
7553,17000,53,3+1,Praha 5 - Stodůlky,Praha 5 - Stodůlky
7554,17000,35,2+kk,Praha 4 - Modřany,Praha 4 - Modřany
7555,10000,19,1+kk,Praha 10 - Hostivař,Praha 10 - Hostivař
7556,11000,18,1+kk,Praha 5 - Řeporyje,Praha 5 - Řeporyje
7557,13000,32,2+kk,Praha 9 - Hloubětín,Praha 9 - Hloubětín
7558,9000,19,1+kk,Praha 4 - Chodov,Praha 4 - Chodov
7559,14000,36,2+kk,Praha 10 - Záběhlice,Praha 10 - Záběhlice
7560,13000,32,2+kk,Praha 3 - Žižkov,Praha 3 - Žižkov
7561,10000,18,1+kk,Praha 9 - Kbely,Praha 9 - Kbely
7562,41000,67,4+kk,Praha 2 - Nusle,Praha 2 - Nusle
7563,11000,26,2+kk,Praha 8 - Bohnice,Praha 8 - Bohnice
7564,10000,15,1+kk,Praha 5 - Radotín,Praha 5 - Radotín
7565,17000,59,3+1,Praha 4 - Nusle,Praha 4 - Nusle
7566,10000,27,1+1,Praha 4 - Nusle,Praha 4 - Nusle
7567,13000,32,2+kk,Praha 5 - Smíchov,Praha 5 - Smíchov
7568,11000,19,1+kk,Praha 5 - Zličín,Praha 5 - Zličín
7569,10000,34,2+kk,Praha 9 - Střížkov,Praha 9 - Střížkov
7570,7000,11,1+kk,Praha 4 - Krč,Praha 4 - Krč
7571,11000,27,2+kk,Praha 6 - Dejvice,Praha 6 - Dejvice
7572,17000,37,3+1,Praha 8 - Troja,Praha 8 - Troja
7573,8000,25,1+kk,Praha 8 - Troja,Praha 8 - Troja
7574,15000,41,3+kk,Praha 9 - Prosek,Praha 9 - Prosek
7575,12000,23,2+kk,Praha 5 - Smíchov,Praha 5 - Smíchov
7576,53000,93,3+kk,Praha 3 - Vinohrady,Praha 3 - Vinohrady
7577,22000,45,3+kk,Praha 4 - Modřany,Praha 4 - Modřany
7578,22000,46,4+1,Praha 4 - Modřany,Praha 4 - Modřany
7579,11000,20,2+kk,Praha 4 - Modřany,Praha 4 - Modřany
7580,16000,35,2+1,Praha 10 - Strašnice,Praha 10 - Strašnice
7581,12000,24,2+kk,Praha 4 - Hodkovičky,Praha 4 - Hodkovičky
7583,14000,40,3+1,Praha 4 - Krč,Praha 4 - Krč
7585,14000,41,2+1,Praha 5 - Smíchov,Praha 5 - Smíchov
7586,11000,25,2+kk,Praha 5 - Stodůlky,Praha 5 - Stodůlky
7587,22000,98,3+kk,Praha 3 - Žižkov,Praha 3 - Žižkov
7588,20000,45,3+1,Praha 4 - Modřany,Praha 4 - Modřany
7589,14000,31,2+1,Praha 4 - Modřany,Praha 4 - Modřany
7590,17000,59,4+1,Praha 5 - Košíře,Praha 5 - Košíře
7591,23000,64,3+kk,Praha 2 - Vinohrady,Praha 2 - Vinohrady
7592,11000,23,2+kk,Praha 8 - Kobylisy,Praha 8 - Kobylisy
7593,24000,62,3+1,Praha 2 - Nové Město,Praha 2 - Nové Město
7595,12000,19,1+kk,Praha 4 - Kamýk,Praha 4 - Kamýk
7596,44000,115,5+1,Praha 6 - Bubeneč,Praha 6 - Bubeneč
7598,21000,29,2+kk,Praha 10 - Vršovice,Praha 10 - Vršovice
7599,13000,33,2+kk,Praha 3 - Žižkov,Praha 3 - Žižkov
7600,16000,26,1+1,Praha 7 - Bubeneč,Praha 7 - Bubeneč
7601,16000,31,2+kk,Praha 9 - Prosek,Praha 9 - Prosek
7602,15000,31,2+kk,Praha 9 - Kbely,Praha 9 - Kbely
7603,15000,31,2+1,Praha 4 - Modřany,Praha 4 - Modřany
7604,18000,38,2+1,Praha 4 - Modřany,Praha 4 - Modřany
7605,21000,47,3+1,Praha 4 - Modřany,Praha 4 - Modřany
7606,24000,48,3+1,Praha 2 - Nové Město,Praha 2 - Nové Město
7608,23000,59,3+1,Praha 6 - Dejvice,Praha 6 - Dejvice
7609,14000,36,2+kk,Praha 5 - Radlice,Praha 5 - Radlice
7610,11000,17,1+kk,Praha 9 - Hloubětín,Praha 9 - Hloubětín
7611,11000,24,2+kk,Praha 3 - Vinohrady,Praha 3 - Vinohrady
7612,17000,35,3+kk,Praha 6 - Řepy,Praha 6 - Řepy
7613,16000,35,2+kk,Praha 6 - Řepy,Praha 6 - Řepy
7614,11000,19,1+kk,Praha 3 - Žižkov,Praha 3 - Žižkov
7615,13000,29,2+1,Praha 9,Praha 9
7616,8000,17,1+kk,Praha 5 - Zličín,Praha 5 - Zličín
7617,15000,47,2+kk,Praha 2 - Vinohrady,Praha 2 - Vinohrady
7618,16000,21,1+kk,Praha 7 - Bubeneč,Praha 7 - Bubeneč
7619,14000,50,3+kk,Praha 5 - Motol,Praha 5 - Motol
7620,10000,25,1+kk,Praha 5 - Motol,Praha 5 - Motol
7621,11000,32,2+1,Praha 10 - Strašnice,Praha 10 - Strašnice
7622,16000,38,2+kk,Praha 10 - Strašnice,Praha 10 - Strašnice
7623,15000,22,1+kk,Praha 7 - Holešovice,Praha 7 - Holešovice
7625,9000,13,1+kk,Praha 5 - Zličín,Praha 5 - Zličín
7626,8000,20,1+kk,Praha 9 - Letňany,Praha 9 - Letňany
7627,11000,26,2+kk,Praha 4 - Chodov,Praha 4 - Chodov
7628,41000,80,2+kk,Praha 3 - Žižkov,Praha 3 - Žižkov
7630,11000,32,2+kk,Praha 3,Praha 3
7631,14000,32,2+1,Praha 6 - Vokovice,Praha 6 - Vokovice
7632,11000,29,2+kk,Praha 8 - Libeň,Praha 8 - Libeň
7633,21000,58,3+kk,Praha 5 - Jinonice,Praha 5 - Jinonice
7634,14000,32,2+kk,Praha 3 - Žižkov,Praha 3 - Žižkov
7635,26000,54,4+kk,Praha 9 - Kyje,Praha 9 - Kyje
7636,10000,18,1+kk,Praha 4 - Nusle,Praha 4 - Nusle
7637,14000,39,3+1,Praha 8 - Troja,Praha 8 - Troja
7638,10000,19,1+kk,Praha 9 - Hloubětín,Praha 9 - Hloubětín
7639,9000,19,1+kk,Praha 5 - Stodůlky,Praha 5 - Stodůlky
7640,13000,33,2+kk,Praha 2 - Nové Město,Praha 2 - Nové Město
7641,29000,34,2+kk,Praha 4 - Modřany,Praha 4 - Modřany
7642,20000,17,1+kk,Praha 1 - Staré Město,Praha 1 - Staré Město
7644,47000,62,4+kk,Praha 8 - Karlín,Praha 8 - Karlín
7646,15000,48,3+1,Praha 8 - Karlín,Praha 8 - Karlín
7648,12000,47,2+kk,Praha 10,Praha 10
7649,26000,52,3+kk,Praha 3 - Žižkov,Praha 3 - Žižkov
7650,10000,22,1+kk,Praha 10 - Strašnice,Praha 10 - Strašnice
7651,14000,41,2+1,Praha 6 - Dejvice,Praha 6 - Dejvice
7652,11000,24,1+kk,Praha 2 - Nové Město,Praha 2 - Nové Město
7653,10000,23,2+kk,Praha 10 - Hostivař,Praha 10 - Hostivař
7654,16000,39,3+kk,Praha 5 - Stodůlky,Praha 5 - Stodůlky
7655,15000,41,3+1,Praha 5 - Smíchov,Praha 5 - Smíchov
7656,12000,20,1+kk,Praha 3 - Vinohrady,Praha 3 - Vinohrady
7657,16000,33,2+kk,Praha 4 - Modřany,Praha 4 - Modřany
7658,17000,46,3+kk,Praha 10 - Horní Měcholupy,Praha 10 - Horní Měcholupy
7659,6000,11,other,Praha 5 - Zbraslav,Praha 5 - Zbraslav
7660,16000,31,2+kk,Praha 9 - Prosek,Praha 9 - Prosek
7661,15000,43,3+kk,Praha 9 - Letňany,Praha 9 - Letňany
7662,14000,32,2+kk,Praha 9 - Hrdlořezy,Praha 9 - Hrdlořezy
7663,17000,36,2+kk,Praha 2 - Vinohrady,Praha 2 - Vinohrady
7664,14000,31,2+1,Praha 3 - Vinohrady,Praha 3 - Vinohrady
7665,29000,48,3+kk,Praha 8 - Libeň,Praha 8 - Libeň
7666,9000,17,1+kk,Praha 10 - Záběhlice,Praha 10 - Záběhlice
7667,22000,70,4+kk,Praha 7 - Holešovice,Praha 7 - Holešovice
7668,12000,34,2+kk,Praha 4 - Chodov,Praha 4 - Chodov
7669,11000,25,2+kk,Praha 4 - Krč,Praha 4 - Krč
7670,20000,60,3+kk,Praha 3 - Vinohrady,Praha 3 - Vinohrady
7671,10000,23,2+kk,Praha 4 - Chodov,Praha 4 - Chodov
7672,21000,49,3+kk,Praha 5 - Stodůlky,Praha 5 - Stodůlky
7673,11000,31,2+kk,Praha 4 - Nusle,Praha 4 - Nusle
7674,24000,62,4+kk,Praha 5 - Košíře,Praha 5 - Košíře
7676,10000,20,1+kk,Praha 7 - Holešovice,Praha 7 - Holešovice
7677,11000,28,2+kk,Praha 5 - Zbraslav,Praha 5 - Zbraslav
7678,14000,32,2+kk,Praha 9 - Hloubětín,Praha 9 - Hloubětín
7679,17000,48,3+kk,Praha 6 - Řepy,Praha 6 - Řepy
7680,10000,16,1+kk,Praha 4 - Háje,Praha 4 - Háje
7681,16000,34,2+kk,Praha 3 - Žižkov,Praha 3 - Žižkov
7682,14000,22,2+kk,Praha 9 - Libeň,Praha 9 - Libeň
7683,22000,53,3+kk,Praha 9 - Vysočany,Praha 9 - Vysočany
7684,15000,22,1+kk,Praha 7 - Holešovice,Praha 7 - Holešovice
7685,17000,48,3+kk,Praha 6 - Řepy,Praha 6 - Řepy
7686,10000,16,1+kk,Praha 4 - Háje,Praha 4 - Háje
7687,16000,34,2+kk,Praha 3 - Žižkov,Praha 3 - Žižkov
7688,14000,22,2+kk,Praha 9 - Libeň,Praha 9 - Libeň
7689,22000,53,3+kk,Praha 9 - Vysočany,Praha 9 - Vysočany
7690,12000,31,2+1,Praha 10 - Strašnice,Praha 10 - Strašnice
7691,11000,24,1+1,Praha 2 - Nové Město,Praha 2 - Nové Město
7692,14000,36,2+kk,Praha 3 - Strašnice,Praha 3 - Strašnice
7694,19000,66,3+kk,Praha 2 - Vinohrady,Praha 2 - Vinohrady
7695,14000,33,2+kk,Praha 9 - Hloubětín,Praha 9 - Hloubětín
7696,12000,29,2+kk,Praha 5 - Smíchov,Praha 5 - Smíchov
7697,11000,17,1+kk,Praha 8 - Kobylisy,Praha 8 - Kobylisy
7698,14000,37,2+1,Praha 6 - Vokovice,Praha 6 - Vokovice
7701,10000,31,2+kk,Praha 9 - Kyje,Praha 9 - Kyje
7702,11000,29,1+1,Praha 10 - Vršovice,Praha 10 - Vršovice
7703,8000,17,1+kk,Praha 4 - Modřany,Praha 4 - Modřany
7705,9000,13,1+kk,Praha 9 - Vysočany,Praha 9 - Vysočany
7706,11000,22,1+kk,Praha 6 - Dejvice,Praha 6 - Dejvice
7707,29000,63,3+1,Praha 2 - Vinohrady,Praha 2 - Vinohrady
7708,13000,25,1+kk,Praha 3 - Žižkov,Praha 3 - Žižkov
7709,8000,14,1+kk,Praha 10 - Strašnice,Praha 10 - Strašnice
7710,14000,47,1+1,Praha 10 - Vršovice,Praha 10 - Vršovice
7711,13000,25,3+kk,Praha 8 - Karlín,Praha 8 - Karlín
7712,13000,33,2+kk,Praha 5 - Stodůlky,Praha 5 - Stodůlky
7713,23000,65,3+1,Praha 1 - Nové Město,Praha 1 - Nové Město
7714,11000,25,2+kk,Praha 4 - Michle,Praha 4 - Michle
7715,11000,23,2+kk,Praha 5 - Smíchov,Praha 5 - Smíchov
7717,20000,44,3+kk,Praha 6 - Dejvice,Praha 6 - Dejvice
7718,29000,77,3+1,Praha 7 - Bubeneč,Praha 7 - Bubeneč
7719,14000,19,1+1,Praha 1 - Staré Město,Praha 1 - Staré Město
7720,10000,18,1+kk,Praha 7 - Holešovice,Praha 7 - Holešovice
7721,12000,20,1+kk,Praha 9 - Vysočany,Praha 9 - Vysočany
7722,15000,23,1+kk,Praha 3 - Vinohrady,Praha 3 - Vinohrady
7723,11000,17,1+kk,Praha 3 - Vinohrady,Praha 3 - Vinohrady
7724,9000,28,2+kk,Praha 8 - Karlín,Praha 8 - Karlín
7725,13000,47,2+kk,Praha 4 - Krč,Praha 4 - Krč
7726,10000,19,1+kk,Praha 4 - Chodov,Praha 4 - Chodov
7727,17000,54,3+kk,Praha 10 - Strašnice,Praha 10 - Strašnice
7728,22000,44,2+1,Praha 10 - Vršovice,Praha 10 - Vršovice
7729,11000,37,2+1,Praha 8 - Libeň,Praha 8 - Libeň
7730,9000,19,1+kk,Praha 9 - Letňany,Praha 9 - Letňany
7731,20000,47,3+kk,Praha 9 - Letňany,Praha 9 - Letňany
7732,11000,19,1+kk,Praha 5 - Radlice,Praha 5 - Radlice
7733,12000,26,2+kk,Praha 2 - Nusle,Praha 2 - Nusle
7734,20000,62,3+kk,Praha 5 - Košíře,Praha 5 - Košíře
7735,21000,69,3+kk,Praha 5 - Řeporyje,Praha 5 - Řeporyje
7736,20000,54,3+kk,Praha 5 - Hlubočepy,Praha 5 - Hlubočepy
7737,14000,32,2+kk,Praha 10 - Strašnice,Praha 10 - Strašnice
7738,50000,150,other,Praha 5 - Malá Strana,Praha 5 - Malá Strana
7739,15000,42,3+kk,Praha 8 - Bohnice,Praha 8 - Bohnice
7740,19000,41,3+kk,Praha 1 - Staré Město,Praha 1 - Staré Město
7741,10000,26,2+kk,Praha 9,Praha 9
7742,16000,44,3+kk,Praha 4 - Michle,Praha 4 - Michle
7743,8000,16,1+kk,Praha 4 - Nusle,Praha 4 - Nusle
7744,13000,36,2+kk,Praha 4 - Modřany,Praha 4 - Modřany
7745,18000,26,2+1,Praha 7 - Holešovice,Praha 7 - Holešovice
7746,13000,34,2+kk,Praha 10,Praha 10
7747,12000,22,1+kk,Praha 4 - Háje,Praha 4 - Háje
7748,9000,17,1+kk,Praha 10 - Vršovice,Praha 10 - Vršovice
7749,19000,50,3+1,Praha 10,Praha 10
7750,10000,20,1+kk,Praha 9 - Vysočany,Praha 9 - Vysočany
7751,12000,31,2+kk,Praha 9 - Vysočany,Praha 9 - Vysočany
7752,12000,32,2+kk,Praha 10 - Dolní Měcholupy,Praha 10 - Dolní Měcholupy
7753,10000,20,1+kk,Praha 9 - Černý Most,Praha 9 - Černý Most
7754,17000,48,2+1,Praha 1 - Nové Město,Praha 1 - Nové Město
7755,12000,34,2+kk,Praha 9 - Horní Počernice,Praha 9 - Horní Počernice
7756,14000,30,2+kk,Praha 6 - Břevnov,Praha 6 - Břevnov
7757,11000,21,2+kk,Praha 8 - Troja,Praha 8 - Troja
7758,10000,17,1+1,Praha 5 - Košíře,Praha 5 - Košíře
7759,11000,20,2+kk,Praha 9 - Libeň,Praha 9 - Libeň
7760,13000,31,2+1,Praha 9 - Letňany,Praha 9 - Letňany
7761,13000,37,3+kk,Praha 4 - Chodov,Praha 4 - Chodov
7762,10000,29,2+kk,Praha 10 - Strašnice,Praha 10 - Strašnice
7763,14000,42,3+1,Praha 9 - Prosek,Praha 9 - Prosek
7764,10000,26,2+kk,Praha 9 - Černý Most,Praha 9 - Černý Most
7765,15000,50,atypické,Praha 4 - Nusle,Praha 4 - Nusle
7766,16000,44,3+1,Praha 5 - Hlubočepy,Praha 5 - Hlubočepy
7768,14000,25,2+kk,Praha 5 - Řeporyje,Praha 5 - Řeporyje
7770,9000,23,1+1,Praha 8 - Libeň,Praha 8 - Libeň
7771,10000,24,2+kk,Praha 4 - Kamýk,Praha 4 - Kamýk
7772,7000,8,other,Praha 9 - Černý Most,Praha 9 - Černý Most
7773,13000,22,2+kk,Praha 5 - Smíchov,Praha 5 - Smíchov
7775,8000,25,2+kk,Praha 4 - Kamýk,Praha 4 - Kamýk
7777,14000,32,2+kk,Praha 4 - Michle,Praha 4 - Michle
7778,10000,18,1+kk,Praha 10,Praha 10
7779,14000,48,2+1,Praha 5 - Smíchov,Praha 5 - Smíchov
7780,11000,24,2+kk,Praha 8 - Karlín,Praha 8 - Karlín
7781,11000,33,2+kk,Praha 9,Praha 9
7782,20000,69,4+1,Praha 8 - Libeň,Praha 8 - Libeň
7783,13000,39,2+1,Praha 4 - Podolí,Praha 4 - Podolí
7785,17000,40,4+kk,Praha 4 - Nusle,Praha 4 - Nusle
7786,22000,65,3+kk,Praha 9 - Hrdlořezy,Praha 9 - Hrdlořezy
7787,15000,34,2+1,Praha 3 - Žižkov,Praha 3 - Žižkov
7788,17000,59,3+1,Praha 1 - Nové Město,Praha 1 - Nové Město
7789,11000,26,2+kk,Praha 4 - Braník,Praha 4 - Braník
7790,15000,36,2+kk,Praha 3 - Žižkov,Praha 3 - Žižkov
7791,10000,23,2+kk,Praha 8 - Kobylisy,Praha 8 - Kobylisy
7792,13000,31,2+kk,Praha 9 - Horní Počernice,Praha 9 - Horní Počernice
7793,23000,47,3+kk,Praha 5 - Řeporyje,Praha 5 - Řeporyje
7794,14000,38,2+1,Praha 2 - Nové Město,Praha 2 - Nové Město
7795,13000,38,2+1,Praha 7 - Holešovice,Praha 7 - Holešovice
7796,13000,104,3+1,Praha 4 - Modřany,Praha 4 - Modřany
7797,14000,68,3+1,Praha 8 - Libeň,Praha 8 - Libeň
7798,11000,37,2+kk,Praha 3 - Žižkov,Praha 3 - Žižkov
7799,10000,17,1+kk,Praha 5,Praha 5
7800,17000,46,3+kk,Praha 9 - Střížkov,Praha 9 - Střížkov
7801,16000,57,3+kk,Praha 1 - Nové Město,Praha 1 - Nové Město
7802,10000,26,2+kk,Praha 4 - Kunratice,Praha 4 - Kunratice
7803,12000,20,1+kk,Praha 9 - Vysočany,Praha 9 - Vysočany
7804,14000,38,2+kk,Praha 4 - Chodov,Praha 4 - Chodov
7805,12000,32,2+kk,Praha 8 - Libeň,Praha 8 - Libeň
7806,15000,22,1+kk,Praha 7 - Holešovice,Praha 7 - Holešovice
7807,17000,47,3+kk,Praha 6 - Vokovice,Praha 6 - Vokovice
7808,10000,20,1+1,Praha 2 - Nové Město,Praha 2 - Nové Město
7809,14000,30,2+kk,Praha 5 - Hlubočepy,Praha 5 - Hlubočepy
7810,19000,44,3+kk,Praha 9 - Hloubětín,Praha 9 - Hloubětín
7811,17000,32,2+kk,Praha 4 - Kamýk,Praha 4 - Kamýk
7812,50000,170,5+1,Praha 5 - Malá Strana,Praha 5 - Malá Strana
7813,53000,93,3+kk,Praha 3 - Vinohrady,Praha 3 - Vinohrady
7814,35000,93,4+kk,Praha 1 - Nové Město,Praha 1 - Nové Město
7815,26000,55,3+kk,Praha 3 - Vinohrady,Praha 3 - Vinohrady
7818,21000,43,3+kk,Praha 3 - Žižkov,Praha 3 - Žižkov
7819,38000,93,3+kk,Praha 5 - Hlubočepy,Praha 5 - Hlubočepy
7820,11000,17,1+kk,Praha 3 - Vinohrady,Praha 3 - Vinohrady
7821,27000,44,2+kk,Praha 5,Praha 5
7823,15000,23,1+kk,Praha 3 - Vinohrady,Praha 3 - Vinohrady
7824,29000,35,2+kk,Praha 3 - Vinohrady,Praha 3 - Vinohrady
7825,29000,80,3+1,Praha 7 - Bubeneč,Praha 7 - Bubeneč
7826,38000,54,3+kk,Praha 3 - Vinohrady,Praha 3 - Vinohrady
7827,59000,63,4+kk,Praha 3 - Vinohrady,Praha 3 - Vinohrady
7828,9000,14,1+kk,Praha 5 - Třebonice,Praha 5 - Třebonice
7829,25000,33,2+kk,Praha 8 - Karlín,Praha 8 - Karlín
7830,11000,17,1+kk,Praha 3 - Žižkov,Praha 3 - Žižkov
7831,8000,14,1+kk,Praha 10 - Strašnice,Praha 10 - Strašnice
7832,28000,42,3+kk,Praha 3 - Žižkov,Praha 3 - Žižkov
7833,18000,28,2+kk,Praha 3 - Vinohrady,Praha 3 - Vinohrady
7834,22000,33,2+kk,Praha 7 - Holešovice,Praha 7 - Holešovice
7835,10000,17,1+kk,Praha 10 - Uhříněves,Praha 10 - Uhříněves
7837,11000,33,2+kk,Praha 6 - Dejvice,Praha 6 - Dejvice
7838,15000,31,2+kk,Praha 5 - Smíchov,Praha 5 - Smíchov
7839,22000,98,3+1,Praha 1 - Staré Město,Praha 1 - Staré Město
7840,15000,66,3+1,Praha 1 - Staré Město,Praha 1 - Staré Město
7841,16000,70,4+1,Praha 1 - Staré Město,Praha 1 - Staré Město
7842,5000,25,1+1,Praha 1 - Staré Město,Praha 1 - Staré Město
7843,18000,57,4+kk,Praha 9 - Černý Most,Praha 9 - Černý Most
7844,5000,23,1+1,Praha 2 - Vinohrady,Praha 2 - Vinohrady
7845,14000,59,3+kk,Praha 1 - Staré Město,Praha 1 - Staré Město
7846,10000,44,1+1,Praha 1 - Staré Město,Praha 1 - Staré Město
7847,15000,69,3+1,Praha 1 - Staré Město,Praha 1 - Staré Město
7849,25000,104,3+1,Praha 1 - Nové Město,Praha 1 - Nové Město
7850,12000,51,3+1,Praha 1 - Staré Město,Praha 1 - Staré Město
7851,7000,29,2+1,Praha 1 - Staré Město,Praha 1 - Staré Město
7852,31000,131,4+1,Praha 1 - Nové Město,Praha 1 - Nové Město
7853,5000,22,1+kk,Praha 1 - Nové Město,Praha 1 - Nové Město
7854,10000,44,1+1,Praha 1 - Staré Město,Praha 1 - Staré Město
7855,19000,82,3+1,Praha 1 - Staré Město,Praha 1 - Staré Město
7856,12000,50,2+1,Praha 1 - Staré Město,Praha 1 - Staré Město
7857,12000,50,2+1,Praha 1 - Staré Město,Praha 1 - Staré Město
7858,20000,84,3+kk,Praha 1 - Staré Město,Praha 1 - Staré Město
7859,17000,42,2+1,Praha 1 - Malá Strana,Praha 1 - Malá Strana
7860,10000,8,1+kk,Praha 7 - Holešovice,Praha 7 - Holešovice
7861,10000,8,1+kk,Praha 7 - Holešovice,Praha 7 - Holešovice
7862,7000,17,other,Praha 7 - Holešovice,Praha 7 - Holešovice
7863,6000,9,other,Praha 7 - Holešovice,Praha 7 - Holešovice
7864,6000,18,other,Praha 7 - Holešovice,Praha 7 - Holešovice
7865,17000,53,3+kk,Praha 2 - Nové Město,Praha 2 - Nové Město
7866,11000,31,2+kk,Praha 5 - Smíchov,Praha 5 - Smíchov
7867,18000,26,2+1,Praha 7 - Holešovice,Praha 7 - Holešovice
7868,6000,9,other,Praha 7 - Holešovice,Praha 7 - Holešovice
7869,6000,18,other,Praha 7 - Holešovice,Praha 7 - Holešovice
7870,17000,53,3+kk,Praha 2 - Nové Město,Praha 2 - Nové Město
7871,11000,31,2+kk,Praha 5 - Smíchov,Praha 5 - Smíchov
7872,17000,35,2+kk,Praha 2 - Vinohrady,Praha 2 - Vinohrady
7873,17000,33,3+kk,Praha 8 - Karlín,Praha 8 - Karlín
7874,4000,17,1+1,Praha 1 - Staré Město,Praha 1 - Staré Město
7875,10000,26,2+1,Praha 3 - Žižkov,Praha 3 - Žižkov
7876,13000,29,2+kk,Praha 5 - Hlubočepy,Praha 5 - Hlubočepy
7877,11000,29,2+1,Praha 5 - Radotín,Praha 5 - Radotín
7878,23000,65,3+kk,Praha 2 - Vinohrady,Praha 2 - Vinohrady
7879,11000,25,1+1,Praha 6,Praha 6
7880,23000,63,2+kk,Praha 1 - Nové Město,Praha 1 - Nové Město
7881,17000,53,3+kk,Praha 5 - Smíchov,Praha 5 - Smíchov
7882,16000,35,1+kk,Praha 2 - Vinohrady,Praha 2 - Vinohrady
7883,15000,13,2+kk,Praha 2 - Nové Město,Praha 2 - Nové Město
7884,16000,19,2+kk,Praha 2 - Nové Město,Praha 2 - Nové Město
7885,11000,11,1+kk,Praha 5 - Smíchov,Praha 5 - Smíchov
7886,17000,45,2+1,Praha 1 - Malá Strana,Praha 1 - Malá Strana
7887,14000,32,2+kk,Praha 6 - Bubeneč,Praha 6 - Bubeneč
7888,19000,44,2+1,Praha 8 - Karlín,Praha 8 - Karlín
7890,19000,47,3+kk,Praha 5 - Smíchov,Praha 5 - Smíchov
7891,14000,28,2+kk,Praha 3 - Žižkov,Praha 3 - Žižkov
7892,11000,27,2+kk,Praha 4 - Michle,Praha 4 - Michle
7893,15000,34,2+1,Praha 4 - Podolí,Praha 4 - Podolí
7894,13000,30,2+kk,Praha 7 - Holešovice,Praha 7 - Holešovice
7895,13000,33,2+kk,Praha 10 - Hostivař,Praha 10 - Hostivař
7897,17000,33,2+kk,Praha 4 - Modřany,Praha 4 - Modřany
7899,13000,47,3+1,Praha 5 - Zbraslav,Praha 5 - Zbraslav
7900,20000,48,3+kk,Praha 3 - Žižkov,Praha 3 - Žižkov
7901,17000,47,2+1,Praha 1 - Malá Strana,Praha 1 - Malá Strana
7902,10000,19,1+kk,Praha 4 - Podolí,Praha 4 - Podolí
7903,13000,29,2+1,Praha 9 - Letňany,Praha 9 - Letňany
7904,14000,29,2+kk,Praha 3 - Žižkov,Praha 3 - Žižkov
7905,14000,31,2+kk,Praha 4 - Podolí,Praha 4 - Podolí
7906,15000,31,2+kk,Praha 10 - Malešice,Praha 10 - Malešice
7907,15000,34,2+kk,Praha 2 - Nusle,Praha 2 - Nusle
7908,13000,30,2+kk,Praha 7 - Holešovice,Praha 7 - Holešovice
7909,17000,44,2+1,Praha 3 - Žižkov,Praha 3 - Žižkov
7910,15000,46,3+1,Praha 2 - Nusle,Praha 2 - Nusle
7911,14000,35,2+kk,Praha 9 - Čakovice,Praha 9 - Čakovice
7912,9000,14,1+kk,Praha 10 - Strašnice,Praha 10 - Strašnice
7913,7000,25,1+kk,Praha 4 - Krč,Praha 4 - Krč
7914,13000,32,2+kk,Praha 3 - Žižkov,Praha 3 - Žižkov
7915,14000,38,3+kk,Praha 10 - Strašnice,Praha 10 - Strašnice
7916,11000,25,1+kk,Praha 9 - Hloubětín,Praha 9 - Hloubětín
7917,14000,41,2+kk,Praha 5 - Košíře,Praha 5 - Košíře
7918,14000,40,2+1,Praha 7 - Holešovice,Praha 7 - Holešovice
7919,10000,35,2+1,Praha 9 - Horní Počernice,Praha 9 - Horní Počernice
7920,32000,64,3+kk,Praha 1 - Staré Město,Praha 1 - Staré Město
7921,13000,29,2+1,Praha 7 - Holešovice,Praha 7 - Holešovice
7922,17000,34,2+kk,Praha 9 - Hloubětín,Praha 9 - Hloubětín
7923,19000,49,3+kk,Praha 8 - Libeň,Praha 8 - Libeň
7924,24000,46,2+kk,Praha 1 - Nové Město,Praha 1 - Nové Město
7925,26000,62,3+1,Praha 3 - Vinohrady,Praha 3 - Vinohrady
7926,29000,59,5+kk,Praha 10 - Strašnice,Praha 10 - Strašnice
7927,17000,19,2+kk,Praha 5 - Smíchov,Praha 5 - Smíchov
7928,18000,26,2+1,Praha 7 - Holešovice,Praha 7 - Holešovice
7929,26000,54,4+kk,Praha 9 - Kyje,Praha 9 - Kyje
7930,9000,19,1+kk,Praha 5 - Stodůlky,Praha 5 - Stodůlky
7931,29000,34,2+kk,Praha 4 - Modřany,Praha 4 - Modřany
7932,20000,17,1+kk,Praha 1 - Staré Město,Praha 1 - Staré Město
7934,47000,62,4+kk,Praha 8 - Karlín,Praha 8 - Karlín
7936,15000,48,3+1,Praha 8 - Karlín,Praha 8 - Karlín
7938,12000,47,2+kk,Praha 10,Praha 10
7939,26000,52,3+kk,Praha 3 - Žižkov,Praha 3 - Žižkov
7940,10000,22,1+kk,Praha 10 - Strašnice,Praha 10 - Strašnice
7941,10000,23,2+kk,Praha 10 - Hostivař,Praha 10 - Hostivař
7942,12000,20,1+kk,Praha 3 - Vinohrady,Praha 3 - Vinohrady
7943,16000,33,2+kk,Praha 4 - Modřany,Praha 4 - Modřany
7944,17000,46,3+kk,Praha 10 - Horní Měcholupy,Praha 10 - Horní Měcholupy
7945,6000,11,other,Praha 5 - Zbraslav,Praha 5 - Zbraslav
7946,16000,31,2+kk,Praha 9 - Prosek,Praha 9 - Prosek
7947,17000,36,2+kk,Praha 2 - Vinohrady,Praha 2 - Vinohrady
7948,14000,31,2+1,Praha 3 - Vinohrady,Praha 3 - Vinohrady
7949,29000,48,3+kk,Praha 8 - Libeň,Praha 8 - Libeň
7950,9000,17,1+kk,Praha 10 - Záběhlice,Praha 10 - Záběhlice
7951,11000,25,2+kk,Praha 4 - Krč,Praha 4 - Krč
7952,10000,23,2+kk,Praha 4 - Chodov,Praha 4 - Chodov
7953,21000,49,3+kk,Praha 5 - Stodůlky,Praha 5 - Stodůlky
7954,11000,31,2+kk,Praha 4 - Nusle,Praha 4 - Nusle
7955,24000,62,4+kk,Praha 5 - Košíře,Praha 5 - Košíře
7957,11000,28,2+kk,Praha 5 - Zbraslav,Praha 5 - Zbraslav
7958,14000,32,2+kk,Praha 9 - Hloubětín,Praha 9 - Hloubětín
7959,17000,48,3+kk,Praha 6 - Řepy,Praha 6 - Řepy
7960,10000,16,1+kk,Praha 4 - Háje,Praha 4 - Háje
7961,16000,34,2+kk,Praha 3 - Žižkov,Praha 3 - Žižkov
7962,22000,53,3+kk,Praha 9 - Vysočany,Praha 9 - Vysočany
7963,11000,24,1+1,Praha 2 - Nové Město,Praha 2 - Nové Město
7964,14000,36,2+kk,Praha 3 - Strašnice,Praha 3 - Strašnice
7966,19000,66,3+kk,Praha 2 - Vinohrady,Praha 2 - Vinohrady
7967,14000,33,2+kk,Praha 9 - Hloubětín,Praha 9 - Hloubětín
7968,11000,17,1+kk,Praha 8 - Kobylisy,Praha 8 - Kobylisy
7969,14000,37,2+1,Praha 6 - Vokovice,Praha 6 - Vokovice
7972,10000,31,2+kk,Praha 9 - Kyje,Praha 9 - Kyje
7973,11000,29,1+1,Praha 10 - Vršovice,Praha 10 - Vršovice
7975,9000,13,1+kk,Praha 9 - Vysočany,Praha 9 - Vysočany
7976,29000,63,3+1,Praha 2 - Vinohrady,Praha 2 - Vinohrady
7977,8000,14,1+kk,Praha 10 - Strašnice,Praha 10 - Strašnice
7978,14000,47,1+1,Praha 10 - Vršovice,Praha 10 - Vršovice
7979,13000,25,3+kk,Praha 8 - Karlín,Praha 8 - Karlín
7980,23000,65,3+1,Praha 1 - Nové Město,Praha 1 - Nové Město
7981,11000,25,2+kk,Praha 4 - Michle,Praha 4 - Michle
7982,20000,44,3+kk,Praha 6 - Dejvice,Praha 6 - Dejvice
7983,29000,77,3+1,Praha 7 - Bubeneč,Praha 7 - Bubeneč
7984,14000,19,1+1,Praha 1 - Staré Město,Praha 1 - Staré Město
7985,9000,28,2+kk,Praha 8 - Karlín,Praha 8 - Karlín
7986,13000,47,2+kk,Praha 4 - Krč,Praha 4 - Krč
7987,10000,19,1+kk,Praha 4 - Chodov,Praha 4 - Chodov
7988,22000,44,2+1,Praha 10 - Vršovice,Praha 10 - Vršovice
7989,41000,67,4+kk,Praha 2 - Nusle,Praha 2 - Nusle
7990,16000,39,3+kk,Praha 9 - Horní Počernice,Praha 9 - Horní Počernice
7991,13000,27,1+kk,Praha 9 - Hloubětín,Praha 9 - Hloubětín
7992,8000,20,1+kk,Praha 6 - Břevnov,Praha 6 - Břevnov
7993,14000,61,4+kk,Praha 9 - Horní Počernice,Praha 9 - Horní Počernice
7994,14000,34,2+1,Praha 5 - Košíře,Praha 5 - Košíře
7995,11000,35,2+kk,Praha 9 - Horní Počernice,Praha 9 - Horní Počernice
7996,14000,29,2+1,Praha 6 - Dejvice,Praha 6 - Dejvice
7997,19000,39,2+kk,Praha 5 - Radlice,Praha 5 - Radlice
7998,14000,36,2+kk,Praha 4 - Modřany,Praha 4 - Modřany
7999,10000,25,1+1,Praha 3 - Žižkov,Praha 3 - Žižkov
8000,15000,47,3+1,Praha 5 - Smíchov,Praha 5 - Smíchov
8001,19000,41,3+kk,Praha 6 - Veleslavín,Praha 6 - Veleslavín
8002,11000,30,2+1,Praha 9 - Libeň,Praha 9 - Libeň
8003,8000,10,1+kk,Praha 9 - Vysočany,Praha 9 - Vysočany
8004,25000,62,5+1,Praha 5 - Stodůlky,Praha 5 - Stodůlky
8005,12000,40,2+kk,Praha 8 - Libeň,Praha 8 - Libeň
8006,11000,20,1+kk,Praha 5 - Košíře,Praha 5 - Košíře
8007,11000,24,1+1,Praha 10 - Vršovice,Praha 10 - Vršovice
8008,16000,53,4+1,Praha 9 - Černý Most,Praha 9 - Černý Most
8009,26000,57,3+kk,Praha 2 - Nové Město,Praha 2 - Nové Město
8010,16000,42,3+kk,Praha 5 - Stodůlky,Praha 5 - Stodůlky
8011,15000,25,2+kk,Praha 4 - Nusle,Praha 4 - Nusle
8012,14000,34,2+kk,Praha 10 - Vinohrady,Praha 10 - Vinohrady
8013,12000,26,2+kk,Praha 8 - Libeň,Praha 8 - Libeň
8014,14000,28,2+kk,Praha 4 - Michle,Praha 4 - Michle
8015,16000,35,2+1,Praha 6 - Vokovice,Praha 6 - Vokovice
8016,41000,62,3+kk,Praha 1 - Nové Město,Praha 1 - Nové Město
8017,13000,39,3+1,Praha 10 - Strašnice,Praha 10 - Strašnice
8018,11000,35,1+1,Praha 7 - Holešovice,Praha 7 - Holešovice
8019,10000,20,1+kk,Praha 5 - Košíře,Praha 5 - Košíře
8020,14000,20,1+kk,Praha 8 - Karlín,Praha 8 - Karlín
8021,15000,35,3+1,Praha 10 - Strašnice,Praha 10 - Strašnice
8022,11000,26,2+kk,Praha 5 - Stodůlky,Praha 5 - Stodůlky
8023,17000,34,2+kk,Praha 5 - Smíchov,Praha 5 - Smíchov
8024,13000,34,2+kk,Praha 5 - Stodůlky,Praha 5 - Stodůlky
8025,24000,48,3+1,Praha 2 - Nové Město,Praha 2 - Nové Město
8026,11000,10,other,Praha 5 - Hlubočepy,Praha 5 - Hlubočepy
8027,8000,8,1+kk,Praha 7 - Holešovice,Praha 7 - Holešovice
8028,25000,46,3+kk,Praha 9 - Hrdlořezy,Praha 9 - Hrdlořezy
8030,12000,33,2+kk,Praha 9 - Vysočany,Praha 9 - Vysočany
8031,4000,9,other,Praha 9 - Vysočany,Praha 9 - Vysočany
8032,31000,72,4+kk,Praha 1 - Nové Město,Praha 1 - Nové Město
8034,12000,23,2+kk,Praha 5 - Košíře,Praha 5 - Košíře
8035,10000,28,2+kk,Praha 6 - Řepy,Praha 6 - Řepy
8036,16000,45,3+kk,Praha 10 - Strašnice,Praha 10 - Strašnice
8037,13000,29,1+kk,Praha 4 - Nusle,Praha 4 - Nusle
8039,15000,21,2+kk,Praha 7 - Bubeneč,Praha 7 - Bubeneč
8041,14000,32,2+kk,Praha 5 - Smíchov,Praha 5 - Smíchov
8042,13000,36,2+kk,Praha 7 - Holešovice,Praha 7 - Holešovice
8043,11000,16,1+kk,Praha 8 - Troja,Praha 8 - Troja
8044,11000,17,1+kk,Praha 4 - Chodov,Praha 4 - Chodov
8045,13000,43,3+kk,Praha 10 - Strašnice,Praha 10 - Strašnice
8046,11000,12,1+kk,Praha 3 - Žižkov,Praha 3 - Žižkov
8047,35000,93,5+kk,Praha 1 - Nové Město,Praha 1 - Nové Město
8048,14000,26,2+kk,Praha 4 - Nusle,Praha 4 - Nusle
8050,18000,26,2+1,Praha 7 - Holešovice,Praha 7 - Holešovice
8051,11000,12,1+kk,Praha 3 - Žižkov,Praha 3 - Žižkov
8052,35000,93,5+kk,Praha 1 - Nové Město,Praha 1 - Nové Město
8053,14000,26,2+kk,Praha 4 - Nusle,Praha 4 - Nusle
8055,12000,23,2+kk,Praha 9 - Kyje,Praha 9 - Kyje
8056,59000,63,4+kk,Praha 3 - Vinohrady,Praha 3 - Vinohrady
8057,17000,45,2+kk,Praha 6 - Břevnov,Praha 6 - Břevnov
8058,12000,28,2+kk,Praha 5 - Hlubočepy,Praha 5 - Hlubočepy
8059,13000,32,2+kk,Praha 3 - Žižkov,Praha 3 - Žižkov
8060,38000,77,4+kk,Praha 1 - Nové Město,Praha 1 - Nové Město
8061,38000,101,4+kk,Praha 2 - Vinohrady,Praha 2 - Vinohrady
8062,17000,32,2+kk,Praha 3 - Žižkov,Praha 3 - Žižkov
8063,7000,46,2+1,Praha 10 - Strašnice,Praha 10 - Strašnice
8064,7000,45,2+1,Praha 10 - Strašnice,Praha 10 - Strašnice
8065,7000,44,3+1,Praha 10 - Strašnice,Praha 10 - Strašnice
8066,7000,42,3+1,Praha 10 - Záběhlice,Praha 10 - Záběhlice
8067,6000,38,3+1,Praha 10 - Strašnice,Praha 10 - Strašnice
8068,5000,33,2+1,Praha 10 - Strašnice,Praha 10 - Strašnice
8069,5000,32,2+1,Praha 10 - Strašnice,Praha 10 - Strašnice
8070,5000,31,2+1,Praha 10 - Strašnice,Praha 10 - Strašnice
8071,8000,48,4+1,Praha 10 - Strašnice,Praha 10 - Strašnice
8073,20000,53,3+kk,Praha 5 - Košíře,Praha 5 - Košíře
8074,14000,29,2+kk,Praha 9 - Vysočany,Praha 9 - Vysočany
8075,41000,67,4+kk,Praha 2 - Nusle,Praha 2 - Nusle
8076,38000,56,3+kk,Praha 2 - Nusle,Praha 2 - Nusle
8077,9000,10,other,Praha 5 - Hlubočepy,Praha 5 - Hlubočepy
8078,13000,33,2+kk,Praha 4 - Kamýk,Praha 4 - Kamýk
8079,10000,21,1+kk,Praha 10 - Záběhlice,Praha 10 - Záběhlice
8080,13000,36,3+kk,Praha 4 - Chodov,Praha 4 - Chodov
8081,14000,23,2+kk,Praha 2 - Nové Město,Praha 2 - Nové Město
8082,16000,41,3+kk,Praha 9 - Černý Most,Praha 9 - Černý Most
8083,11000,25,1+1,Praha 5 - Košíře,Praha 5 - Košíře
8085,10000,23,2+kk,Praha 5 - Košíře,Praha 5 - Košíře
8086,13000,39,2+1,Praha 5 - Smíchov,Praha 5 - Smíchov
8087,13000,24,2+kk,Praha 4 - Kamýk,Praha 4 - Kamýk
8089,14000,29,2+kk,Praha 9 - Vysočany,Praha 9 - Vysočany
8090,18000,62,4+1,Praha 9 - Černý Most,Praha 9 - Černý Most
8091,19000,49,3+1,Praha 2 - Vinohrady,Praha 2 - Vinohrady
8092,16000,35,2+kk,Praha 5 - Třebonice,Praha 5 - Třebonice
8093,19000,44,2+kk,Praha 5 - Třebonice,Praha 5 - Třebonice
8094,16000,35,2+kk,Praha 5 - Třebonice,Praha 5 - Třebonice
8095,24000,66,3+kk,Praha 5 - Třebonice,Praha 5 - Třebonice
8096,19000,44,2+kk,Praha 5 - Třebonice,Praha 5 - Třebonice
8097,14000,38,3+1,Praha 4 - Háje,Praha 4 - Háje
8098,10000,32,2+1,Praha 4 - Michle,Praha 4 - Michle
8099,11000,31,2+1,Praha 3 - Žižkov,Praha 3 - Žižkov
8100,15000,38,2+kk,Praha 4 - Modřany,Praha 4 - Modřany
8101,24000,48,3+1,Praha 2 - Nové Město,Praha 2 - Nové Město
8103,24000,48,3+1,Praha 2 - Nové Město,Praha 2 - Nové Město
8104,16000,48,3+1,Praha 5 - Stodůlky,Praha 5 - Stodůlky
8105,52000,58,3+kk,Praha 1 - Staré Město,Praha 1 - Staré Město
8106,11000,17,1+kk,Praha 3 - Vinohrady,Praha 3 - Vinohrady
8107,11000,178,1+kk,Praha 3 - Vinohrady,Praha 3 - Vinohrady
8108,32000,69,3+kk,Praha 1 - Nové Město,Praha 1 - Nové Město
8109,23000,51,2+kk,Praha 1 - Josefov,Praha 1 - Josefov
8110,21000,44,3+kk,Praha 1 - Josefov,Praha 1 - Josefov
8111,15000,22,1+kk,Praha 7 - Holešovice,Praha 7 - Holešovice
8112,10000,20,1+kk,Praha 3 - Žižkov,Praha 3 - Žižkov
8113,57000,117,5+1,Praha 1 - Staré Město,Praha 1 - Staré Město
8114,14000,48,3+1,Praha 4 - Krč,Praha 4 - Krč
8115,20000,44,3+kk,Praha 2 - Nové Město,Praha 2 - Nové Město
8116,8000,13,1+kk,Praha 9 - Vysočany,Praha 9 - Vysočany
8117,11000,23,1+1,Praha 4 - Podolí,Praha 4 - Podolí
8118,8000,10,other,Praha 10 - Vršovice,Praha 10 - Vršovice
8119,10000,26,2+kk,Praha 4 - Michle,Praha 4 - Michle
8120,7000,7,other,Praha 6 - Břevnov,Praha 6 - Břevnov
8121,19000,49,3+kk,Praha 4 - Chodov,Praha 4 - Chodov
8122,24000,75,4+1,Praha 6 - Bubeneč,Praha 6 - Bubeneč
8123,13000,20,2+kk,Praha 9 - Libeň,Praha 9 - Libeň
8124,14000,25,2+kk,Praha 5 - Stodůlky,Praha 5 - Stodůlky
8125,10000,19,1+kk,Praha 9 - Letňany,Praha 9 - Letňany
8127,38000,54,3+kk,Praha 3 - Vinohrady,Praha 3 - Vinohrady
8128,14000,29,2+kk,Praha 6 - Řepy,Praha 6 - Řepy
8130,13000,29,2+1,Praha 9 - Hloubětín,Praha 9 - Hloubětín
8131,10000,18,1+kk,Praha 5 - Stodůlky,Praha 5 - Stodůlky
8134,19000,27,2+kk,Praha 4 - Nusle,Praha 4 - Nusle
8135,11000,28,1+1,Praha 6 - Dejvice,Praha 6 - Dejvice
8136,12000,24,2+kk,Praha 10 - Dolní Měcholupy,Praha 10 - Dolní Měcholupy
8137,6000,14,1+kk,Praha 10 - Vršovice,Praha 10 - Vršovice
8140,38000,54,3+kk,Praha 3 - Vinohrady,Praha 3 - Vinohrady
8141,17000,50,4+kk,Praha 4 - Chodov,Praha 4 - Chodov
8142,11000,17,1+kk,Praha 3 - Vinohrady,Praha 3 - Vinohrady
8143,11000,17,1+kk,Praha 3 - Vinohrady,Praha 3 - Vinohrady
8144,15000,23,1+kk,Praha 3 - Vinohrady,Praha 3 - Vinohrady
8145,15000,41,2+1,Praha 5 - Košíře,Praha 5 - Košíře
8146,26000,55,3+kk,Praha 3 - Vinohrady,Praha 3 - Vinohrady
8147,14000,26,1+kk,Praha 10 - Vršovice,Praha 10 - Vršovice
8148,11000,28,2+kk,Praha 5 - Radotín,Praha 5 - Radotín
8149,26000,71,3+1,Praha 2 - Vinohrady,Praha 2 - Vinohrady
8150,15000,38,3+1,Praha 8 - Kobylisy,Praha 8 - Kobylisy
8152,29000,60,3+kk,Praha 1 - Nové Město,Praha 1 - Nové Město
8153,12000,41,2+kk,Praha 3 - Žižkov,Praha 3 - Žižkov
8154,7000,11,other,Praha 3 - Vinohrady,Praha 3 - Vinohrady
8155,9000,17,1+kk,Praha 9 - Libeň,Praha 9 - Libeň
8156,5000,9,other,Praha 3 - Vinohrady,Praha 3 - Vinohrady
8157,14000,40,2+1,Praha 2 - Vinohrady,Praha 2 - Vinohrady
8158,14000,45,2+kk,Praha 6 - Břevnov,Praha 6 - Břevnov
8159,10000,16,1+kk,Praha 4 - Háje,Praha 4 - Háje
8160,13000,25,2+kk,Praha 4 - Háje,Praha 4 - Háje
8161,10000,33,1+1,Praha 8 - Bohnice,Praha 8 - Bohnice
8162,17000,62,3+kk,Praha 10 - Strašnice,Praha 10 - Strašnice
8163,12000,32,2+kk,Praha 10 - Horní Měcholupy,Praha 10 - Horní Měcholupy
8164,20000,49,4+kk,Praha 5 - Smíchov,Praha 5 - Smíchov
8165,13000,22,1+kk,Praha 6 - Bubeneč,Praha 6 - Bubeneč
8166,11000,34,2+1,Praha 10 - Malešice,Praha 10 - Malešice
8167,13000,32,2+kk,Praha 4 - Chodov,Praha 4 - Chodov
8168,14000,31,2+kk,Praha 4 - Kamýk,Praha 4 - Kamýk
8169,9000,19,1+kk,Praha 9 - Hloubětín,Praha 9 - Hloubětín
8170,12000,29,2+kk,Praha 10 - Dolní Měcholupy,Praha 10 - Dolní Měcholupy
8171,15000,32,2+kk,Praha 10 - Malešice,Praha 10 - Malešice
8172,15000,22,1+kk,Praha 7 - Holešovice,Praha 7 - Holešovice
8173,17000,62,3+kk,Praha 10 - Strašnice,Praha 10 - Strašnice
8174,12000,32,2+kk,Praha 10 - Horní Měcholupy,Praha 10 - Horní Měcholupy
8175,20000,49,4+kk,Praha 5 - Smíchov,Praha 5 - Smíchov
8176,13000,22,1+kk,Praha 6 - Bubeneč,Praha 6 - Bubeneč
8177,11000,34,2+1,Praha 10 - Malešice,Praha 10 - Malešice
8178,13000,32,2+kk,Praha 4 - Chodov,Praha 4 - Chodov
8179,14000,31,2+kk,Praha 4 - Kamýk,Praha 4 - Kamýk
8180,9000,19,1+kk,Praha 9 - Hloubětín,Praha 9 - Hloubětín
8181,12000,29,2+kk,Praha 10 - Dolní Měcholupy,Praha 10 - Dolní Měcholupy
8182,15000,32,2+kk,Praha 10 - Malešice,Praha 10 - Malešice
8183,16000,34,2+kk,Praha 5 - Třebonice,Praha 5 - Třebonice
8184,12000,22,1+kk,Praha 3 - Žižkov,Praha 3 - Žižkov
8185,16000,43,2+1,Praha 3 - Žižkov,Praha 3 - Žižkov
8186,27000,60,3+kk,Praha 6 - Dejvice,Praha 6 - Dejvice
8187,12000,35,2+kk,Praha 10 - Uhříněves,Praha 10 - Uhříněves
8188,9000,20,1+kk,Praha 10 - Malešice,Praha 10 - Malešice
8189,10000,25,2+kk,Praha 4 - Chodov,Praha 4 - Chodov
8190,14000,34,2+kk,Praha 5 - Smíchov,Praha 5 - Smíchov
8191,9000,18,1+kk,Praha 9 - Vysočany,Praha 9 - Vysočany
8192,16000,48,3+kk,Praha 6 - Dejvice,Praha 6 - Dejvice
8193,14000,36,2+kk,Praha 4 - Podolí,Praha 4 - Podolí
8194,27000,63,4+kk,Praha 5 - Jinonice,Praha 5 - Jinonice
8195,29000,71,3+1,Praha 1 - Staré Město,Praha 1 - Staré Město
8196,20000,40,2+1,Praha 1 - Staré Město,Praha 1 - Staré Město
8197,11000,27,2+kk,Praha 8 - Libeň,Praha 8 - Libeň
8198,17000,30,2+kk,Praha 9 - Hloubětín,Praha 9 - Hloubětín
8199,29000,60,3+kk,Praha 1 - Nové Město,Praha 1 - Nové Město
8200,32000,59,4+kk,Praha 9 - Vysočany,Praha 9 - Vysočany
8201,16000,44,3+kk,Praha 4 - Kamýk,Praha 4 - Kamýk
8202,31000,72,4+kk,Praha 1 - Nové Město,Praha 1 - Nové Město
8203,23000,59,3+1,Praha 2 - Vinohrady,Praha 2 - Vinohrady
8204,13000,41,3+kk,Praha 5 - Hlubočepy,Praha 5 - Hlubočepy
8205,19000,32,2+kk,Praha 4 - Nusle,Praha 4 - Nusle
8206,12000,26,2+kk,Praha 3 - Vinohrady,Praha 3 - Vinohrady
8207,11000,34,2+1,Praha 10 - Malešice,Praha 10 - Malešice
8208,15000,42,3+1,Praha 9 - Černý Most,Praha 9 - Černý Most
8209,14000,26,2+kk,Praha 4 - Chodov,Praha 4 - Chodov
8210,29000,99,4+kk,Praha 9 - Prosek,Praha 9 - Prosek
8211,14000,16,1+kk,Praha 7 - Bubeneč,Praha 7 - Bubeneč
8212,11000,25,2+kk,Praha 5 - Stodůlky,Praha 5 - Stodůlky
8213,11000,28,2+kk,Praha 6 - Dejvice,Praha 6 - Dejvice
8214,20000,51,3+1,Praha 2 - Vinohrady,Praha 2 - Vinohrady
8215,18000,28,2+kk,Praha 6 - Bubeneč,Praha 6 - Bubeneč
8216,22000,69,4+kk,Praha 3 - Žižkov,Praha 3 - Žižkov
8217,18000,34,2+kk,Praha 4 - Nusle,Praha 4 - Nusle
8218,10000,25,2+kk,Praha 8 - Kobylisy,Praha 8 - Kobylisy
8219,11000,23,1+1,Praha 2 - Vinohrady,Praha 2 - Vinohrady
8220,8000,20,1+kk,Praha 4 - Nusle,Praha 4 - Nusle
8221,15000,38,3+kk,Praha 4 - Chodov,Praha 4 - Chodov
8222,11000,31,2+kk,Praha 5 - Radotín,Praha 5 - Radotín
8223,14000,29,2+kk,Praha 6 - Břevnov,Praha 6 - Břevnov
8224,31000,72,4+kk,Praha 1 - Nové Město,Praha 1 - Nové Město
8225,32000,73,4+1,Praha 5 - Smíchov,Praha 5 - Smíchov
8226,11000,31,2+kk,Praha 5 - Radotín,Praha 5 - Radotín
8227,20000,75,3+kk,Praha 10 - Hostivař,Praha 10 - Hostivař
8229,12000,25,1+1,Praha 3 - Žižkov,Praha 3 - Žižkov
8230,8000,15,1+kk,Praha 5 - Stodůlky,Praha 5 - Stodůlky
8231,11000,20,1+kk,Praha 3 - Žižkov,Praha 3 - Žižkov
8232,10000,29,2+kk,Praha 9 - Vysočany,Praha 9 - Vysočany
8233,15000,22,1+kk,Praha 7 - Holešovice,Praha 7 - Holešovice
8234,32000,35,2+kk,Praha 5 - Smíchov,Praha 5 - Smíchov
8235,13000,33,2+kk,Praha 4 - Kunratice,Praha 4 - Kunratice
8236,14000,31,3+kk,Praha 9 - Libeň,Praha 9 - Libeň
8237,26000,54,3+kk,Praha 4 - Háje,Praha 4 - Háje
8238,31000,72,3+kk,Praha 1 - Nové Město,Praha 1 - Nové Město
8239,11000,28,2+kk,Praha 10 - Vinohrady,Praha 10 - Vinohrady
8240,8000,16,1+kk,Praha 4 - Nusle,Praha 4 - Nusle
8241,13000,34,2+kk,Praha 5 - Zličín,Praha 5 - Zličín
8242,11000,14,other,Praha 10 - Strašnice,Praha 10 - Strašnice
8243,26000,62,3+1,Praha 1 - Nové Město,Praha 1 - Nové Město
8244,10000,11,other,Praha 10 - Strašnice,Praha 10 - Strašnice
8245,26000,57,3+kk,Praha 5 - Smíchov,Praha 5 - Smíchov
8246,23000,79,3+kk,Praha 5 - Smíchov,Praha 5 - Smíchov
8247,53000,71,4+kk,Praha 6 - Břevnov,Praha 6 - Břevnov
8248,11000,23,1+1,Praha 3 - Žižkov,Praha 3 - Žižkov
8249,11000,20,1+kk,Praha 9 - Vysočany,Praha 9 - Vysočany
8250,13000,20,1+1,Praha 3 - Žižkov,Praha 3 - Žižkov
8251,10000,19,1+kk,Praha 10 - Hostivař,Praha 10 - Hostivař
8252,16000,36,3+kk,Praha 4 - Michle,Praha 4 - Michle
8253,19000,52,3+kk,Praha 5 - Košíře,Praha 5 - Košíře
8254,18000,29,2+kk,Praha 3 - Žižkov,Praha 3 - Žižkov
8255,14000,28,2+kk,Praha 7 - Holešovice,Praha 7 - Holešovice
8256,11000,25,2+kk,Praha 7 - Holešovice,Praha 7 - Holešovice
8257,11000,20,1+kk,Praha 9 - Vysočany,Praha 9 - Vysočany
8258,14000,32,3+kk,Praha 2 - Nusle,Praha 2 - Nusle
8259,11000,25,1+kk,Praha 5 - Košíře,Praha 5 - Košíře
8260,11000,23,2+kk,Praha 3 - Vinohrady,Praha 3 - Vinohrady
8261,38000,101,4+kk,Praha 2 - Vinohrady,Praha 2 - Vinohrady
8262,13000,32,2+1,Praha 10,Praha 10
8263,14000,27,2+kk,Praha 5 - Košíře,Praha 5 - Košíře
8264,14000,36,2+kk,Praha 10 - Záběhlice,Praha 10 - Záběhlice
8265,14000,40,3+kk,Praha 4 - Kunratice,Praha 4 - Kunratice
8266,17000,39,2+kk,Praha 2 - Vinohrady,Praha 2 - Vinohrady
8267,25000,40,2+kk,Praha 3 - Žižkov,Praha 3 - Žižkov
8268,9000,26,2+kk,Praha 9 - Kyje,Praha 9 - Kyje
8269,16000,47,3+1,Praha 3 - Žižkov,Praha 3 - Žižkov
8270,15000,41,3+kk,Praha 3 - Žižkov,Praha 3 - Žižkov
8271,10000,35,2+kk,Praha 9 - Vysočany,Praha 9 - Vysočany
8272,38000,88,4+kk,Praha 1 - Staré Město,Praha 1 - Staré Město
8273,10000,18,1+kk,Praha 3 - Žižkov,Praha 3 - Žižkov
8274,16000,50,3+kk,Praha 5 - Košíře,Praha 5 - Košíře
8277,8000,14,1+kk,Praha 3 - Vinohrady,Praha 3 - Vinohrady
8278,12000,38,2+kk,Praha 5 - Košíře,Praha 5 - Košíře
8279,10000,20,1+kk,Praha 9 - Hloubětín,Praha 9 - Hloubětín
8280,19000,50,3+kk,Praha 8 - Libeň,Praha 8 - Libeň
8281,16000,42,3+1,Praha 10,Praha 10
8282,22000,63,3+1,Praha 6 - Veleslavín,Praha 6 - Veleslavín
8283,15000,29,2+kk,Praha 10 - Vršovice,Praha 10 - Vršovice
8284,29000,56,4+kk,Praha 1 - Nové Město,Praha 1 - Nové Město
8285,9000,21,1+1,Praha 10 - Záběhlice,Praha 10 - Záběhlice
8286,26000,36,2+kk,Praha 5 - Smíchov,Praha 5 - Smíchov
8287,14000,29,2+kk,Praha 10 - Uhříněves,Praha 10 - Uhříněves
8289,22000,68,4+kk,Praha 9 - Čakovice,Praha 9 - Čakovice
8290,14000,31,2+kk,Praha 5 - Hlubočepy,Praha 5 - Hlubočepy
8291,28000,56,3+kk,Praha 4,Praha 4
8292,10000,19,1+kk,Praha 5 - Smíchov,Praha 5 - Smíchov
8293,15000,20,1+1,Praha 1 - Nové Město,Praha 1 - Nové Město
8294,18000,26,2+1,Praha 7 - Holešovice,Praha 7 - Holešovice
8295,19000,34,2+kk,Praha 6,Praha 6
8296,19000,31,2+kk,Praha 8 - Libeň,Praha 8 - Libeň
8297,10000,19,1+kk,Praha 9 - Letňany,Praha 9 - Letňany
8298,9000,23,1+kk,Praha 4,Praha 4
8299,16000,40,3+kk,Praha 10 - Hostivař,Praha 10 - Hostivař
8300,15000,32,2+1,Praha 3 - Vinohrady,Praha 3 - Vinohrady
8301,25000,65,4+kk,Praha 9 - Prosek,Praha 9 - Prosek
8302,7000,12,1+kk,Praha 7 - Holešovice,Praha 7 - Holešovice
8303,12000,19,2+kk,Praha 9 - Libeň,Praha 9 - Libeň
8304,15000,47,3+1,Praha 9 - Libeň,Praha 9 - Libeň
8305,35000,95,4+kk,Praha 6 - Břevnov,Praha 6 - Břevnov
8306,10000,17,1+kk,Praha 2 - Nusle,Praha 2 - Nusle
8307,19000,51,3+kk,Praha 1 - Nové Město,Praha 1 - Nové Město
8308,11000,23,1+kk,Praha 9 - Vysočany,Praha 9 - Vysočany
8309,10000,22,1+kk,Praha 4 - Podolí,Praha 4 - Podolí
8310,17000,68,3+1,Praha 5 - Radotín,Praha 5 - Radotín
8311,8000,20,1+kk,Praha 10,Praha 10
8312,29000,95,2+kk,Praha 3 - Vinohrady,Praha 3 - Vinohrady
8313,11000,18,2+kk,Praha 10 - Hostivař,Praha 10 - Hostivař
8314,13000,41,2+kk,Praha 9 - Horní Počernice,Praha 9 - Horní Počernice
8315,13000,40,2+kk,Praha 9,Praha 9
8316,13000,25,2+kk,Praha 8 - Troja,Praha 8 - Troja
8317,13000,25,2+kk,Praha 7 - Holešovice,Praha 7 - Holešovice
8318,17000,28,2+kk,Praha 10 - Malešice,Praha 10 - Malešice
8319,11000,20,1+kk,Praha 10 - Malešice,Praha 10 - Malešice
8320,10000,19,1+kk,Praha 5 - Třebonice,Praha 5 - Třebonice
8321,10000,26,2+kk,Praha 3 - Žižkov,Praha 3 - Žižkov
8322,17000,56,3+1,Praha 8 - Karlín,Praha 8 - Karlín
8323,32000,75,3+kk,Praha 9 - Hrdlořezy,Praha 9 - Hrdlořezy
8324,21000,47,3+1,Praha 10,Praha 10
8325,12000,17,1+1,Praha 10,Praha 10
8326,13000,28,2+1,Praha 6 - Břevnov,Praha 6 - Břevnov
8327,13000,28,2+kk,Praha 4 - Hodkovičky,Praha 4 - Hodkovičky
8328,11000,23,2+1,Praha 4 - Krč,Praha 4 - Krč
8329,14000,29,2+kk,Praha 4 - Kamýk,Praha 4 - Kamýk
8330,17000,50,3+kk,Praha 4 - Krč,Praha 4 - Krč
8331,10000,22,1+kk,Praha 4 - Nusle,Praha 4 - Nusle
8332,13000,32,3+kk,Praha 4 - Braník,Praha 4 - Braník
8333,17000,39,3+kk,Praha 5 - Smíchov,Praha 5 - Smíchov
8334,14000,31,2+kk,Praha 4 - Kamýk,Praha 4 - Kamýk
8335,11000,25,2+1,Praha 8 - Karlín,Praha 8 - Karlín
8336,16000,33,2+kk,Praha 5 - Jinonice,Praha 5 - Jinonice
8337,17000,54,3+1,Praha 5 - Stodůlky,Praha 5 - Stodůlky
8338,18000,44,3+1,Praha 2 - Vinohrady,Praha 2 - Vinohrady
8339,15000,26,2+kk,Praha 4 - Nusle,Praha 4 - Nusle
8341,9000,14,1+kk,Praha 8 - Karlín,Praha 8 - Karlín
8342,13000,31,2+1,Praha 3 - Vinohrady,Praha 3 - Vinohrady
8343,10000,13,1+kk,Praha 3 - Žižkov,Praha 3 - Žižkov
8344,13000,37,2+1,Praha 3 - Žižkov,Praha 3 - Žižkov
8345,11000,28,2+kk,Praha 4 - Nusle,Praha 4 - Nusle
8346,17000,54,4+kk,Praha 4 - Chodov,Praha 4 - Chodov
8347,10000,17,1+kk,Praha 9 - Vysočany,Praha 9 - Vysočany
8348,14000,47,2+1,Praha 1 - Staré Město,Praha 1 - Staré Město
8349,11000,16,1+kk,Praha 2 - Vinohrady,Praha 2 - Vinohrady
8351,14000,39,3+kk,Praha 4 - Michle,Praha 4 - Michle
8352,14000,33,2+kk,Praha 5 - Smíchov,Praha 5 - Smíchov
8353,23000,38,2+kk,Praha 2 - Vinohrady,Praha 2 - Vinohrady
8354,13000,28,2+kk,Praha 9 - Hloubětín,Praha 9 - Hloubětín
8355,41000,67,4+kk,Praha 2 - Nusle,Praha 2 - Nusle
8356,9000,18,1+kk,Praha 6 - Břevnov,Praha 6 - Břevnov
8357,10000,13,1+kk,Praha 3 - Žižkov,Praha 3 - Žižkov
8358,13000,37,2+1,Praha 3 - Žižkov,Praha 3 - Žižkov
8359,11000,28,2+kk,Praha 4 - Nusle,Praha 4 - Nusle
8360,17000,54,4+kk,Praha 4 - Chodov,Praha 4 - Chodov
8361,10000,17,1+kk,Praha 9 - Vysočany,Praha 9 - Vysočany
8362,14000,47,2+1,Praha 1 - Staré Město,Praha 1 - Staré Město
8363,11000,16,1+kk,Praha 2 - Vinohrady,Praha 2 - Vinohrady
8365,14000,39,3+kk,Praha 4 - Michle,Praha 4 - Michle
8366,14000,33,2+kk,Praha 5 - Smíchov,Praha 5 - Smíchov
8367,23000,38,2+kk,Praha 2 - Vinohrady,Praha 2 - Vinohrady
8368,13000,28,2+kk,Praha 9 - Hloubětín,Praha 9 - Hloubětín
8370,14000,45,4+kk,Praha 4 - Modřany,Praha 4 - Modřany
8371,11000,26,2+kk,Praha 4 - Chodov,Praha 4 - Chodov
8372,30000,53,3+kk,Praha 3 - Žižkov,Praha 3 - Žižkov
8373,13000,23,2+kk,Praha 6 - Dejvice,Praha 6 - Dejvice
8374,11000,24,2+kk,Praha 4 - Michle,Praha 4 - Michle
8375,13000,41,3+kk,Praha 4 - Chodov,Praha 4 - Chodov
8376,17000,42,3+kk,Praha 10 - Strašnice,Praha 10 - Strašnice
8377,14000,41,3+kk,Praha 5 - Stodůlky,Praha 5 - Stodůlky
8378,35000,83,4+kk,Praha 2 - Vinohrady,Praha 2 - Vinohrady
8379,19000,42,3+kk,Praha 4 - Kamýk,Praha 4 - Kamýk
8380,38000,69,2+1,Praha 3 - Žižkov,Praha 3 - Žižkov
8381,12000,17,1+1,Praha 7 - Holešovice,Praha 7 - Holešovice
8382,22000,34,2+kk,Praha 6 - Veleslavín,Praha 6 - Veleslavín
8383,53000,70,atypické,Praha 2 - Vinohrady,Praha 2 - Vinohrady
8384,13000,29,2+kk,Praha 10 - Vršovice,Praha 10 - Vršovice
8385,19000,66,3+kk,Praha 10 - Dolní Měcholupy,Praha 10 - Dolní Měcholupy
8386,9000,15,1+kk,Praha 9 - Letňany,Praha 9 - Letňany
8387,9000,22,1+kk,Praha 9 - Letňany,Praha 9 - Letňany
8388,14000,26,2+kk,Praha 8 - Libeň,Praha 8 - Libeň
8389,16000,28,2+kk,Praha 1 - Josefov,Praha 1 - Josefov
8390,10000,25,2+kk,Praha 4 - Modřany,Praha 4 - Modřany
8391,29000,77,4+1,Praha 10 - Záběhlice,Praha 10 - Záběhlice
8392,47000,111,4+1,Praha 1 - Malá Strana,Praha 1 - Malá Strana
8393,17000,42,2+kk,Praha 1 - Nové Město,Praha 1 - Nové Město
8394,11000,29,1+kk,Praha 3 - Žižkov,Praha 3 - Žižkov
8395,22000,67,4+kk,Praha 4 - Kunratice,Praha 4 - Kunratice
8396,13000,39,2+kk,Praha 10 - Vršovice,Praha 10 - Vršovice
8397,10000,17,1+kk,Praha 8 - Libeň,Praha 8 - Libeň
8398,14000,28,2+kk,Praha 9 - Střížkov,Praha 9 - Střížkov
8399,11000,26,2+kk,Praha 5 - Stodůlky,Praha 5 - Stodůlky
8400,13000,34,1+1,Praha 6 - Bubeneč,Praha 6 - Bubeneč
8402,11000,25,2+kk,Praha 5 - Třebonice,Praha 5 - Třebonice
8403,47000,101,4+1,Praha 1 - Malá Strana,Praha 1 - Malá Strana
8404,11000,23,1+kk,Praha 9 - Vysočany,Praha 9 - Vysočany
8405,14000,45,3+kk,Praha 8 - Karlín,Praha 8 - Karlín
8406,35000,92,4+kk,Praha 1 - Nové Město,Praha 1 - Nové Město
8408,16000,45,3+kk,Praha 7 - Holešovice,Praha 7 - Holešovice
8409,12000,31,2+1,Praha 9 - Horní Počernice,Praha 9 - Horní Počernice
8410,14000,38,3+kk,Praha 4 - Kamýk,Praha 4 - Kamýk
8411,12000,38,3+kk,Praha 5 - Radotín,Praha 5 - Radotín
8413,18000,36,3+kk,Praha 9 - Vysočany,Praha 9 - Vysočany
8414,13000,38,3+1,Praha 8 - Kobylisy,Praha 8 - Kobylisy
8415,16000,45,2+kk,Praha 7 - Holešovice,Praha 7 - Holešovice
8416,15000,22,1+kk,Praha 7 - Holešovice,Praha 7 - Holešovice
8417,11000,26,2+kk,Praha 5 - Stodůlky,Praha 5 - Stodůlky
8418,38000,81,5+kk,Praha 4 - Krč,Praha 4 - Krč
8419,19000,36,2+kk,Praha 6 - Dejvice,Praha 6 - Dejvice
8420,23000,81,3+kk,Praha 3 - Žižkov,Praha 3 - Žižkov
8421,17000,45,2+kk,Praha 3 - Žižkov,Praha 3 - Žižkov
8422,31000,72,4+kk,Praha 1 - Nové Město,Praha 1 - Nové Město
8423,32000,35,2+kk,Praha 5 - Smíchov,Praha 5 - Smíchov
8424,13000,33,2+kk,Praha 4 - Kunratice,Praha 4 - Kunratice
8425,14000,31,3+kk,Praha 9 - Libeň,Praha 9 - Libeň
8426,26000,54,3+kk,Praha 4 - Háje,Praha 4 - Háje
8427,31000,72,3+kk,Praha 1 - Nové Město,Praha 1 - Nové Město
8428,11000,28,2+kk,Praha 10 - Vinohrady,Praha 10 - Vinohrady
8429,8000,16,1+kk,Praha 4 - Nusle,Praha 4 - Nusle
8430,13000,34,2+kk,Praha 5 - Zličín,Praha 5 - Zličín
8431,11000,14,other,Praha 10 - Strašnice,Praha 10 - Strašnice
8432,10000,11,other,Praha 10 - Strašnice,Praha 10 - Strašnice
8433,26000,57,3+kk,Praha 5 - Smíchov,Praha 5 - Smíchov
8434,23000,79,3+kk,Praha 5 - Smíchov,Praha 5 - Smíchov
8435,53000,71,4+kk,Praha 6 - Břevnov,Praha 6 - Břevnov
8436,11000,23,1+1,Praha 3 - Žižkov,Praha 3 - Žižkov
8437,11000,20,1+kk,Praha 9 - Vysočany,Praha 9 - Vysočany
8438,13000,20,1+1,Praha 3 - Žižkov,Praha 3 - Žižkov
8439,10000,19,1+kk,Praha 10 - Hostivař,Praha 10 - Hostivař
8440,16000,36,3+kk,Praha 4 - Michle,Praha 4 - Michle
8441,19000,52,3+kk,Praha 5 - Košíře,Praha 5 - Košíře
8442,18000,29,2+kk,Praha 3 - Žižkov,Praha 3 - Žižkov
8443,14000,28,2+kk,Praha 7 - Holešovice,Praha 7 - Holešovice
8444,11000,25,2+kk,Praha 7 - Holešovice,Praha 7 - Holešovice
8445,11000,20,1+kk,Praha 9 - Vysočany,Praha 9 - Vysočany
8446,11000,25,1+kk,Praha 5 - Košíře,Praha 5 - Košíře
8447,11000,23,2+kk,Praha 3 - Vinohrady,Praha 3 - Vinohrady
8448,38000,101,4+kk,Praha 2 - Vinohrady,Praha 2 - Vinohrady
8449,13000,32,2+1,Praha 10,Praha 10
8450,14000,27,2+kk,Praha 5 - Košíře,Praha 5 - Košíře
8451,14000,36,2+kk,Praha 10 - Záběhlice,Praha 10 - Záběhlice
8452,14000,40,3+kk,Praha 4 - Kunratice,Praha 4 - Kunratice
8453,25000,40,2+kk,Praha 3 - Žižkov,Praha 3 - Žižkov
8454,9000,26,2+kk,Praha 9 - Kyje,Praha 9 - Kyje
8455,15000,41,3+kk,Praha 3 - Žižkov,Praha 3 - Žižkov
8456,10000,35,2+kk,Praha 9 - Vysočany,Praha 9 - Vysočany
8457,16000,50,3+kk,Praha 5 - Košíře,Praha 5 - Košíře
8460,12000,38,2+kk,Praha 5 - Košíře,Praha 5 - Košíře
8461,10000,20,1+kk,Praha 9 - Hloubětín,Praha 9 - Hloubětín
8462,22000,63,3+1,Praha 6 - Veleslavín,Praha 6 - Veleslavín
8463,15000,29,2+kk,Praha 10 - Vršovice,Praha 10 - Vršovice
8464,29000,56,4+kk,Praha 1 - Nové Město,Praha 1 - Nové Město
8465,9000,21,1+1,Praha 10 - Záběhlice,Praha 10 - Záběhlice
8466,26000,36,2+kk,Praha 5 - Smíchov,Praha 5 - Smíchov
8467,14000,29,2+kk,Praha 10 - Uhříněves,Praha 10 - Uhříněves
8469,22000,68,4+kk,Praha 9 - Čakovice,Praha 9 - Čakovice
8470,14000,31,2+kk,Praha 5 - Hlubočepy,Praha 5 - Hlubočepy
8471,28000,56,3+kk,Praha 4,Praha 4
8472,10000,19,1+kk,Praha 5 - Smíchov,Praha 5 - Smíchov
8473,15000,20,1+1,Praha 1 - Nové Město,Praha 1 - Nové Město
8474,9000,23,1+kk,Praha 4,Praha 4
8475,16000,40,3+kk,Praha 10 - Hostivař,Praha 10 - Hostivař
8476,15000,32,2+1,Praha 3 - Vinohrady,Praha 3 - Vinohrady
8477,41000,67,4+kk,Praha 2 - Nusle,Praha 2 - Nusle
8478,12000,19,2+kk,Praha 9 - Libeň,Praha 9 - Libeň
8479,15000,47,3+1,Praha 9 - Libeň,Praha 9 - Libeň
8480,10000,17,1+kk,Praha 2 - Nusle,Praha 2 - Nusle
8481,10000,22,1+kk,Praha 4 - Podolí,Praha 4 - Podolí
8482,17000,68,3+1,Praha 5 - Radotín,Praha 5 - Radotín
8483,8000,20,1+kk,Praha 10,Praha 10
8484,29000,95,2+kk,Praha 3 - Vinohrady,Praha 3 - Vinohrady
8485,24000,70,4+kk,Praha 5 - Smíchov,Praha 5 - Smíchov
8486,11000,18,2+kk,Praha 10 - Hostivař,Praha 10 - Hostivař
8487,13000,41,2+kk,Praha 9 - Horní Počernice,Praha 9 - Horní Počernice
8488,13000,40,2+kk,Praha 9,Praha 9
8489,13000,25,2+kk,Praha 8 - Troja,Praha 8 - Troja
8490,13000,25,2+kk,Praha 7 - Holešovice,Praha 7 - Holešovice
8491,11000,20,1+kk,Praha 10 - Malešice,Praha 10 - Malešice
8492,10000,19,1+kk,Praha 5 - Třebonice,Praha 5 - Třebonice
8493,10000,26,2+kk,Praha 3 - Žižkov,Praha 3 - Žižkov
8494,32000,75,3+kk,Praha 9 - Hrdlořezy,Praha 9 - Hrdlořezy
8495,21000,47,3+1,Praha 10,Praha 10
8496,12000,17,1+1,Praha 10,Praha 10
8497,13000,28,2+kk,Praha 4 - Hodkovičky,Praha 4 - Hodkovičky
8498,11000,23,2+1,Praha 4 - Krč,Praha 4 - Krč
8499,14000,29,2+kk,Praha 4 - Kamýk,Praha 4 - Kamýk
8500,17000,50,3+kk,Praha 4 - Krč,Praha 4 - Krč
8501,13000,32,3+kk,Praha 4 - Braník,Praha 4 - Braník
8502,17000,39,3+kk,Praha 5 - Smíchov,Praha 5 - Smíchov
8503,14000,31,2+kk,Praha 4 - Kamýk,Praha 4 - Kamýk
8504,16000,33,2+kk,Praha 5 - Jinonice,Praha 5 - Jinonice
8505,17000,54,3+1,Praha 5 - Stodůlky,Praha 5 - Stodůlky
8506,18000,44,3+1,Praha 2 - Vinohrady,Praha 2 - Vinohrady
8507,15000,26,2+kk,Praha 4 - Nusle,Praha 4 - Nusle
8509,13000,31,2+1,Praha 3 - Vinohrady,Praha 3 - Vinohrady
8510,9000,18,1+kk,Praha 6 - Břevnov,Praha 6 - Břevnov
8511,10000,13,1+kk,Praha 3 - Žižkov,Praha 3 - Žižkov
8512,13000,37,2+1,Praha 3 - Žižkov,Praha 3 - Žižkov
8513,11000,28,2+kk,Praha 4 - Nusle,Praha 4 - Nusle
8514,10000,17,1+kk,Praha 9 - Vysočany,Praha 9 - Vysočany
8515,14000,47,2+1,Praha 1 - Staré Město,Praha 1 - Staré Město
8516,10000,16,1+kk,Praha 2 - Vinohrady,Praha 2 - Vinohrady
8518,14000,39,3+kk,Praha 4 - Michle,Praha 4 - Michle
8519,14000,33,2+kk,Praha 5 - Smíchov,Praha 5 - Smíchov
8520,23000,38,2+kk,Praha 2 - Vinohrady,Praha 2 - Vinohrady
8521,13000,28,2+kk,Praha 9 - Hloubětín,Praha 9 - Hloubětín
8523,14000,45,4+kk,Praha 4 - Modřany,Praha 4 - Modřany
8524,11000,26,2+kk,Praha 4 - Chodov,Praha 4 - Chodov
8525,30000,53,3+kk,Praha 3 - Žižkov,Praha 3 - Žižkov
8526,13000,23,2+kk,Praha 6 - Dejvice,Praha 6 - Dejvice
8527,11000,24,2+kk,Praha 4 - Michle,Praha 4 - Michle
8528,13000,41,3+kk,Praha 4 - Chodov,Praha 4 - Chodov
8529,17000,42,3+kk,Praha 10 - Strašnice,Praha 10 - Strašnice
8530,14000,41,3+kk,Praha 5 - Stodůlky,Praha 5 - Stodůlky
8531,19000,42,3+kk,Praha 4 - Kamýk,Praha 4 - Kamýk
8532,38000,69,2+1,Praha 3 - Žižkov,Praha 3 - Žižkov
8533,12000,17,1+1,Praha 7 - Holešovice,Praha 7 - Holešovice
8534,22000,34,2+kk,Praha 6 - Veleslavín,Praha 6 - Veleslavín
8535,53000,70,atypické,Praha 2 - Vinohrady,Praha 2 - Vinohrady
8536,13000,29,2+kk,Praha 10 - Vršovice,Praha 10 - Vršovice
8537,19000,66,3+kk,Praha 10 - Dolní Měcholupy,Praha 10 - Dolní Měcholupy
8538,41000,67,4+kk,Praha 2 - Nusle,Praha 2 - Nusle
8539,10000,17,1+kk,Praha 10 - Vršovice,Praha 10 - Vršovice
8540,8000,17,1+kk,Praha 7 - Holešovice,Praha 7 - Holešovice
8541,15000,57,3+1,Praha 5 - Smíchov,Praha 5 - Smíchov
8542,11000,17,1+kk,Praha 2 - Nusle,Praha 2 - Nusle
8543,37000,44,2+kk,Praha 5 - Smíchov,Praha 5 - Smíchov
8544,10000,17,1+kk,Praha 4 - Michle,Praha 4 - Michle
8545,17000,54,3+kk,Praha 10,Praha 10
8546,13000,28,2+kk,Praha 3 - Vinohrady,Praha 3 - Vinohrady
8547,14000,32,2+kk,Praha 4 - Chodov,Praha 4 - Chodov
8549,14000,29,2+kk,Praha 8 - Karlín,Praha 8 - Karlín
8550,23000,35,2+kk,Praha 5,Praha 5
8551,26000,44,2+kk,Praha 5 - Smíchov,Praha 5 - Smíchov
8552,10000,19,2+kk,Praha 10 - Záběhlice,Praha 10 - Záběhlice
8553,24000,41,2+1,Praha 1 - Nové Město,Praha 1 - Nové Město
8554,15000,14,1+kk,Praha 1 - Nové Město,Praha 1 - Nové Město
8555,11000,27,2+kk,Praha 8 - Troja,Praha 8 - Troja
8556,13000,24,1+kk,Praha 7 - Holešovice,Praha 7 - Holešovice
8557,8000,17,1+kk,Praha 4 - Braník,Praha 4 - Braník
8558,16000,38,2+kk,Praha 1 - Malá Strana,Praha 1 - Malá Strana
8559,14000,36,2+kk,Praha 5 - Stodůlky,Praha 5 - Stodůlky
8560,13000,32,2+kk,Praha 6 - Ruzyně,Praha 6 - Ruzyně
8561,21000,71,3+1,Praha 2 - Nové Město,Praha 2 - Nové Město
8562,14000,39,2+kk,Praha 5 - Radotín,Praha 5 - Radotín
8563,14000,28,2+1,Praha 3 - Vinohrady,Praha 3 - Vinohrady
8564,25000,54,4+kk,Praha 7 - Holešovice,Praha 7 - Holešovice
8565,17000,55,3+kk,Praha 3 - Vinohrady,Praha 3 - Vinohrady
8566,14000,44,3+kk,Praha 4 - Michle,Praha 4 - Michle
8567,13000,20,1+kk,Praha 10 - Strašnice,Praha 10 - Strašnice
8568,8000,10,1+kk,Praha 8 - Libeň,Praha 8 - Libeň
8570,14000,44,3+kk,Praha 9 - Střížkov,Praha 9 - Střížkov
8571,16000,20,1+kk,Praha 4 - Nusle,Praha 4 - Nusle
8572,13000,44,2+kk,Praha 10 - Horní Měcholupy,Praha 10 - Horní Měcholupy
8573,17000,35,2+kk,Praha 10,Praha 10
8574,30000,60,3+kk,Praha 1 - Staré Město,Praha 1 - Staré Město
8575,22000,32,2+1,Praha 2 - Vinohrady,Praha 2 - Vinohrady
8576,11000,26,2+kk,Praha 4 - Krč,Praha 4 - Krč
8578,13000,16,1+kk,Praha 4 - Nusle,Praha 4 - Nusle
8579,13000,23,2+kk,Praha 10 - Strašnice,Praha 10 - Strašnice
8580,17000,54,2+1,Praha 6,Praha 6
8581,19000,61,3+1,Praha 6 - Bubeneč,Praha 6 - Bubeneč
8582,15000,30,2+kk,Praha 3 - Žižkov,Praha 3 - Žižkov
8583,13000,36,2+1,Praha 6 - Bubeneč,Praha 6 - Bubeneč
8584,18000,41,2+kk,Praha 8 - Karlín,Praha 8 - Karlín
8585,17000,41,3+1,Praha 4 - Krč,Praha 4 - Krč
8586,10000,15,1+kk,Praha 1 - Nové Město,Praha 1 - Nové Město
8587,14000,36,2+1,Praha 8 - Karlín,Praha 8 - Karlín
8588,16000,37,3+kk,Praha 9 - Hloubětín,Praha 9 - Hloubětín
8589,17000,40,3+kk,Praha 4 - Nusle,Praha 4 - Nusle
8591,13000,27,1+1,Praha 2 - Nové Město,Praha 2 - Nové Město
8592,11000,26,2+kk,Praha 4 - Braník,Praha 4 - Braník
8593,19000,45,3+kk,Praha 5 - Stodůlky,Praha 5 - Stodůlky
8594,14000,24,2+kk,Praha 5 - Stodůlky,Praha 5 - Stodůlky
8595,11000,15,1+1,Praha 9 - Střížkov,Praha 9 - Střížkov
8596,14000,38,2+kk,Praha 10 - Vršovice,Praha 10 - Vršovice
8597,19000,36,2+kk,Praha 8 - Karlín,Praha 8 - Karlín
8598,12000,29,2+kk,Praha 4 - Podolí,Praha 4 - Podolí
8599,41000,67,4+kk,Praha 2 - Nusle,Praha 2 - Nusle
8600,17000,28,1+kk,Praha 6 - Bubeneč,Praha 6 - Bubeneč
8601,13000,32,2+kk,Praha 9 - Vysočany,Praha 9 - Vysočany
8602,14000,41,3+1,Praha 5 - Motol,Praha 5 - Motol
8603,11000,20,1+kk,Praha 9 - Vysočany,Praha 9 - Vysočany
8604,11000,17,1+kk,Praha 4 - Kamýk,Praha 4 - Kamýk
8605,11000,20,1+kk,Praha 9 - Vysočany,Praha 9 - Vysočany
8606,12000,23,2+1,Praha 4 - Michle,Praha 4 - Michle
8607,11000,20,1+kk,Praha 10 - Strašnice,Praha 10 - Strašnice
8608,15000,45,1+kk,Praha 8 - Karlín,Praha 8 - Karlín
8609,17000,48,3+kk,Praha 4 - Chodov,Praha 4 - Chodov
8610,19000,50,2+1,Praha 5 - Košíře,Praha 5 - Košíře
8611,19000,55,3+1,Praha 7 - Holešovice,Praha 7 - Holešovice
8612,10000,23,1+kk,Praha 3 - Žižkov,Praha 3 - Žižkov
8613,10000,20,1+kk,Praha 4 - Chodov,Praha 4 - Chodov
8614,14000,28,2+kk,Praha 8 - Kobylisy,Praha 8 - Kobylisy
8615,12000,28,2+kk,Praha 10 - Strašnice,Praha 10 - Strašnice
8616,12000,25,2+kk,Praha 2 - Vinohrady,Praha 2 - Vinohrady
8617,13000,33,2+kk,Praha 4 - Braník,Praha 4 - Braník
8618,23000,34,2+kk,Praha 4 - Kunratice,Praha 4 - Kunratice
8619,11000,19,1+kk,Praha 5 - Stodůlky,Praha 5 - Stodůlky
8621,13000,37,2+kk,Praha 10 - Vršovice,Praha 10 - Vršovice
8622,16000,32,2+kk,Praha 10 - Malešice,Praha 10 - Malešice
8623,16000,22,2+kk,Praha 4 - Nusle,Praha 4 - Nusle
8624,17000,29,2+kk,Praha 10 - Vršovice,Praha 10 - Vršovice
8625,12000,22,2+kk,Praha 5 - Radlice,Praha 5 - Radlice
8626,13000,44,3+kk,Praha 4 - Braník,Praha 4 - Braník
8627,11000,22,1+kk,Praha 9 - Prosek,Praha 9 - Prosek
8628,16000,25,2+kk,Praha 9 - Prosek,Praha 9 - Prosek
8629,19000,35,2+kk,Praha 10 - Vršovice,Praha 10 - Vršovice
8630,19000,48,4+kk,Praha 4 - Modřany,Praha 4 - Modřany
8631,11000,23,2+kk,Praha 2 - Nové Město,Praha 2 - Nové Město
8632,19000,54,2+1,Praha 2 - Vinohrady,Praha 2 - Vinohrady
8633,11000,13,1+kk,Praha 3 - Žižkov,Praha 3 - Žižkov
8634,17000,46,3+kk,Praha 5 - Stodůlky,Praha 5 - Stodůlky
8635,41000,50,3+kk,Praha 3 - Žižkov,Praha 3 - Žižkov
8636,10000,32,2+kk,Praha 5 - Smíchov,Praha 5 - Smíchov
8637,10000,26,1+1,Praha 5 - Smíchov,Praha 5 - Smíchov
8638,6000,7,other,Praha 2 - Nové Město,Praha 2 - Nové Město
8639,13000,34,2+kk,Praha 9 - Letňany,Praha 9 - Letňany
8640,13000,29,2+kk,Praha 4 - Kamýk,Praha 4 - Kamýk
8641,11000,27,1+kk,Praha 4 - Nusle,Praha 4 - Nusle
8642,15000,45,2+1,Praha 5 - Smíchov,Praha 5 - Smíchov
8643,9000,19,1+kk,Praha 5 - Stodůlky,Praha 5 - Stodůlky
8644,8000,19,1+kk,Praha 6 - Břevnov,Praha 6 - Břevnov
8645,14000,50,4+kk,Praha 4 - Braník,Praha 4 - Braník
8646,10000,22,1+kk,Praha 10 - Malešice,Praha 10 - Malešice
8647,14000,36,2+kk,Praha 9 - Vysočany,Praha 9 - Vysočany
8648,10000,26,1+kk,Praha 5 - Zbraslav,Praha 5 - Zbraslav
8649,13000,30,2+1,Praha 10 - Strašnice,Praha 10 - Strašnice
8650,9000,26,2+kk,Praha 3 - Žižkov,Praha 3 - Žižkov
8651,14000,25,2+kk,Praha 7 - Holešovice,Praha 7 - Holešovice
8652,13000,29,2+kk,Praha 4 - Modřany,Praha 4 - Modřany
8653,19000,71,3+kk,Praha 6 - Bubeneč,Praha 6 - Bubeneč
8654,11000,17,1+kk,Praha 5 - Smíchov,Praha 5 - Smíchov
8655,16000,41,2+kk,Praha 8 - Karlín,Praha 8 - Karlín
8656,26000,63,3+kk,Praha 6 - Vokovice,Praha 6 - Vokovice
8657,26000,191,5+kk,Praha 5 - Stodůlky,Praha 5 - Stodůlky
8658,13000,36,2+1,Praha 2 - Vinohrady,Praha 2 - Vinohrady
8659,12000,32,1+kk,Praha 9 - Vysočany,Praha 9 - Vysočany
8660,15000,22,1+kk,Praha 7 - Holešovice,Praha 7 - Holešovice
8661,19000,71,3+kk,Praha 6 - Bubeneč,Praha 6 - Bubeneč
8662,11000,17,1+kk,Praha 5 - Smíchov,Praha 5 - Smíchov
8663,16000,41,2+kk,Praha 8 - Karlín,Praha 8 - Karlín
8664,26000,63,3+kk,Praha 6 - Vokovice,Praha 6 - Vokovice
8665,26000,191,5+kk,Praha 5 - Stodůlky,Praha 5 - Stodůlky
8666,13000,36,2+1,Praha 2 - Vinohrady,Praha 2 - Vinohrady
8667,12000,32,1+kk,Praha 9 - Vysočany,Praha 9 - Vysočany
8668,13000,21,1+kk,Praha 3 - Žižkov,Praha 3 - Žižkov
8669,9000,14,1+kk,Praha 4 - Michle,Praha 4 - Michle
8670,11000,29,2+kk,Praha 8 - Libeň,Praha 8 - Libeň
8672,12000,25,1+kk,Praha 3 - Žižkov,Praha 3 - Žižkov
8673,10000,19,1+kk,Praha 2 - Vinohrady,Praha 2 - Vinohrady
8674,13000,32,3+1,Praha 9 - Prosek,Praha 9 - Prosek
8675,17000,36,2+1,Praha 1 - Staré Město,Praha 1 - Staré Město
8676,10000,17,1+kk,Praha 5 - Hlubočepy,Praha 5 - Hlubočepy
8677,32000,44,3+kk,Praha 2 - Vinohrady,Praha 2 - Vinohrady
8678,15000,26,2+kk,Praha 5 - Hlubočepy,Praha 5 - Hlubočepy
8680,20000,58,3+1,Praha 10 - Vršovice,Praha 10 - Vršovice
8681,26000,44,2+kk,Praha 5 - Smíchov,Praha 5 - Smíchov
8682,8000,7,other,Praha 6 - Bubeneč,Praha 6 - Bubeneč
8683,31000,42,2+kk,Praha 5 - Smíchov,Praha 5 - Smíchov
8684,58000,163,other,Praha 6 - Střešovice,Praha 6 - Střešovice
8685,58000,162,other,Praha 6 - Střešovice,Praha 6 - Střešovice
8686,10000,18,1+kk,Praha 3 - Žižkov,Praha 3 - Žižkov
8687,14000,30,2+kk,Praha 9 - Střížkov,Praha 9 - Střížkov
8688,17000,26,2+kk,Praha 2 - Vinohrady,Praha 2 - Vinohrady
8689,11000,28,2+1,Praha 4 - Krč,Praha 4 - Krč
8690,12000,23,2+kk,Praha 5 - Smíchov,Praha 5 - Smíchov
8691,16000,43,2+kk,Praha 1 - Nové Město,Praha 1 - Nové Město
8692,11000,29,1+kk,Praha 4 - Podolí,Praha 4 - Podolí
8693,13000,49,2+kk,Praha 9 - Vysočany,Praha 9 - Vysočany
8694,12000,23,2+kk,Praha 10 - Dolní Měcholupy,Praha 10 - Dolní Měcholupy
8695,20000,37,2+kk,Praha 10 - Strašnice,Praha 10 - Strašnice
8696,20000,47,3+1,Praha 2 - Nové Město,Praha 2 - Nové Město
8697,5000,10,other,Praha 9,Praha 9
8698,15000,42,3+1,Praha 4 - Braník,Praha 4 - Braník
8699,23000,73,4+kk,Praha 5 - Stodůlky,Praha 5 - Stodůlky
8700,26000,87,atypické,Praha 10 - Vinohrady,Praha 10 - Vinohrady
8701,35000,78,4+kk,Praha 2 - Vinohrady,Praha 2 - Vinohrady
8703,14000,29,2+kk,Praha 9 - Kyje,Praha 9 - Kyje
8704,8000,9,1+kk,Praha 5 - Jinonice,Praha 5 - Jinonice
8705,12000,35,2+kk,Praha 6 - Bubeneč,Praha 6 - Bubeneč
8706,11000,22,2+kk,Praha 5 - Smíchov,Praha 5 - Smíchov
8707,14000,22,2+kk,Praha 6 - Dejvice,Praha 6 - Dejvice
8708,23000,53,4+kk,Praha 3 - Žižkov,Praha 3 - Žižkov
8709,14000,31,2+1,Praha 6 - Břevnov,Praha 6 - Břevnov
8710,14000,27,2+kk,Praha 4 - Modřany,Praha 4 - Modřany
8711,35000,88,4+1,Praha 8 - Libeň,Praha 8 - Libeň
8712,13000,15,1+kk,Praha 4 - Nusle,Praha 4 - Nusle
8713,14000,42,2+1,Praha 5 - Smíchov,Praha 5 - Smíchov
8714,24000,47,3+kk,Praha 1 - Nové Město,Praha 1 - Nové Město
8715,14000,30,2+kk,Praha 5 - Stodůlky,Praha 5 - Stodůlky
8716,17000,47,3+kk,Praha 5 - Stodůlky,Praha 5 - Stodůlky
8717,32000,66,4+kk,Praha 5 - Smíchov,Praha 5 - Smíchov
8718,20000,34,2+kk,Praha 7 - Holešovice,Praha 7 - Holešovice
8719,6000,12,1+kk,Praha 5 - Smíchov,Praha 5 - Smíchov
8720,9000,18,1+kk,Praha 9 - Hloubětín,Praha 9 - Hloubětín
8721,41000,67,4+kk,Praha 2 - Nusle,Praha 2 - Nusle
8722,17000,45,3+kk,Praha 3 - Žižkov,Praha 3 - Žižkov
8723,19000,30,2+kk,Praha 1 - Malá Strana,Praha 1 - Malá Strana
8724,16000,42,3+kk,Praha 10 - Vršovice,Praha 10 - Vršovice
8725,13000,35,2+1,Praha 9 - Horní Počernice,Praha 9 - Horní Počernice
8726,14000,35,2+kk,Praha 10 - Michle,Praha 10 - Michle
8729,16000,51,4+1,Praha 5 - Stodůlky,Praha 5 - Stodůlky
8730,11000,24,2+kk,Praha 10 - Vršovice,Praha 10 - Vršovice
8731,9000,14,1+kk,Praha 5 - Zličín,Praha 5 - Zličín
8732,11000,17,1+kk,Praha 4 - Nusle,Praha 4 - Nusle
8733,13000,29,1+kk,Praha 4 - Nusle,Praha 4 - Nusle
8734,15000,35,2+kk,Praha 4 - Michle,Praha 4 - Michle
8735,13000,30,2+1,Praha 3 - Žižkov,Praha 3 - Žižkov
8736,11000,31,2+1,Praha 10 - Malešice,Praha 10 - Malešice
8737,17000,35,2+kk,Praha 5 - Košíře,Praha 5 - Košíře
8738,7000,10,other,Praha 4 - Michle,Praha 4 - Michle
8739,11000,29,2+kk,Praha 4 - Michle,Praha 4 - Michle
8740,7000,10,other,Praha 6 - Břevnov,Praha 6 - Břevnov
8741,4000,7,other,Praha 6 - Břevnov,Praha 6 - Břevnov
8742,11000,17,2+1,Praha 6 - Břevnov,Praha 6 - Břevnov
8743,10000,18,1+kk,Praha 5 - Hlubočepy,Praha 5 - Hlubočepy
8744,8000,23,1+1,Praha 4 - Krč,Praha 4 - Krč
8745,10000,17,1+kk,Praha 5 - Hlubočepy,Praha 5 - Hlubočepy
8746,17000,45,3+1,Praha 8 - Karlín,Praha 8 - Karlín
8747,12000,26,2+kk,Praha 2 - Nové Město,Praha 2 - Nové Město
8748,19000,35,2+kk,Praha 2 - Vinohrady,Praha 2 - Vinohrady
8749,33000,63,3+kk,Praha 2 - Vinohrady,Praha 2 - Vinohrady
8750,15000,44,3+kk,Praha 8 - Bohnice,Praha 8 - Bohnice
8753,17000,40,2+kk,Praha 8 - Libeň,Praha 8 - Libeň
8754,9000,14,1+kk,Praha 2 - Nusle,Praha 2 - Nusle
8755,27000,59,4+kk,Praha 5 - Jinonice,Praha 5 - Jinonice
8756,13000,37,3+kk,Praha 4 - Braník,Praha 4 - Braník
8757,14000,43,3+1,Praha 10 - Hostivař,Praha 10 - Hostivař
8758,10000,18,1+kk,Praha 9 - Vysočany,Praha 9 - Vysočany
8759,11000,22,1+kk,Praha 10 - Vršovice,Praha 10 - Vršovice
8760,13000,36,2+1,Praha 9 - Letňany,Praha 9 - Letňany
8761,23000,50,3+kk,Praha 2 - Vinohrady,Praha 2 - Vinohrady
8762,13000,24,1+1,Praha 2 - Nové Město,Praha 2 - Nové Město
8763,10000,16,1+kk,Praha 2 - Nusle,Praha 2 - Nusle
8764,20000,50,2+1,Praha 1 - Nové Město,Praha 1 - Nové Město
8765,17000,25,2+kk,Praha 1 - Nové Město,Praha 1 - Nové Město
8766,16000,17,1+kk,Praha 1 - Nové Město,Praha 1 - Nové Město
8767,18000,61,4+kk,Praha 5 - Motol,Praha 5 - Motol
8768,12000,26,2+kk,Praha 10 - Záběhlice,Praha 10 - Záběhlice
8769,10000,19,1+kk,Praha 6 - Břevnov,Praha 6 - Břevnov
8770,29000,89,5+kk,Praha 10 - Strašnice,Praha 10 - Strašnice
8771,13000,31,2+kk,Praha 9 - Vysočany,Praha 9 - Vysočany
8772,11000,29,2+1,Praha 8 - Libeň,Praha 8 - Libeň
8773,17000,25,2+kk,Praha 8 - Karlín,Praha 8 - Karlín
8774,15000,29,2+kk,Praha 9 - Vysočany,Praha 9 - Vysočany
8775,8000,20,other,Praha 9,Praha 9
8776,8000,20,1+kk,Praha 8 - Karlín,Praha 8 - Karlín
8777,22000,44,3+kk,Praha 7 - Holešovice,Praha 7 - Holešovice
8778,14000,28,1+kk,Praha 10 - Vinohrady,Praha 10 - Vinohrady
8779,14000,40,3+kk,Praha 4 - Nusle,Praha 4 - Nusle
8780,11000,44,3+kk,Praha 2 - Vinohrady,Praha 2 - Vinohrady
8781,14000,41,3+1,Praha 8 - Kobylisy,Praha 8 - Kobylisy
8782,41000,67,4+kk,Praha 2 - Nusle,Praha 2 - Nusle
8783,14000,36,2+kk,Praha 9 - Vysočany,Praha 9 - Vysočany
8784,10000,26,1+kk,Praha 5 - Zbraslav,Praha 5 - Zbraslav
8785,9000,26,2+kk,Praha 3 - Žižkov,Praha 3 - Žižkov
8786,16000,25,2+kk,Praha 9 - Prosek,Praha 9 - Prosek
8787,11000,22,1+kk,Praha 9 - Prosek,Praha 9 - Prosek
8788,19000,71,3+kk,Praha 6 - Bubeneč,Praha 6 - Bubeneč
8789,11000,17,1+kk,Praha 5 - Smíchov,Praha 5 - Smíchov
8790,16000,41,2+kk,Praha 8 - Karlín,Praha 8 - Karlín
8791,26000,63,3+kk,Praha 6 - Vokovice,Praha 6 - Vokovice
8792,26000,191,5+kk,Praha 5 - Stodůlky,Praha 5 - Stodůlky
8793,13000,36,2+1,Praha 2 - Vinohrady,Praha 2 - Vinohrady
8794,12000,32,1+kk,Praha 9 - Vysočany,Praha 9 - Vysočany
8795,13000,21,1+kk,Praha 3 - Žižkov,Praha 3 - Žižkov
8796,9000,14,1+kk,Praha 4 - Michle,Praha 4 - Michle
8797,11000,29,2+kk,Praha 8 - Libeň,Praha 8 - Libeň
8799,12000,25,1+kk,Praha 3 - Žižkov,Praha 3 - Žižkov
8800,10000,19,1+kk,Praha 2 - Vinohrady,Praha 2 - Vinohrady
8801,13000,32,3+1,Praha 9 - Prosek,Praha 9 - Prosek
8802,17000,36,2+1,Praha 1 - Staré Město,Praha 1 - Staré Město
8803,10000,17,1+kk,Praha 5 - Hlubočepy,Praha 5 - Hlubočepy
8804,32000,44,3+kk,Praha 2 - Vinohrady,Praha 2 - Vinohrady
8805,15000,26,2+kk,Praha 5 - Hlubočepy,Praha 5 - Hlubočepy
8807,20000,58,3+1,Praha 10 - Vršovice,Praha 10 - Vršovice
8808,26000,44,2+kk,Praha 5 - Smíchov,Praha 5 - Smíchov
8809,8000,7,other,Praha 6 - Bubeneč,Praha 6 - Bubeneč
8810,31000,42,2+kk,Praha 5 - Smíchov,Praha 5 - Smíchov
8811,58000,163,other,Praha 6 - Střešovice,Praha 6 - Střešovice
8812,58000,162,other,Praha 6 - Střešovice,Praha 6 - Střešovice
8813,10000,18,1+kk,Praha 3 - Žižkov,Praha 3 - Žižkov
8814,14000,30,2+kk,Praha 9 - Střížkov,Praha 9 - Střížkov
8815,17000,26,2+kk,Praha 2 - Vinohrady,Praha 2 - Vinohrady
8816,11000,28,2+1,Praha 4 - Krč,Praha 4 - Krč
8817,12000,23,2+kk,Praha 5 - Smíchov,Praha 5 - Smíchov
8818,11000,29,1+kk,Praha 4 - Podolí,Praha 4 - Podolí
8819,13000,49,2+kk,Praha 9 - Vysočany,Praha 9 - Vysočany
8820,12000,23,2+kk,Praha 10 - Dolní Měcholupy,Praha 10 - Dolní Měcholupy
8821,20000,37,2+kk,Praha 10 - Strašnice,Praha 10 - Strašnice
8822,20000,47,3+1,Praha 2 - Nové Město,Praha 2 - Nové Město
8823,13000,32,2+kk,Praha 10 - Vršovice,Praha 10 - Vršovice
8824,13000,29,2+kk,Praha 4 - Kamýk,Praha 4 - Kamýk
8825,23000,77,4+kk,Praha 7 - Bubeneč,Praha 7 - Bubeneč
8826,15000,42,3+1,Praha 4 - Braník,Praha 4 - Braník
8827,23000,73,4+kk,Praha 5 - Stodůlky,Praha 5 - Stodůlky
8828,26000,87,atypické,Praha 10 - Vinohrady,Praha 10 - Vinohrady
8830,14000,29,2+kk,Praha 9 - Kyje,Praha 9 - Kyje
8831,8000,9,1+kk,Praha 5 - Jinonice,Praha 5 - Jinonice
8832,12000,35,2+kk,Praha 6 - Bubeneč,Praha 6 - Bubeneč
8833,11000,22,2+kk,Praha 5 - Smíchov,Praha 5 - Smíchov
8834,14000,22,2+kk,Praha 6 - Dejvice,Praha 6 - Dejvice
8835,23000,53,4+kk,Praha 3 - Žižkov,Praha 3 - Žižkov
8836,14000,31,2+1,Praha 6 - Břevnov,Praha 6 - Břevnov
8837,14000,27,2+kk,Praha 4 - Modřany,Praha 4 - Modřany
8838,35000,88,4+1,Praha 8 - Libeň,Praha 8 - Libeň
8839,13000,15,1+kk,Praha 4 - Nusle,Praha 4 - Nusle
8840,14000,42,2+1,Praha 5 - Smíchov,Praha 5 - Smíchov
8841,24000,47,3+kk,Praha 1 - Nové Město,Praha 1 - Nové Město
8842,14000,30,2+kk,Praha 5 - Stodůlky,Praha 5 - Stodůlky
8843,18000,26,2+1,Praha 7 - Holešovice,Praha 7 - Holešovice
8844,8000,17,1+kk,Praha 9 - Letňany,Praha 9 - Letňany
8845,14000,30,2+1,Praha 10 - Vršovice,Praha 10 - Vršovice
8846,11000,32,2+kk,Praha 9 - Kbely,Praha 9 - Kbely
8847,28000,51,3+kk,Praha 8 - Libeň,Praha 8 - Libeň
8848,15000,55,3+1,Praha 8 - Troja,Praha 8 - Troja
8849,17000,45,3+1,Praha 10 - Záběhlice,Praha 10 - Záběhlice
8850,11000,20,1+kk,Praha 4 - Krč,Praha 4 - Krč
8851,22000,61,4+1,Praha 1 - Nové Město,Praha 1 - Nové Město
8852,22000,65,3+1,Praha 1 - Nové Město,Praha 1 - Nové Město
8853,7000,11,1+kk,Praha 5 - Hlubočepy,Praha 5 - Hlubočepy
8855,29000,84,4+kk,Praha 9 - Hrdlořezy,Praha 9 - Hrdlořezy
8856,10000,18,1+kk,Praha 10 - Záběhlice,Praha 10 - Záběhlice
8857,14000,46,3+1,Praha 4 - Kamýk,Praha 4 - Kamýk
8858,27000,96,4+kk,Praha 2 - Nové Město,Praha 2 - Nové Město
8859,14000,32,2+1,Praha 5 - Smíchov,Praha 5 - Smíchov
8861,14000,32,2+1,Praha 6 - Břevnov,Praha 6 - Břevnov
8862,17000,48,2+1,Praha 3 - Vinohrady,Praha 3 - Vinohrady
8864,15000,50,3+1,Praha 5 - Smíchov,Praha 5 - Smíchov
8865,19000,28,2+kk,Praha 3,Praha 3
8866,16000,39,3+1,Praha 10 - Strašnice,Praha 10 - Strašnice
8867,11000,29,2+kk,Praha 5 - Stodůlky,Praha 5 - Stodůlky
8868,26000,57,3+kk,Praha 2 - Nové Město,Praha 2 - Nové Město
8869,19000,32,2+kk,Praha 6 - Řepy,Praha 6 - Řepy
8870,17000,50,3+kk,Praha 7 - Holešovice,Praha 7 - Holešovice
8872,13000,42,3+kk,Praha 8 - Bohnice,Praha 8 - Bohnice
8873,22000,47,3+kk,Praha 5 - Jinonice,Praha 5 - Jinonice
8874,14000,42,3+kk,Praha 8 - Libeň,Praha 8 - Libeň
8875,11000,24,2+kk,Praha 10 - Dolní Měcholupy,Praha 10 - Dolní Měcholupy
8876,14000,36,2+1,Praha 6 - Dejvice,Praha 6 - Dejvice
8877,24000,45,3+kk,Praha 1 - Nové Město,Praha 1 - Nové Město
8878,13000,23,1+kk,Praha 8 - Karlín,Praha 8 - Karlín
8879,17000,31,2+kk,Praha 3,Praha 3
8880,14000,48,2+1,Praha 3 - Vinohrady,Praha 3 - Vinohrady
8881,9000,22,1+kk,Praha 10 - Vršovice,Praha 10 - Vršovice
8882,21000,52,3+kk,Praha 9 - Vysočany,Praha 9 - Vysočany
8883,14000,31,2+kk,Praha 5,Praha 5
8884,33000,45,3+1,Praha 2 - Vinohrady,Praha 2 - Vinohrady
8885,16000,20,2+kk,Praha 1 - Nové Město,Praha 1 - Nové Město
8886,29000,60,3+kk,Praha 4 - Nusle,Praha 4 - Nusle
8887,11000,14,1+kk,Praha 3 - Vinohrady,Praha 3 - Vinohrady
8888,10000,32,2+1,Praha 9 - Hloubětín,Praha 9 - Hloubětín
8889,14000,31,2+kk,Praha 10 - Vršovice,Praha 10 - Vršovice
8890,13000,32,2+1,Praha 10 - Vršovice,Praha 10 - Vršovice
8892,28000,70,3+1,Praha 2 - Vinohrady,Praha 2 - Vinohrady
8893,58000,107,4+1,Praha 2 - Nové Město,Praha 2 - Nové Město
8894,8000,14,1+kk,Praha 5 - Smíchov,Praha 5 - Smíchov
8895,20000,56,3+kk,Praha 5 - Jinonice,Praha 5 - Jinonice
8896,13000,36,3+kk,Praha 6 - Ruzyně,Praha 6 - Ruzyně
8897,16000,41,3+kk,Praha 5 - Košíře,Praha 5 - Košíře
8898,14000,30,3+kk,Praha 8 - Troja,Praha 8 - Troja
8899,33000,45,3+kk,Praha 4 - Modřany,Praha 4 - Modřany
8900,11000,29,2+kk,Praha 9 - Vysočany,Praha 9 - Vysočany
8901,26000,47,2+kk,Praha 1 - Nové Město,Praha 1 - Nové Město
8902,20000,29,2+kk,Praha 1 - Nové Město,Praha 1 - Nové Město
8903,12000,13,1+kk,Praha 9 - Vysočany,Praha 9 - Vysočany
8904,18000,26,2+1,Praha 7 - Holešovice,Praha 7 - Holešovice
8905,4000,7,other,Praha 6 - Břevnov,Praha 6 - Břevnov
8906,8000,10,other,Praha 6 - Břevnov,Praha 6 - Břevnov
8907,41000,65,3+kk,Praha 7 - Holešovice,Praha 7 - Holešovice
8908,12000,19,1+kk,Praha 9 - Vysočany,Praha 9 - Vysočany
8909,11000,27,2+kk,Praha 3 - Žižkov,Praha 3 - Žižkov
8910,8000,20,1+kk,Praha 8 - Libeň,Praha 8 - Libeň
8911,38000,62,3+kk,Praha 1 - Staré Město,Praha 1 - Staré Město
8912,35000,72,2+1,Praha 5 - Malá Strana,Praha 5 - Malá Strana
8913,15000,37,3+1,Praha 4 - Michle,Praha 4 - Michle
8914,12000,26,2+kk,Praha 7 - Holešovice,Praha 7 - Holešovice
8915,23000,68,3+kk,Praha 5 - Smíchov,Praha 5 - Smíchov
8916,17000,20,2+kk,Praha 5 - Smíchov,Praha 5 - Smíchov
8917,11000,29,2+kk,Praha 5 - Smíchov,Praha 5 - Smíchov
8918,53000,71,3+kk,Praha 4 - Krč,Praha 4 - Krč
8919,13000,41,2+1,Praha 9 - Vysočany,Praha 9 - Vysočany
8920,13000,31,2+1,Praha 4 - Nusle,Praha 4 - Nusle
8921,11000,32,3+kk,Praha 4 - Krč,Praha 4 - Krč
8922,10000,15,1+kk,Praha 6 - Střešovice,Praha 6 - Střešovice
8923,13000,38,3+1,Praha 4 - Háje,Praha 4 - Háje
8924,29000,72,4+1,Praha 2 - Nové Město,Praha 2 - Nové Město
8925,10000,17,1+kk,Praha 6 - Střešovice,Praha 6 - Střešovice
8926,11000,34,2+1,Praha 9 - Hloubětín,Praha 9 - Hloubětín
8927,11000,18,1+kk,Praha 1 - Nové Město,Praha 1 - Nové Město
8928,13000,41,3+kk,Praha 4 - Braník,Praha 4 - Braník
8929,8000,11,1+kk,Praha 10 - Strašnice,Praha 10 - Strašnice
8930,11000,22,2+kk,Praha 5 - Smíchov,Praha 5 - Smíchov
8931,11000,23,2+kk,Praha 5 - Smíchov,Praha 5 - Smíchov
8932,47000,72,3+kk,Praha 4 - Krč,Praha 4 - Krč
8933,12000,29,2+kk,Praha 5 - Smíchov,Praha 5 - Smíchov
8934,19000,27,2+kk,Praha 8 - Karlín,Praha 8 - Karlín
8935,7000,11,1+kk,Praha 5 - Smíchov,Praha 5 - Smíchov
8936,16000,38,2+1,Praha 5 - Smíchov,Praha 5 - Smíchov
8937,26000,65,3+kk,Praha 7 - Holešovice,Praha 7 - Holešovice
8938,16000,19,2+kk,Praha 1 - Nové Město,Praha 1 - Nové Město
8939,16000,36,2+kk,Praha 7 - Holešovice,Praha 7 - Holešovice
8940,19000,35,2+kk,Praha 1 - Staré Město,Praha 1 - Staré Město
8941,5000,6,other,Praha 9 - Prosek,Praha 9 - Prosek
8942,53000,120,4+kk,Praha 5 - Smíchov,Praha 5 - Smíchov
8943,17000,40,3+kk,Praha 3 - Žižkov,Praha 3 - Žižkov
8945,16000,44,3+1,Praha 4 - Chodov,Praha 4 - Chodov
8946,8000,22,1+1,Praha 4 - Michle,Praha 4 - Michle
8947,50000,170,5+1,Praha 5 - Malá Strana,Praha 5 - Malá Strana
8948,29000,63,3+kk,Praha 5 - Smíchov,Praha 5 - Smíchov
8949,9000,21,1+1,Praha 4 - Krč,Praha 4 - Krč
8950,17000,41,2+kk,Praha 5 - Zličín,Praha 5 - Zličín
8953,21000,63,3+kk,Praha 2 - Vinohrady,Praha 2 - Vinohrady
8954,15000,29,3+kk,Praha 9 - Letňany,Praha 9 - Letňany
8955,9000,16,1+kk,Praha 7 - Holešovice,Praha 7 - Holešovice
8956,8000,22,1+kk,Praha 9 - Čakovice,Praha 9 - Čakovice
8957,21000,50,2+kk,Praha 3 - Žižkov,Praha 3 - Žižkov
8958,11000,20,1+kk,Praha 9 - Vysočany,Praha 9 - Vysočany
8959,14000,38,2+1,Praha 3 - Žižkov,Praha 3 - Žižkov
8960,13000,29,2+kk,Praha 10 - Strašnice,Praha 10 - Strašnice
8961,11000,26,2+kk,Praha 8 - Libeň,Praha 8 - Libeň
8962,21000,42,2+1,Praha 1 - Malá Strana,Praha 1 - Malá Strana
8963,13000,31,2+kk,Praha 9 - Letňany,Praha 9 - Letňany
8964,14000,26,2+1,Praha 6 - Bubeneč,Praha 6 - Bubeneč
8965,15000,22,1+kk,Praha 7 - Holešovice,Praha 7 - Holešovice
8966,13000,31,2+kk,Praha 9 - Letňany,Praha 9 - Letňany
8967,14000,26,2+1,Praha 6 - Bubeneč,Praha 6 - Bubeneč
8968,18000,29,2+kk,Praha 2 - Nové Město,Praha 2 - Nové Město
8969,11000,19,1+kk,Praha 5 - Stodůlky,Praha 5 - Stodůlky
8970,14000,32,2+kk,Praha 5 - Stodůlky,Praha 5 - Stodůlky
8971,11000,31,2+1,Praha 10 - Malešice,Praha 10 - Malešice
8972,20000,46,3+kk,Praha 10 - Dolní Měcholupy,Praha 10 - Dolní Měcholupy
8973,10000,19,1+kk,Praha 9 - Vysočany,Praha 9 - Vysočany
8974,9000,13,1+kk,Praha 5 - Košíře,Praha 5 - Košíře
8975,50000,170,5+1,Praha 5 - Malá Strana,Praha 5 - Malá Strana
8976,9000,15,1+kk,Praha 3 - Žižkov,Praha 3 - Žižkov
8978,9000,14,1+kk,Praha 9 - Libeň,Praha 9 - Libeň
8979,19000,51,3+kk,Praha 10 - Vršovice,Praha 10 - Vršovice
8980,18000,30,2+1,Praha 4 - Nusle,Praha 4 - Nusle
8981,16000,50,3+kk,Praha 10 - Hostivař,Praha 10 - Hostivař
8982,10000,24,2+kk,Praha 4 - Michle,Praha 4 - Michle
8983,11000,19,1+kk,Praha 3 - Žižkov,Praha 3 - Žižkov
8984,9000,28,2+kk,Praha 5 - Košíře,Praha 5 - Košíře
8985,15000,56,3+kk,Praha 5 - Zličín,Praha 5 - Zličín
8986,9000,10,1+kk,Praha 10 - Vinohrady,Praha 10 - Vinohrady
8987,14000,40,3+1,Praha 5 - Hlubočepy,Praha 5 - Hlubočepy
8988,13000,27,2+kk,Praha 5 - Třebonice,Praha 5 - Třebonice
8989,13000,11,1+kk,Praha 5 - Smíchov,Praha 5 - Smíchov
8990,18000,35,2+kk,Praha 2 - Vinohrady,Praha 2 - Vinohrady
8991,13000,35,3+kk,Praha 10 - Hostivař,Praha 10 - Hostivař
8992,14000,29,2+kk,Praha 2 - Vinohrady,Praha 2 - Vinohrady
8993,14000,26,1+1,Praha 3 - Vinohrady,Praha 3 - Vinohrady
8995,12000,31,2+1,Praha 3 - Žižkov,Praha 3 - Žižkov
8996,12000,19,1+kk,Praha 9 - Vysočany,Praha 9 - Vysočany
8997,12000,31,2+kk,Praha 5 - Košíře,Praha 5 - Košíře
8998,14000,31,2+1,Praha 10 - Malešice,Praha 10 - Malešice
8999,14000,28,2+kk,Praha 9 - Vysočany,Praha 9 - Vysočany
9000,17000,38,3+kk,Praha 5 - Hlubočepy,Praha 5 - Hlubočepy
9001,50000,107,3+kk,Praha 1 - Nové Město,Praha 1 - Nové Město
9002,13000,17,1+kk,Praha 10 - Strašnice,Praha 10 - Strašnice
9003,13000,30,2+kk,Praha 10 - Vršovice,Praha 10 - Vršovice
9004,8000,23,2+kk,Praha 9 - Horní Počernice,Praha 9 - Horní Počernice
9005,14000,29,2+kk,Praha 4 - Michle,Praha 4 - Michle
9006,10000,23,2+kk,Praha 9 - Prosek,Praha 9 - Prosek
9007,11000,32,2+kk,Praha 6 - Bubeneč,Praha 6 - Bubeneč
9008,11000,26,2+kk,Praha 10 - Strašnice,Praha 10 - Strašnice
9009,9000,13,1+kk,Praha 5 - Smíchov,Praha 5 - Smíchov
9010,13000,35,2+kk,Praha 7 - Holešovice,Praha 7 - Holešovice
9011,13000,32,2+kk,Praha 5 - Košíře,Praha 5 - Košíře
9012,16000,45,3+kk,Praha 4 - Modřany,Praha 4 - Modřany
9013,15000,34,2+kk,Praha 5 - Stodůlky,Praha 5 - Stodůlky
9014,4000,7,4+1,Praha 6,Praha 6
9015,17000,35,2+kk,Praha 10 - Strašnice,Praha 10 - Strašnice
9016,13000,23,2+kk,Praha 9 - Hloubětín,Praha 9 - Hloubětín
9017,24000,51,3+kk,Praha 6 - Veleslavín,Praha 6 - Veleslavín
9018,22000,58,3+kk,Praha 5 - Jinonice,Praha 5 - Jinonice
9019,14000,45,3+1,Praha 4 - Krč,Praha 4 - Krč
9020,12000,20,1+kk,Praha 9 - Vysočany,Praha 9 - Vysočany
9021,20000,41,3+kk,Praha 3 - Strašnice,Praha 3 - Strašnice
9022,6000,10,1+kk,Praha 5 - Smíchov,Praha 5 - Smíchov
9023,47000,91,4+1,Praha 1 - Malá Strana,Praha 1 - Malá Strana
9024,13000,25,2+kk,Praha 5 - Košíře,Praha 5 - Košíře
9025,13000,24,2+kk,Praha 5 - Košíře,Praha 5 - Košíře
9026,41000,67,4+kk,Praha 2 - Nusle,Praha 2 - Nusle
9027,14000,61,4+kk,Praha 9 - Horní Počernice,Praha 9 - Horní Počernice
9028,11000,21,2+kk,Praha 8 - Bohnice,Praha 8 - Bohnice
9029,8000,18,1+kk,Praha 4 - Nusle,Praha 4 - Nusle
9030,23000,43,2+1,Praha 1 - Malá Strana,Praha 1 - Malá Strana
9031,25000,64,3+1,Praha 2 - Nové Město,Praha 2 - Nové Město
9032,10000,20,1+kk,Praha 4 - Nusle,Praha 4 - Nusle
9033,20000,40,2+1,Praha 10 - Strašnice,Praha 10 - Strašnice
9034,12000,20,1+kk,Praha 4 - Nusle,Praha 4 - Nusle
9035,45000,66,3+1,Praha 1 - Malá Strana,Praha 1 - Malá Strana
9036,12000,20,1+kk,Praha 9 - Libeň,Praha 9 - Libeň
9037,10000,26,2+1,Praha 6 - Břevnov,Praha 6 - Břevnov
9038,10000,22,1+kk,Praha 5 - Košíře,Praha 5 - Košíře
9039,11000,28,1+kk,Praha 3 - Žižkov,Praha 3 - Žižkov
9040,9000,13,1+kk,Praha 3 - Vinohrady,Praha 3 - Vinohrady
9041,10000,20,1+kk,Praha 5 - Smíchov,Praha 5 - Smíchov
9042,11000,17,1+kk,Praha 6,Praha 6
9043,21000,33,2+kk,Praha 8 - Karlín,Praha 8 - Karlín
9044,11000,44,2+1,Praha 10 - Hostivař,Praha 10 - Hostivař
9045,31000,46,2+kk,Praha 5 - Smíchov,Praha 5 - Smíchov
9046,15000,29,2+kk,Praha 10 - Vinohrady,Praha 10 - Vinohrady
9047,17000,34,3+kk,Praha 10 - Vinohrady,Praha 10 - Vinohrady
9048,12000,29,2+kk,Praha 9 - Vysočany,Praha 9 - Vysočany
9049,10000,17,1+kk,Praha 5 - Radotín,Praha 5 - Radotín
9050,14000,40,3+kk,Praha 8 - Troja,Praha 8 - Troja
9051,9000,14,1+kk,Praha 5 - Třebonice,Praha 5 - Třebonice
9052,7000,10,1+kk,Praha 4 - Nusle,Praha 4 - Nusle
9053,18000,39,3+kk,Praha 4 - Nusle,Praha 4 - Nusle
9054,17000,50,3+kk,Praha 4 - Chodov,Praha 4 - Chodov
9055,11000,14,1+kk,Praha 2 - Vinohrady,Praha 2 - Vinohrady
9056,17000,35,2+kk,Praha 2 - Vinohrady,Praha 2 - Vinohrady
9057,14000,21,1+kk,Praha 1 - Nové Město,Praha 1 - Nové Město
9058,11000,25,2+kk,Praha 4 - Kamýk,Praha 4 - Kamýk
9059,56000,134,5+1,Praha 2 - Vinohrady,Praha 2 - Vinohrady
9060,9000,20,1+kk,Praha 5 - Smíchov,Praha 5 - Smíchov
9061,19000,22,2+kk,Praha 5 - Košíře,Praha 5 - Košíře
9062,20000,37,2+1,Praha 7 - Holešovice,Praha 7 - Holešovice
9063,13000,31,2+1,Praha 4 - Podolí,Praha 4 - Podolí
9064,17000,22,1+kk,Praha 6 - Bubeneč,Praha 6 - Bubeneč
9065,13000,32,2+1,Praha 4 - Krč,Praha 4 - Krč
9066,8000,19,1+kk,Praha 8 - Libeň,Praha 8 - Libeň
9068,9000,16,1+kk,Praha 10,Praha 10
9069,35000,72,2+1,Praha 5 - Malá Strana,Praha 5 - Malá Strana
9070,26000,54,3+kk,Praha 5 - Stodůlky,Praha 5 - Stodůlky
9071,15000,16,2+kk,Praha 2 - Nové Město,Praha 2 - Nové Město
9072,19000,28,2+kk,Praha 4 - Michle,Praha 4 - Michle
9073,10000,19,1+kk,Praha 9 - Hloubětín,Praha 9 - Hloubětín
9074,13000,16,1+kk,Praha 2 - Vinohrady,Praha 2 - Vinohrady
9075,14000,16,1+kk,Praha 7 - Bubeneč,Praha 7 - Bubeneč
9076,32000,68,3+kk,Praha 5 - Smíchov,Praha 5 - Smíchov
9077,13000,21,1+kk,Praha 5 - Smíchov,Praha 5 - Smíchov
9078,8000,17,1+kk,Praha 8 - Libeň,Praha 8 - Libeň
9079,20000,35,2+kk,Praha 10 - Strašnice,Praha 10 - Strašnice
9080,20000,59,3+1,Praha 7 - Holešovice,Praha 7 - Holešovice
9081,10000,32,1+1,Praha 4 - Braník,Praha 4 - Braník
9082,19000,54,3+kk,Praha 4 - Braník,Praha 4 - Braník
9084,10000,26,2+kk,Praha 4 - Michle,Praha 4 - Michle
9085,10000,13,1+kk,Praha 2 - Nové Město,Praha 2 - Nové Město
9087,15000,22,1+kk,Praha 7 - Holešovice,Praha 7 - Holešovice
9088,17000,38,2+kk,Praha 10 - Vršovice,Praha 10 - Vršovice
9089,13000,26,1+kk,Praha 10,Praha 10
9091,20000,55,4+1,Praha 4 - Nusle,Praha 4 - Nusle
9092,10000,20,1+kk,Praha 4 - Kamýk,Praha 4 - Kamýk
9093,13000,58,3+kk,Praha 2 - Vinohrady,Praha 2 - Vinohrady
9094,14000,33,2+1,Praha 10 - Vršovice,Praha 10 - Vršovice
9095,13000,23,2+kk,Praha 5 - Smíchov,Praha 5 - Smíchov
9096,13000,32,3+kk,Praha 9 - Střížkov,Praha 9 - Střížkov
9097,9000,17,1+1,Praha 4 - Chodov,Praha 4 - Chodov
9098,9000,21,1+kk,Praha 9 - Hrdlořezy,Praha 9 - Hrdlořezy
9099,9000,22,1+kk,Praha 9 - Hrdlořezy,Praha 9 - Hrdlořezy
9100,10000,24,1+kk,Praha 5 - Stodůlky,Praha 5 - Stodůlky
9101,15000,35,2+kk,Praha 9 - Letňany,Praha 9 - Letňany
9102,13000,39,2+1,Praha 3,Praha 3
9103,12000,19,1+kk,Praha 9 - Vysočany,Praha 9 - Vysočany
9104,16000,29,2+kk,Praha 2 - Nové Město,Praha 2 - Nové Město
9105,12000,19,1+kk,Praha 2 - Nusle,Praha 2 - Nusle
9106,13000,25,2+kk,Praha 5 - Košíře,Praha 5 - Košíře
9107,10000,22,1+1,Praha 7 - Holešovice,Praha 7 - Holešovice
9108,8000,8,1+kk,Praha 3 - Žižkov,Praha 3 - Žižkov
9110,7000,13,1+kk,Praha 9 - Libeň,Praha 9 - Libeň
9111,9000,20,1+kk,Praha 9 - Čakovice,Praha 9 - Čakovice
9112,23000,54,3+kk,Praha 5 - Stodůlky,Praha 5 - Stodůlky
9113,14000,35,2+kk,Praha 8 - Libeň,Praha 8 - Libeň
9114,14000,43,3+1,Praha 4 - Chodov,Praha 4 - Chodov
9115,10000,19,1+kk,Praha 10 - Záběhlice,Praha 10 - Záběhlice
9116,15000,47,3+1,Praha 10 - Vršovice,Praha 10 - Vršovice
9117,10000,23,1+kk,Praha 9 - Libeň,Praha 9 - Libeň
9118,8000,12,1+kk,Praha 6 - Břevnov,Praha 6 - Břevnov
9119,6000,9,other,Praha 7 - Holešovice,Praha 7 - Holešovice
9120,13000,50,2+kk,Praha 8 - Bohnice,Praha 8 - Bohnice
9121,19000,34,2+kk,Praha 10,Praha 10
9122,10000,16,1+kk,Praha 3 - Žižkov,Praha 3 - Žižkov
9123,14000,20,1+kk,Praha 5 - Smíchov,Praha 5 - Smíchov
9125,11000,29,2+kk,Praha 8 - Libeň,Praha 8 - Libeň
9126,23000,45,3+kk,Praha 1 - Malá Strana,Praha 1 - Malá Strana
9127,11000,19,1+kk,Praha 9 - Hloubětín,Praha 9 - Hloubětín
9128,21000,58,3+kk,Praha 5 - Jinonice,Praha 5 - Jinonice
9129,15000,33,2+kk,Praha 9 - Vysočany,Praha 9 - Vysočany
9130,29000,42,2+kk,Praha 5 - Smíchov,Praha 5 - Smíchov
9131,26000,36,2+kk,Praha 5 - Smíchov,Praha 5 - Smíchov
9132,10000,22,1+kk,Praha 9 - Vysočany,Praha 9 - Vysočany
9133,14000,18,1+kk,Praha 2 - Nové Město,Praha 2 - Nové Město
9134,35000,86,4+kk,Praha 6 - Břevnov,Praha 6 - Břevnov
9135,22000,63,4+kk,Praha 10 - Vršovice,Praha 10 - Vršovice
9136,20000,38,2+kk,Praha 1 - Nové Město,Praha 1 - Nové Město
9138,12000,19,1+kk,Praha 9 - Vysočany,Praha 9 - Vysočany
9139,26000,55,3+kk,Praha 3 - Vinohrady,Praha 3 - Vinohrady
9140,14000,32,2+kk,Praha 7 - Holešovice,Praha 7 - Holešovice
9142,11000,12,1+kk,Praha 2 - Vinohrady,Praha 2 - Vinohrady
9143,29000,35,2+kk,Praha 2 - Vinohrady,Praha 2 - Vinohrady
9144,8000,17,1+kk,Praha 4 - Chodov,Praha 4 - Chodov
9145,10000,24,2+kk,Praha 9 - Kyje,Praha 9 - Kyje
9146,8000,11,1+kk,Praha 2 - Vinohrady,Praha 2 - Vinohrady
9147,18000,46,3+kk,Praha 7 - Holešovice,Praha 7 - Holešovice
9148,41000,67,4+kk,Praha 2 - Nusle,Praha 2 - Nusle
9149,8000,17,1+kk,Praha 4 - Chodov,Praha 4 - Chodov
9150,10000,24,2+kk,Praha 9 - Kyje,Praha 9 - Kyje
9151,8000,11,1+kk,Praha 2 - Vinohrady,Praha 2 - Vinohrady
9152,18000,46,3+kk,Praha 7 - Holešovice,Praha 7 - Holešovice
9153,11000,30,2+kk,Praha 4 - Podolí,Praha 4 - Podolí
9154,11000,19,1+1,Praha 7 - Holešovice,Praha 7 - Holešovice
9155,11000,33,2+kk,Praha 9 - Čakovice,Praha 9 - Čakovice
9157,16000,33,2+kk,Praha 9 - Hloubětín,Praha 9 - Hloubětín
9158,9000,25,2+kk,Praha 9 - Vysočany,Praha 9 - Vysočany
9159,14000,32,2+1,Praha 9 - Hloubětín,Praha 9 - Hloubětín
9160,10000,23,2+kk,Praha 4 - Kamýk,Praha 4 - Kamýk
9161,10000,28,1+kk,Praha 10 - Strašnice,Praha 10 - Strašnice
9163,15000,34,2+1,Praha 6 - Dejvice,Praha 6 - Dejvice
9164,19000,34,2+kk,Praha 10,Praha 10
9165,24000,43,3+kk,Praha 3,Praha 3
9166,12000,17,1+kk,Praha 6,Praha 6
9169,15000,13,2+kk,Praha 2 - Nové Město,Praha 2 - Nové Město
9170,8000,16,1+kk,Praha 5 - Smíchov,Praha 5 - Smíchov
9171,10000,23,1+kk,Praha 5 - Smíchov,Praha 5 - Smíchov
9172,7000,13,1+kk,Praha 5 - Smíchov,Praha 5 - Smíchov
9173,32000,81,4+kk,Praha 7 - Holešovice,Praha 7 - Holešovice
9174,14000,18,1+kk,Praha 2 - Nové Město,Praha 2 - Nové Město
9175,16000,50,3+1,Praha 4 - Krč,Praha 4 - Krč
9176,9000,20,1+kk,Praha 5 - Smíchov,Praha 5 - Smíchov
9177,32000,68,3+kk,Praha 1 - Nové Město,Praha 1 - Nové Město
9178,59000,63,4+kk,Praha 3 - Vinohrady,Praha 3 - Vinohrady
9179,14000,17,1+kk,Praha 7 - Bubeneč,Praha 7 - Bubeneč
9180,10000,19,1+1,Praha 4 - Krč,Praha 4 - Krč
9181,9000,22,1+kk,Praha 9 - Prosek,Praha 9 - Prosek
9182,17000,54,3+1,Praha 10 - Strašnice,Praha 10 - Strašnice
9183,14000,26,2+kk,Praha 8 - Libeň,Praha 8 - Libeň
9184,13000,23,1+kk,Praha 3 - Žižkov,Praha 3 - Žižkov
9185,6000,5,other,Praha 6 - Bubeneč,Praha 6 - Bubeneč
9186,23000,38,3+kk,Praha 10 - Vršovice,Praha 10 - Vršovice
9187,11000,41,3+1,Praha 5 - Košíře,Praha 5 - Košíře
9189,8000,19,1+1,Praha 4 - Modřany,Praha 4 - Modřany
9190,13000,39,3+1,Praha 4 - Kamýk,Praha 4 - Kamýk
9191,50000,170,5+1,Praha 5 - Malá Strana,Praha 5 - Malá Strana
9192,8000,19,1+kk,Praha 9 - Libeň,Praha 9 - Libeň
9194,10000,19,1+kk,Praha 9 - Vysočany,Praha 9 - Vysočany
9195,24000,45,3+kk,Praha 1 - Nové Město,Praha 1 - Nové Město
9196,26000,83,3+1,Praha 4 - Michle,Praha 4 - Michle
9197,10000,32,2+kk,Praha 5 - Smíchov,Praha 5 - Smíchov
9209,15000,22,1+kk,Praha 7 - Holešovice,Praha 7 - Holešovice
9211,15000,40,2+kk,Praha 4 - Braník,Praha 4 - Braník
9212,15000,31,2+kk,Praha 6 - Dejvice,Praha 6 - Dejvice
9213,8000,20,1+kk,Praha 9 - Čakovice,Praha 9 - Čakovice
9214,11000,36,2+1,Praha 8 - Karlín,Praha 8 - Karlín
9215,11000,35,2+kk,Praha 4 - Braník,Praha 4 - Braník
9216,19000,32,2+kk,Praha 5 - Košíře,Praha 5 - Košíře
9217,14000,59,3+1,Praha 9 - Kyje,Praha 9 - Kyje
9218,17000,41,2+kk,Praha 9 - Vysočany,Praha 9 - Vysočany
9219,9000,26,2+kk,Praha 9 - Kyje,Praha 9 - Kyje
9220,17000,41,2+kk,Praha 9 - Vysočany,Praha 9 - Vysočany
9221,18000,41,2+kk,Praha 9 - Vysočany,Praha 9 - Vysočany
9222,16000,41,2+kk,Praha 9 - Vysočany,Praha 9 - Vysočany
9223,13000,32,2+kk,Praha 5 - Smíchov,Praha 5 - Smíchov
9224,9000,26,2+kk,Praha 9 - Kyje,Praha 9 - Kyje
9225,17000,41,2+kk,Praha 9 - Vysočany,Praha 9 - Vysočany
9226,17000,41,2+kk,Praha 9 - Vysočany,Praha 9 - Vysočany
9227,10000,28,2+kk,Praha 9 - Kyje,Praha 9 - Kyje
9228,18000,40,2+kk,Praha 9 - Vysočany,Praha 9 - Vysočany
9229,18000,40,2+kk,Praha 9 - Vysočany,Praha 9 - Vysočany
9230,9000,19,1+kk,Praha 5,Praha 5
9231,31000,35,2+kk,Praha 5 - Smíchov,Praha 5 - Smíchov
9232,27000,38,1+kk,Praha 5 - Smíchov,Praha 5 - Smíchov
9233,23000,29,2+kk,Praha 2 - Vinohrady,Praha 2 - Vinohrady
9234,20000,39,3+kk,Praha 8 - Karlín,Praha 8 - Karlín
9236,12000,35,2+1,Praha 6 - Dejvice,Praha 6 - Dejvice
9237,11000,31,2+kk,Praha 4 - Modřany,Praha 4 - Modřany
9238,29000,71,4+1,Praha 6 - Bubeneč,Praha 6 - Bubeneč
9239,8000,25,1+1,Praha 8 - Kobylisy,Praha 8 - Kobylisy
9240,11000,29,2+kk,Praha 10 - Michle,Praha 10 - Michle
9241,10000,29,1+kk,Praha 5 - Smíchov,Praha 5 - Smíchov
9242,14000,43,3+kk,Praha 10 - Strašnice,Praha 10 - Strašnice
9243,12000,26,2+kk,Praha 4 - Nusle,Praha 4 - Nusle
9245,19000,40,2+kk,Praha 9 - Vysočany,Praha 9 - Vysočany
9246,23000,59,3+1,Praha 2 - Vinohrady,Praha 2 - Vinohrady
9247,13000,23,2+kk,Praha 5 - Košíře,Praha 5 - Košíře
9248,10000,18,1+kk,Praha 5 - Košíře,Praha 5 - Košíře
9249,10000,19,1+kk,Praha 6 - Břevnov,Praha 6 - Břevnov
9250,23000,43,2+kk,Praha 1 - Malá Strana,Praha 1 - Malá Strana
9251,14000,44,3+kk,Praha 7 - Holešovice,Praha 7 - Holešovice
9252,17000,39,2+kk,Praha 9 - Vysočany,Praha 9 - Vysočany
9253,17000,39,2+kk,Praha 9 - Vysočany,Praha 9 - Vysočany
9254,8000,19,1+kk,Praha 10 - Záběhlice,Praha 10 - Záběhlice
9255,15000,22,1+kk,Praha 7 - Bubeneč,Praha 7 - Bubeneč
9256,23000,43,2+1,Praha 1 - Malá Strana,Praha 1 - Malá Strana
9257,26000,48,3+kk,Praha 9 - Vysočany,Praha 9 - Vysočany
9258,10000,29,2+kk,Praha 3 - Vinohrady,Praha 3 - Vinohrady
9259,14000,47,2+1,Praha 4 - Krč,Praha 4 - Krč
9260,35000,93,5+1,Praha 1 - Nové Město,Praha 1 - Nové Město
9262,22000,67,3+1,Praha 4 - Kunratice,Praha 4 - Kunratice
9263,23000,43,2+1,Praha 1 - Malá Strana,Praha 1 - Malá Strana
9264,12000,23,2+kk,Praha 10 - Strašnice,Praha 10 - Strašnice
9265,23000,43,2+1,Praha 1 - Malá Strana,Praha 1 - Malá Strana
9266,11000,17,1+kk,Praha 5 - Hlubočepy,Praha 5 - Hlubočepy
9268,11000,28,2+kk,Praha 2 - Vinohrady,Praha 2 - Vinohrady
9269,23000,43,2+1,Praha 1 - Malá Strana,Praha 1 - Malá Strana
9270,15000,22,1+kk,Praha 7 - Holešovice,Praha 7 - Holešovice
9271,47000,75,3+kk,Praha 1 - Nové Město,Praha 1 - Nové Město
9272,32000,71,3+kk,Praha 1 - Nové Město,Praha 1 - Nové Město
9273,12000,38,2+1,Praha 10 - Vršovice,Praha 10 - Vršovice
9274,7000,11,1+kk,Praha 5 - Stodůlky,Praha 5 - Stodůlky
9275,12000,23,1+kk,Praha 9 - Vysočany,Praha 9 - Vysočany
9276,31000,46,3+kk,Praha 1 - Nové Město,Praha 1 - Nové Město
9277,12000,24,2+1,Praha 5 - Smíchov,Praha 5 - Smíchov
9278,4000,10,other,Praha 8 - Kobylisy,Praha 8 - Kobylisy
9279,13000,27,1+kk,Praha 9 - Hloubětín,Praha 9 - Hloubětín
9280,12000,32,2+1,Praha 10 - Malešice,Praha 10 - Malešice
9281,10000,23,1+kk,Praha 5 - Smíchov,Praha 5 - Smíchov
9282,10000,17,1+kk,Praha 4 - Modřany,Praha 4 - Modřany
9283,53000,82,3+kk,Praha 2 - Vinohrady,Praha 2 - Vinohrady
9284,13000,26,2+kk,Praha 7 - Holešovice,Praha 7 - Holešovice
9285,11000,25,1+kk,Praha 5 - Smíchov,Praha 5 - Smíchov
9286,11000,29,2+1,Praha 6 - Bubeneč,Praha 6 - Bubeneč
9287,14000,29,2+kk,Praha 3 - Žižkov,Praha 3 - Žižkov
9288,11000,35,2+1,Praha 4 - Nusle,Praha 4 - Nusle
9289,14000,34,2+kk,Praha 10 - Vršovice,Praha 10 - Vršovice
9290,16000,45,2+1,Praha 10 - Vršovice,Praha 10 - Vršovice
9291,13000,32,2+kk,Praha 6 - Ruzyně,Praha 6 - Ruzyně
9292,9000,13,1+kk,Praha 8 - Kobylisy,Praha 8 - Kobylisy
9293,17000,40,3+kk,Praha 8 - Karlín,Praha 8 - Karlín
9294,19000,50,3+kk,Praha 7 - Holešovice,Praha 7 - Holešovice
9295,11000,31,2+1,Praha 4 - Braník,Praha 4 - Braník
9296,16000,50,3+kk,Praha 6 - Dejvice,Praha 6 - Dejvice
9297,17000,29,2+kk,Praha 10 - Strašnice,Praha 10 - Strašnice
9298,16000,28,2+kk,Praha 10 - Strašnice,Praha 10 - Strašnice
9299,15000,29,2+kk,Praha 5 - Smíchov,Praha 5 - Smíchov
9300,16000,29,2+kk,Praha 9 - Vysočany,Praha 9 - Vysočany
9301,23000,59,4+1,Praha 6 - Střešovice,Praha 6 - Střešovice
9302,17000,48,3+kk,Praha 10 - Michle,Praha 10 - Michle
9303,22000,83,3+kk,Praha 5 - Košíře,Praha 5 - Košíře
9304,11000,21,2+kk,Praha 5 - Smíchov,Praha 5 - Smíchov
9305,7000,17,1+kk,Praha 4 - Modřany,Praha 4 - Modřany
9306,17000,47,3+1,Praha 4 - Chodov,Praha 4 - Chodov
9307,23000,41,3+kk,Praha 6 - Dejvice,Praha 6 - Dejvice
9308,19000,50,3+1,Praha 4 - Michle,Praha 4 - Michle
9309,7000,14,1+kk,Praha 8 - Troja,Praha 8 - Troja
9310,26000,51,3+kk,Praha 6 - Břevnov,Praha 6 - Břevnov
9311,24000,47,3+kk,Praha 1 - Nové Město,Praha 1 - Nové Město
9312,14000,29,2+kk,Praha 1 - Nové Město,Praha 1 - Nové Město
9314,10000,29,2+1,Praha 3 - Žižkov,Praha 3 - Žižkov
9315,15000,29,2+kk,Praha 4 - Hodkovičky,Praha 4 - Hodkovičky
9316,9000,17,1+kk,Praha 4 - Háje,Praha 4 - Háje
9317,7000,10,1+kk,Praha 6 - Střešovice,Praha 6 - Střešovice
9318,18000,31,2+kk,Praha 2 - Nové Město,Praha 2 - Nové Město
9319,19000,34,2+kk,Praha 2 - Nové Město,Praha 2 - Nové Město
9320,11000,20,1+1,Praha 8 - Kobylisy,Praha 8 - Kobylisy
9321,11000,17,1+kk,Praha 5 - Smíchov,Praha 5 - Smíchov
9322,10000,25,2+kk,Praha 8 - Kobylisy,Praha 8 - Kobylisy
9323,13000,24,1+kk,Praha 2 - Vinohrady,Praha 2 - Vinohrady
9324,31000,107,2+kk,Praha 5 - Smíchov,Praha 5 - Smíchov
9325,9000,27,2+kk,Praha 5 - Smíchov,Praha 5 - Smíchov
9326,8000,15,1+kk,Praha 5 - Smíchov,Praha 5 - Smíchov
9327,19000,42,2+1,Praha 1 - Nové Město,Praha 1 - Nové Město
9328,14000,25,1+1,Praha 3 - Žižkov,Praha 3 - Žižkov
9329,13000,31,2+1,Praha 9 - Letňany,Praha 9 - Letňany
9330,14000,28,2+kk,Praha 7 - Holešovice,Praha 7 - Holešovice
9331,18000,26,2+1,Praha 7 - Holešovice,Praha 7 - Holešovice
9332,13000,31,2+1,Praha 9 - Letňany,Praha 9 - Letňany
9333,14000,28,2+kk,Praha 7 - Holešovice,Praha 7 - Holešovice
9334,13000,35,2+1,Praha 4 - Krč,Praha 4 - Krč
9335,13000,27,2+kk,Praha 7 - Bubeneč,Praha 7 - Bubeneč
9336,20000,49,3+kk,Praha 1 - Staré Město,Praha 1 - Staré Město
9337,10000,16,1+kk,Praha 2 - Nové Město,Praha 2 - Nové Město
9338,13000,34,2+kk,Praha 9 - Hrdlořezy,Praha 9 - Hrdlořezy
9339,23000,65,4+1,Praha 2 - Vinohrady,Praha 2 - Vinohrady
9340,10000,26,2+kk,Praha 6 - Břevnov,Praha 6 - Břevnov
9341,12000,26,2+kk,Praha 8 - Kobylisy,Praha 8 - Kobylisy
9342,11000,13,1+kk,Praha 9 - Vysočany,Praha 9 - Vysočany
9343,8000,16,1+kk,Praha 5 - Smíchov,Praha 5 - Smíchov
9344,13000,14,1+kk,Praha 5 - Smíchov,Praha 5 - Smíchov
9345,15000,17,1+kk,Praha 5 - Košíře,Praha 5 - Košíře
9346,7000,5,other,Praha 6 - Střešovice,Praha 6 - Střešovice
9347,19000,43,2+kk,Praha 4 - Podolí,Praha 4 - Podolí
9348,8000,8,other,Praha 6 - Střešovice,Praha 6 - Střešovice
9349,8000,8,other,Praha 6 - Střešovice,Praha 6 - Střešovice
9350,7000,5,other,Praha 6 - Střešovice,Praha 6 - Střešovice
9351,17000,42,2+kk,Praha 1 - Nové Město,Praha 1 - Nové Město
9352,18000,48,3+kk,Praha 3 - Žižkov,Praha 3 - Žižkov
9353,51000,82,3+1,Praha 1 - Josefov,Praha 1 - Josefov
9354,16000,26,2+kk,Praha 4 - Chodov,Praha 4 - Chodov
9355,29000,35,2+kk,Praha 3 - Vinohrady,Praha 3 - Vinohrady
9356,47000,101,4+1,Praha 1 - Malá Strana,Praha 1 - Malá Strana
9357,17000,26,2+kk,Praha 3 - Žižkov,Praha 3 - Žižkov
9358,16000,29,2+kk,Praha 4 - Nusle,Praha 4 - Nusle
9359,14000,61,4+kk,Praha 9 - Horní Počernice,Praha 9 - Horní Počernice
9360,11000,22,1+1,Praha 1 - Nové Město,Praha 1 - Nové Město
9361,26000,58,atypické,Praha 5 - Smíchov,Praha 5 - Smíchov
9362,15000,51,2+kk,Praha 9 - Vysočany,Praha 9 - Vysočany
9363,14000,48,2+kk,Praha 9 - Vysočany,Praha 9 - Vysočany
9364,11000,29,1+1,Praha 5 - Košíře,Praha 5 - Košíře
9365,15000,17,1+kk,Praha 4 - Nusle,Praha 4 - Nusle
9366,11000,46,2+1,Praha 5 - Smíchov,Praha 5 - Smíchov
9367,53000,114,5+kk,Praha 6 - Bubeneč,Praha 6 - Bubeneč
9368,14000,38,3+kk,Praha 6 - Řepy,Praha 6 - Řepy
9369,14000,31,2+kk,Praha 10 - Záběhlice,Praha 10 - Záběhlice
9371,15000,26,2+kk,Praha 8 - Kobylisy,Praha 8 - Kobylisy
9373,17000,32,2+kk,Praha 6 - Bubeneč,Praha 6 - Bubeneč
9374,13000,30,2+kk,Praha 7 - Holešovice,Praha 7 - Holešovice
9375,13000,42,2+1,Praha 3 - Vinohrady,Praha 3 - Vinohrady
9376,13000,25,2+kk,Praha 5 - Smíchov,Praha 5 - Smíchov
9377,13000,45,2+1,Praha 3 - Žižkov,Praha 3 - Žižkov
9378,17000,42,2+kk,Praha 1 - Nové Město,Praha 1 - Nové Město
9379,17000,42,2+kk,Praha 1 - Nové Město,Praha 1 - Nové Město
9380,16000,18,1+kk,Praha 7 - Bubeneč,Praha 7 - Bubeneč
9381,9000,28,2+kk,Praha 5 - Smíchov,Praha 5 - Smíchov
9382,47000,101,4+kk,Praha 1 - Malá Strana,Praha 1 - Malá Strana
9383,11000,26,2+kk,Praha 5 - Radlice,Praha 5 - Radlice
9384,13000,27,2+kk,Praha 4 - Podolí,Praha 4 - Podolí
9385,9000,20,1+1,Praha 3 - Žižkov,Praha 3 - Žižkov
9386,23000,38,2+kk,Praha 2 - Vinohrady,Praha 2 - Vinohrady
9387,23000,41,2+kk,Praha 2 - Vinohrady,Praha 2 - Vinohrady
9388,8000,17,1+kk,Praha 4 - Braník,Praha 4 - Braník
9389,32000,93,4+1,Praha 2 - Vinohrady,Praha 2 - Vinohrady
9391,17000,45,3+kk,Praha 5 - Stodůlky,Praha 5 - Stodůlky
9392,18000,26,2+1,Praha 7 - Holešovice,Praha 7 - Holešovice
9393,14000,32,2+kk,Praha 5 - Stodůlky,Praha 5 - Stodůlky
9394,13000,29,2+kk,Praha 5 - Stodůlky,Praha 5 - Stodůlky
9395,10000,17,1+kk,Praha 5 - Stodůlky,Praha 5 - Stodůlky
9396,16000,31,2+kk,Praha 2 - Nové Město,Praha 2 - Nové Město
9397,35000,68,4+kk,Praha 5 - Jinonice,Praha 5 - Jinonice
9398,53000,106,4+1,Praha 1 - Malá Strana,Praha 1 - Malá Strana
9399,16000,52,2+kk,Praha 8 - Karlín,Praha 8 - Karlín
9400,10000,29,1+1,Praha 8 - Libeň,Praha 8 - Libeň
9401,8000,16,1+kk,Praha 5 - Smíchov,Praha 5 - Smíchov
9403,16000,61,3+1,Praha 5 - Smíchov,Praha 5 - Smíchov
9404,17000,68,1+kk,Praha 1 - Staré Město,Praha 1 - Staré Město
9407,5000,7,other,Praha 4 - Modřany,Praha 4 - Modřany
9408,20000,38,2+kk,Praha 3,Praha 3
9409,13000,25,1+kk,Praha 3 - Strašnice,Praha 3 - Strašnice
9410,20000,35,2+kk,Praha 3,Praha 3
9411,13000,23,1+kk,Praha 3 - Strašnice,Praha 3 - Strašnice
9412,14000,32,2+kk,Praha 10 - Dolní Měcholupy,Praha 10 - Dolní Měcholupy
9413,26000,38,3+kk,Praha 3,Praha 3
9414,17000,67,atypické,Praha 4 - Podolí,Praha 4 - Podolí
9415,13000,35,2+kk,Praha 10 - Malešice,Praha 10 - Malešice
9418,31000,42,2+kk,Praha 5 - Smíchov,Praha 5 - Smíchov
9419,18000,47,2+kk,Praha 5 - Smíchov,Praha 5 - Smíchov
9420,9000,22,1+kk,Praha 10 - Vršovice,Praha 10 - Vršovice
9421,9000,29,1+kk,Praha 9 - Letňany,Praha 9 - Letňany
9422,53000,94,4+kk,Praha 8 - Karlín,Praha 8 - Karlín
9423,53000,104,4+1,Praha 1 - Malá Strana,Praha 1 - Malá Strana
9424,28000,60,3+kk,Praha 6 - Dejvice,Praha 6 - Dejvice
9425,53000,131,4+1,Praha 1 - Malá Strana,Praha 1 - Malá Strana
9426,12000,26,2+kk,Praha 9 - Letňany,Praha 9 - Letňany
9427,21000,63,3+1,Praha 7 - Holešovice,Praha 7 - Holešovice
9428,31000,50,4+kk,Praha 2 - Vinohrady,Praha 2 - Vinohrady
9429,19000,33,2+kk,Praha 2 - Vinohrady,Praha 2 - Vinohrady
9430,22000,35,2+kk,Praha 7 - Holešovice,Praha 7 - Holešovice
9431,9000,20,1+1,Praha 3 - Žižkov,Praha 3 - Žižkov
9432,9000,20,1+1,Praha 3 - Žižkov,Praha 3 - Žižkov
9433,11000,35,2+1,Praha 6 - Bubeneč,Praha 6 - Bubeneč
9434,47000,111,4+1,Praha 1 - Malá Strana,Praha 1 - Malá Strana
9435,24000,45,3+kk,Praha 1 - Nové Město,Praha 1 - Nové Město
9436,23000,59,3+1,Praha 3 - Žižkov,Praha 3 - Žižkov
9437,50000,69,3+1,Praha 1 - Nové Město,Praha 1 - Nové Město
9438,13000,23,1+1,Praha 2 - Vinohrady,Praha 2 - Vinohrady
9439,23000,68,2+kk,Praha 10 - Vinohrady,Praha 10 - Vinohrady
9440,17000,47,2+1,Praha 3 - Žižkov,Praha 3 - Žižkov
9441,26000,50,3+kk,Praha 3,Praha 3
9442,19000,35,3+kk,Praha 2 - Vinohrady,Praha 2 - Vinohrady
9444,24000,45,3+kk,Praha 1 - Nové Město,Praha 1 - Nové Město
9445,41000,55,3+kk,Praha 3 - Vinohrady,Praha 3 - Vinohrady
9446,19000,40,3+kk,Praha 2 - Vinohrady,Praha 2 - Vinohrady
9447,13000,19,1+kk,Praha 10 - Strašnice,Praha 10 - Strašnice
9448,32000,66,4+kk,Praha 4 - Modřany,Praha 4 - Modřany
9450,41000,55,3+kk,Praha 3 - Vinohrady,Praha 3 - Vinohrady
9451,15000,31,2+kk,Praha 2 - Vinohrady,Praha 2 - Vinohrady
9452,13000,21,1+kk,Praha 5 - Smíchov,Praha 5 - Smíchov
9453,14000,22,1+kk,Praha 7 - Holešovice,Praha 7 - Holešovice
9454,19000,41,2+1,Praha 1 - Staré Město,Praha 1 - Staré Město
9455,22000,83,3+kk,Praha 5 - Košíře,Praha 5 - Košíře
9456,25000,124,2+kk,Praha 1 - Staré Město,Praha 1 - Staré Město
9457,23000,50,3+kk,Praha 2 - Vinohrady,Praha 2 - Vinohrady
9458,28000,58,3+kk,Praha 2 - Vinohrady,Praha 2 - Vinohrady
9459,20000,58,3+kk,Praha 10 - Vršovice,Praha 10 - Vršovice
9460,19000,32,2+kk,Praha 5 - Košíře,Praha 5 - Košíře
9461,13000,11,1+kk,Praha 4 - Krč,Praha 4 - Krč
9462,13000,26,2+kk,Praha 4 - Chodov,Praha 4 - Chodov
9463,23000,25,3+kk,Praha 8 - Karlín,Praha 8 - Karlín
9464,14000,35,2+kk,Praha 10 - Michle,Praha 10 - Michle
9465,19000,41,3+kk,Praha 5 - Smíchov,Praha 5 - Smíchov
9466,14000,27,2+1,Praha 6 - Bubeneč,Praha 6 - Bubeneč
9467,41000,125,4+1,Praha 6 - Bubeneč,Praha 6 - Bubeneč
9468,13000,16,1+kk,Praha 4 - Nusle,Praha 4 - Nusle
9469,11000,25,2+kk,Praha 9 - Prosek,Praha 9 - Prosek
9471,13000,25,2+kk,Praha 4 - Nusle,Praha 4 - Nusle
9472,29000,35,2+kk,Praha 3 - Vinohrady,Praha 3 - Vinohrady
9473,4000,5,other,Praha 10 - Vršovice,Praha 10 - Vršovice
9474,41000,87,3+kk,Praha 7 - Holešovice,Praha 7 - Holešovice
9475,28000,47,3+kk,Praha 6 - Dejvice,Praha 6 - Dejvice
9476,14000,14,1+kk,Praha 1 - Nové Město,Praha 1 - Nové Město
9477,50000,150,5+1,Praha 5 - Malá Strana,Praha 5 - Malá Strana
9478,16000,25,2+kk,Praha 1 - Nové Město,Praha 1 - Nové Město
9479,16000,39,2+kk,Praha 4 - Modřany,Praha 4 - Modřany
9480,26000,84,3+kk,Praha 1 - Nové Město,Praha 1 - Nové Město
9482,14000,20,1+kk,Praha 5 - Jinonice,Praha 5 - Jinonice
9484,10000,23,2+kk,Praha 6 - Vokovice,Praha 6 - Vokovice
9485,37000,71,3+kk,Praha 2 - Vinohrady,Praha 2 - Vinohrady
9486,14000,26,2+kk,Praha 4 - Nusle,Praha 4 - Nusle
9487,12000,26,2+kk,Praha 4 - Chodov,Praha 4 - Chodov
9488,13000,11,1+kk,Praha 4 - Krč,Praha 4 - Krč
9489,17000,26,2+kk,Praha 2 - Nové Město,Praha 2 - Nové Město
9490,11000,18,1+kk,Praha 2 - Nusle,Praha 2 - Nusle
9491,19000,38,2+kk,Praha 5 - Smíchov,Praha 5 - Smíchov
9492,24000,47,3+kk,Praha 1 - Nové Město,Praha 1 - Nové Město
9493,35000,46,2+kk,Praha 5 - Smíchov,Praha 5 - Smíchov
9494,29000,35,2+kk,Praha 3 - Vinohrady,Praha 3 - Vinohrady
9495,19000,41,2+kk,Praha 2 - Vinohrady,Praha 2 - Vinohrady
9496,19000,38,3+1,Praha 4 - Nusle,Praha 4 - Nusle
9497,6000,7,other,Praha 6 - Bubeneč,Praha 6 - Bubeneč
9498,28000,58,3+kk,Praha 1 - Nové Město,Praha 1 - Nové Město
9499,20000,31,2+kk,Praha 7 - Bubeneč,Praha 7 - Bubeneč
9500,22000,26,2+kk,Praha 2 - Nové Město,Praha 2 - Nové Město
9501,47000,101,4+1,Praha 1 - Malá Strana,Praha 1 - Malá Strana
9502,35000,68,3+kk,Praha 1 - Nové Město,Praha 1 - Nové Město
9503,14000,32,2+kk,Praha 10,Praha 10
9504,24000,47,3+kk,Praha 1 - Nové Město,Praha 1 - Nové Město
9505,12000,17,1+kk,Praha 6,Praha 6
9506,12000,17,1+kk,Praha 6,Praha 6
9507,17000,23,1+kk,Praha 1 - Malá Strana,Praha 1 - Malá Strana
9508,13000,23,1+1,Praha 2 - Vinohrady,Praha 2 - Vinohrady
9509,29000,62,3+kk,Praha 3,Praha 3
9510,24000,46,3+kk,Praha 1 - Nové Město,Praha 1 - Nové Město
9511,59000,130,atypické,Praha 1 - Josefov,Praha 1 - Josefov
9512,53000,106,4+kk,Praha 1 - Malá Strana,Praha 1 - Malá Strana
9513,29000,60,3+kk,Praha 1 - Nové Město,Praha 1 - Nové Město
9514,18000,26,2+1,Praha 7 - Holešovice,Praha 7 - Holešovice
9516,29000,60,3+kk,Praha 1 - Nové Město,Praha 1 - Nové Město
9517,32000,61,3+kk,Praha 1 - Nové Město,Praha 1 - Nové Město
9518,19000,35,2+kk,Praha 3,Praha 3
9519,47000,101,4+1,Praha 1 - Malá Strana,Praha 1 - Malá Strana
9520,53000,106,4+1,Praha 1 - Malá Strana,Praha 1 - Malá Strana
9521,53000,106,4+1,Praha 1 - Malá Strana,Praha 1 - Malá Strana
9522,21000,44,2+kk,Praha 1 - Josefov,Praha 1 - Josefov
9523,33000,63,3+kk,Praha 2 - Vinohrady,Praha 2 - Vinohrady
9525,34000,19,1+kk,Praha 2 - Vinohrady,Praha 2 - Vinohrady
9526,50000,35,2+kk,Praha 2 - Vinohrady,Praha 2 - Vinohrady
9528,8000,17,2+kk,Mělník,Mělník
9530,9000,23,2+kk,"Kladno - Kročehlavy, okres Kladno",Kladno - Kročehlavy
9532,10000,34,2+1,"Mladá Boleslav - Mladá Boleslav II, okres Mladá Boleslav",Mladá Boleslav - Mladá Boleslav II
9538,8000,29,2+kk,"Kladno - Kročehlavy, okres Kladno",Kladno - Kročehlavy
9541,7000,20,1+1,Mělník,Mělník
9545,8000,23,2+kk,"Kolín - Kolín II, okres Kolín",Kolín - Kolín II
9547,7000,29,2+kk,Benešov,Benešov
9549,11000,36,2+kk,"Mladá Boleslav - Mladá Boleslav II, okres Mladá Boleslav",Mladá Boleslav - Mladá Boleslav II
9553,8000,21,1+1,"Kladno - Kročehlavy, okres Kladno",Kladno - Kročehlavy
9554,7000,22,1+1,"Kladno - Kročehlavy, okres Kladno",Kladno - Kročehlavy
9555,8000,34,2+1,"Příbram - Příbram VII, okres Příbram",Příbram - Příbram VII
9556,8000,20,1+kk,"Kladno - Kročehlavy, okres Kladno",Kladno - Kročehlavy
9564,11000,36,2+kk,"Beroun - Beroun-Město, okres Beroun",Beroun - Beroun-Město
9566,6000,17,1+kk,"Kolín - Kolín II, okres Kolín",Kolín - Kolín II
9567,6000,14,1+kk,"Kolín - Kolín II, okres Kolín",Kolín - Kolín II
9569,13000,26,2+kk,"Hostivice, okres Praha-západ",Hostivice
9571,8000,22,1+1,"Mladá Boleslav - Mladá Boleslav III, okres Mladá Boleslav",Mladá Boleslav - Mladá Boleslav III
9573,10000,25,2+kk,Kladno,Kladno
9575,10000,23,2+kk,"Kladno - Kročehlavy, okres Kladno",Kladno - Kročehlavy
9576,11000,36,2+1,"Kladno - Kročehlavy, okres Kladno",Kladno - Kročehlavy
9577,11000,29,2+kk,"Beroun - Beroun-Město, okres Beroun",Beroun - Beroun-Město
9578,9000,25,1+kk,"Hostivice, okres Praha-západ",Hostivice
9580,10000,23,1+1,"Říčany, okres Praha-východ",Říčany
9582,11000,29,2+kk,"Kladno - Dubí, okres Kladno",Kladno - Dubí
9584,10000,23,2+kk,"Kladno - Kročehlavy, okres Kladno",Kladno - Kročehlavy
9585,8000,38,2+1,"Kralupy nad Vltavou - Lobeček, okres Mělník",Kralupy nad Vltavou - Lobeček
9586,8000,23,2+kk,"Český Brod, okres Kolín",Český Brod
9587,8000,38,2+1,"Kralupy nad Vltavou - Lobeček, okres Mělník",Kralupy nad Vltavou - Lobeček
9588,8000,23,2+kk,"Český Brod, okres Kolín",Český Brod
9591,7000,17,1+1,"Kladno - Kročehlavy, okres Kladno",Kladno - Kročehlavy
9592,14000,51,3+1,"Mladá Boleslav - Mladá Boleslav II, okres Mladá Boleslav",Mladá Boleslav - Mladá Boleslav II
9593,8000,22,1+kk,"Milovice - Mladá, okres Nymburk",Milovice - Mladá
9599,5000,17,1+kk,Benešov,Benešov
9602,8000,25,2+kk,"Kladno - Kročehlavy, okres Kladno",Kladno - Kročehlavy
9605,9000,27,1+kk,"Český Brod, okres Kolín",Český Brod
9608,10000,43,3+1,"Kladno - Kročehlavy, okres Kladno",Kladno - Kročehlavy
9612,17000,45,3+kk,"Hostivice, okres Praha-západ",Hostivice
9613,10000,42,3+1,"Kolín - Kolín II, okres Kolín",Kolín - Kolín II
9616,10000,35,2+1,"Kralupy nad Vltavou - Lobeček, okres Mělník",Kralupy nad Vltavou - Lobeček
9617,21000,59,4+kk,"Hostivice, okres Praha-západ",Hostivice
9618,8000,23,2+kk,Kladno,Kladno
9619,11000,29,2+kk,"Kladno - Kročehlavy, okres Kladno",Kladno - Kročehlavy
9621,9000,23,2+1,"Mladá Boleslav - Mladá Boleslav II, okres Mladá Boleslav",Mladá Boleslav - Mladá Boleslav II
9624,23000,42,2+kk,"Horoměřice, okres Praha-západ",Horoměřice
9625,7000,38,3+kk,"Rakovník - Rakovník II, okres Rakovník",Rakovník - Rakovník II
9627,8000,16,1+kk,"Český Brod, okres Kolín",Český Brod
9629,13000,34,2+1,"Horoměřice, okres Praha-západ",Horoměřice
9632,6000,20,1+1,"Kralupy nad Vltavou - Lobeček, okres Mělník",Kralupy nad Vltavou - Lobeček
9633,13000,43,3+kk,"Kladno - Dubí, okres Kladno",Kladno - Dubí
9634,14000,47,3+kk,"Kladno - Dubí, okres Kladno",Kladno - Dubí
9637,7000,23,2+kk,"Milovice - Mladá, okres Nymburk",Milovice - Mladá
9638,7000,14,1+kk,"Kladno - Kročehlavy, okres Kladno",Kladno - Kročehlavy
9642,10000,31,2+kk,"Kladno - Dubí, okres Kladno",Kladno - Dubí
9648,10000,31,2+kk,"Kladno - Kročehlavy, okres Kladno",Kladno - Kročehlavy
9651,15000,79,4+kk,Nymburk,Nymburk
9652,8000,19,1+1,"Mladá Boleslav - Mladá Boleslav III, okres Mladá Boleslav",Mladá Boleslav - Mladá Boleslav III
9653,16000,43,2+1,"Mladá Boleslav - Mladá Boleslav II, okres Mladá Boleslav",Mladá Boleslav - Mladá Boleslav II
9656,11000,28,2+kk,"Kladno - Dubí, okres Kladno",Kladno - Dubí
9661,8000,31,2+1,Mělník,Mělník
9662,11000,30,2+kk,"Kralupy nad Vltavou, okres Mělník",Kralupy nad Vltavou
9664,8000,19,1+1,"Rakovník - Rakovník II, okres Rakovník",Rakovník - Rakovník II
9666,8000,22,1+1,"Kladno - Kročehlavy, okres Kladno",Kladno - Kročehlavy
9667,9000,42,3+1,Benešov,Benešov
9669,13000,69,3+1,Mělník,Mělník
9674,15000,56,3+kk,"Milovice - Mladá, okres Nymburk",Milovice - Mladá
9677,7000,34,2+1,"Příbram - Příbram VII, okres Příbram",Příbram - Příbram VII
9681,9000,44,3+1,"Příbram - Příbram VII, okres Příbram",Příbram - Příbram VII
9685,10000,44,3+kk,"Beroun - Beroun-Město, okres Beroun",Beroun - Beroun-Město
9687,13000,35,2+kk,"Mladá Boleslav - Mladá Boleslav II, okres Mladá Boleslav",Mladá Boleslav - Mladá Boleslav II
9688,11000,21,1+1,"Mladá Boleslav - Mladá Boleslav III, okres Mladá Boleslav",Mladá Boleslav - Mladá Boleslav III
9691,11000,31,2+1,"Kladno - Kročehlavy, okres Kladno",Kladno - Kročehlavy
9692,7000,19,1+kk,"Kolín - Kolín II, okres Kolín",Kolín - Kolín II
9696,8000,26,2+kk,Mělník,Mělník
9699,7000,23,1+kk,"Hořovice, okres Beroun",Hořovice
9701,11000,34,2+kk,Benešov,Benešov
9702,11000,24,1+kk,Benešov,Benešov
9705,8000,33,2+1,"Kralupy nad Vltavou - Lobeček, okres Mělník",Kralupy nad Vltavou - Lobeček
9706,7000,31,2+1,"Kralupy nad Vltavou - Lobeček, okres Mělník",Kralupy nad Vltavou - Lobeček
9709,10000,44,2+kk,"Horoměřice, okres Praha-západ",Horoměřice
9711,7000,34,2+1,"Kladno, okres Kladno",Kladno
9712,10000,45,3+kk,Kladno,Kladno
9717,11000,39,2+kk,"Český Brod, okres Kolín",Český Brod
9720,17000,48,3+kk,"Mladá Boleslav - Mladá Boleslav III, okres Mladá Boleslav",Mladá Boleslav - Mladá Boleslav III
9722,11000,47,2+kk,"Hostivice, okres Praha-západ",Hostivice
9723,17000,68,4+kk,"Poděbrady - Poděbrady II, okres Nymburk",Poděbrady - Poděbrady II
9724,8000,25,2+kk,"Kladno - Kročehlavy, okres Kladno",Kladno - Kročehlavy
9727,5000,22,1+1,"Čáslav - Čáslav-Nové Město, okres Kutná Hora",Čáslav - Čáslav-Nové Město
9730,13000,33,2+kk,"Říčany, okres Praha-východ",Říčany
9733,16000,53,3+kk,"Mladá Boleslav - Mladá Boleslav III, okres Mladá Boleslav",Mladá Boleslav - Mladá Boleslav III
9734,10000,39,2+kk,"Kralupy nad Vltavou, okres Mělník",Kralupy nad Vltavou
9736,13000,47,4+1,Kladno,Kladno
9738,9000,26,2+kk,Kladno,Kladno
9739,7000,30,2+kk,Nymburk,Nymburk
9740,8000,32,2+1,Nymburk,Nymburk
9741,7000,20,1+kk,Kladno,Kladno
9746,9000,35,2+1,"Kolín - Kolín II, okres Kolín",Kolín - Kolín II
9749,10000,27,2+kk,"Kladno - Dubí, okres Kladno",Kladno - Dubí
9752,13000,23,2+kk,"Hostivice, okres Praha-západ",Hostivice
9755,8000,32,2+kk,"Čáslav - Čáslav-Nové Město, okres Kutná Hora",Čáslav - Čáslav-Nové Město
9756,8000,41,2+kk,"Čáslav - Čáslav-Nové Město, okres Kutná Hora",Čáslav - Čáslav-Nové Město
9758,12000,36,2+kk,"Český Brod, okres Kolín",Český Brod
9763,9000,26,1+kk,"Poděbrady - Poděbrady II, okres Nymburk",Poděbrady - Poděbrady II
9771,11000,34,2+kk,"Horoměřice, okres Praha-západ",Horoměřice
9772,15000,47,3+kk,"Horoměřice, okres Praha-západ",Horoměřice
9774,11000,48,3+1,"Kralupy nad Vltavou, okres Mělník",Kralupy nad Vltavou
9778,9000,28,2+kk,"Kralupy nad Vltavou, okres Mělník",Kralupy nad Vltavou
9780,13000,29,2+kk,"Kladno, okres Kladno",Kladno
9783,12000,54,3+kk,"Rakovník - Rakovník II, okres Rakovník",Rakovník - Rakovník II
9784,13000,64,3+1,"Poděbrady - Poděbrady II, okres Nymburk",Poděbrady - Poděbrady II
9786,11000,31,1+1,"Horoměřice, okres Praha-západ",Horoměřice
9789,10000,28,2+kk,"Mladá Boleslav - Mladá Boleslav III, okres Mladá Boleslav",Mladá Boleslav - Mladá Boleslav III
9790,12000,27,2+kk,"Kladno - Kročehlavy, okres Kladno",Kladno - Kročehlavy
9791,9000,25,2+kk,Kladno,Kladno
9792,7000,31,2+1,"Příbram - Příbram VII, okres Příbram",Příbram - Příbram VII
9794,11000,37,3+kk,"Kladno - Kročehlavy, okres Kladno",Kladno - Kročehlavy
9795,11000,36,2+kk,"Beroun - Beroun-Město, okres Beroun",Beroun - Beroun-Město
9798,13000,42,3+1,"Mladá Boleslav - Mladá Boleslav III, okres Mladá Boleslav",Mladá Boleslav - Mladá Boleslav III
9799,11000,50,3+1,"Mladá Boleslav - Mladá Boleslav II, okres Mladá Boleslav",Mladá Boleslav - Mladá Boleslav II
9801,6000,20,1+1,"Kralupy nad Vltavou - Lobeček, okres Mělník",Kralupy nad Vltavou - Lobeček
9802,10000,26,2+kk,"Hořovice, okres Beroun",Hořovice
9803,10000,35,2+1,Kladno,Kladno
9804,8000,23,2+kk,"Hořovice, okres Beroun",Hořovice
9808,10000,26,2+kk,"Rakovník - Rakovník II, okres Rakovník",Rakovník - Rakovník II
9809,8000,19,2+kk,"Kladno - Kročehlavy, okres Kladno",Kladno - Kročehlavy
9810,10000,26,3+kk,"Kladno - Kročehlavy, okres Kladno",Kladno - Kročehlavy
9811,8000,32,2+1,"Kladno - Kročehlavy, okres Kladno",Kladno - Kročehlavy
9812,13000,28,2+kk,"Kladno - Kročehlavy, okres Kladno",Kladno - Kročehlavy
9814,9000,34,2+1,"Mladá Boleslav - Mladá Boleslav III, okres Mladá Boleslav",Mladá Boleslav - Mladá Boleslav III
9816,11000,32,3+1,"Kladno - Kročehlavy, okres Kladno",Kladno - Kročehlavy
9818,8000,25,2+kk,Kladno,Kladno
9819,11000,41,3+1,"Kladno - Kročehlavy, okres Kladno",Kladno - Kročehlavy
9821,10000,31,3+kk,"Hořovice, okres Beroun",Hořovice
9823,7000,19,2+kk,"Český Brod, okres Kolín",Český Brod
9825,8000,19,1+kk,Benešov,Benešov
9829,10000,28,2+kk,"Mladá Boleslav - Mladá Boleslav III, okres Mladá Boleslav",Mladá Boleslav - Mladá Boleslav III
9830,12000,27,2+kk,"Kladno - Kročehlavy, okres Kladno",Kladno - Kročehlavy
9831,9000,25,2+kk,Kladno,Kladno
9832,7000,31,2+1,"Příbram - Příbram VII, okres Příbram",Příbram - Příbram VII
9834,11000,37,3+kk,"Kladno - Kročehlavy, okres Kladno",Kladno - Kročehlavy
9835,11000,36,2+kk,"Beroun - Beroun-Město, okres Beroun",Beroun - Beroun-Město
9838,13000,42,3+1,"Mladá Boleslav - Mladá Boleslav III, okres Mladá Boleslav",Mladá Boleslav - Mladá Boleslav III
9840,6000,20,1+1,"Kralupy nad Vltavou - Lobeček, okres Mělník",Kralupy nad Vltavou - Lobeček
9841,10000,26,2+kk,"Hořovice, okres Beroun",Hořovice
9842,10000,35,2+1,Kladno,Kladno
9843,8000,23,2+kk,"Hořovice, okres Beroun",Hořovice
9846,10000,26,2+kk,"Rakovník - Rakovník II, okres Rakovník",Rakovník - Rakovník II
9847,8000,19,2+kk,"Kladno - Kročehlavy, okres Kladno",Kladno - Kročehlavy
9848,10000,26,3+kk,"Kladno - Kročehlavy, okres Kladno",Kladno - Kročehlavy
9849,13000,28,2+kk,"Kladno - Kročehlavy, okres Kladno",Kladno - Kročehlavy
9850,9000,34,2+1,"Mladá Boleslav - Mladá Boleslav III, okres Mladá Boleslav",Mladá Boleslav - Mladá Boleslav III
9852,11000,32,3+1,"Kladno - Kročehlavy, okres Kladno",Kladno - Kročehlavy
9854,8000,25,2+kk,Kladno,Kladno
9855,10000,31,3+kk,"Hořovice, okres Beroun",Hořovice
9857,7000,19,2+kk,"Český Brod, okres Kolín",Český Brod
9860,8000,19,1+kk,Benešov,Benešov
9868,8000,26,2+kk,Kladno,Kladno
9871,11000,31,2+kk,"Kladno - Dubí, okres Kladno",Kladno - Dubí
9872,8000,18,1+kk,"Hořovice, okres Beroun",Hořovice
9874,11000,49,3+kk,Nymburk,Nymburk
9877,8000,14,1+kk,"Kladno - Dubí, okres Kladno",Kladno - Dubí
9882,6000,22,1+1,Nymburk,Nymburk
9884,8000,33,2+1,"Kralupy nad Vltavou - Lobeček, okres Mělník",Kralupy nad Vltavou - Lobeček
9887,8000,32,2+1,"Kralupy nad Vltavou - Lobeček, okres Mělník",Kralupy nad Vltavou - Lobeček
9889,5000,20,1+1,"Mladá Boleslav - Mladá Boleslav II, okres Mladá Boleslav",Mladá Boleslav - Mladá Boleslav II
9891,9000,26,2+kk,"Český Brod, okres Kolín",Český Brod
9894,9000,43,3+kk,"Rakovník - Rakovník II, okres Rakovník",Rakovník - Rakovník II
9895,8000,31,2+kk,"Rakovník - Rakovník II, okres Rakovník",Rakovník - Rakovník II
9897,9000,36,3+kk,"Příbram - Příbram VII, okres Příbram",Příbram - Příbram VII
9898,7000,30,2+1,"Příbram - Příbram VII, okres Příbram",Příbram - Příbram VII
9900,11000,29,2+1,"Kladno - Kročehlavy, okres Kladno",Kladno - Kročehlavy
9902,5000,16,1+kk,"Milovice - Mladá, okres Nymburk",Milovice - Mladá
9904,8000,22,1+kk,"Mladá Boleslav - Mladá Boleslav II, okres Mladá Boleslav",Mladá Boleslav - Mladá Boleslav II
9906,9000,23,1+1,"Kladno - Kročehlavy, okres Kladno",Kladno - Kročehlavy
9910,10000,25,2+kk,"Kralupy nad Vltavou, okres Mělník",Kralupy nad Vltavou
9914,11000,31,2+kk,"Horoměřice, okres Praha-západ",Horoměřice
9915,9000,23,1+kk,"Čáslav - Čáslav-Nové Město, okres Kutná Hora",Čáslav - Čáslav-Nové Město
9917,10000,29,2+kk,"Horoměřice, okres Praha-západ",Horoměřice
9919,11000,31,2+kk,Nymburk,Nymburk
9920,8000,11,1+1,"Kolín - Kolín II, okres Kolín",Kolín - Kolín II
9921,10000,45,atypické,"Kolín - Kolín II, okres Kolín",Kolín - Kolín II
9924,8000,34,2+1,"Příbram - Příbram VII, okres Příbram",Příbram - Příbram VII
9925,8000,42,3+1,"Čáslav - Čáslav-Nové Město, okres Kutná Hora",Čáslav - Čáslav-Nové Město
9927,10000,30,2+1,"Kladno - Kročehlavy, okres Kladno",Kladno - Kročehlavy
9928,8000,42,3+1,Mělník,Mělník
9929,9000,26,1+kk,Benešov,Benešov
9930,13000,38,3+kk,Nymburk,Nymburk
9932,8000,29,2+kk,Nymburk,Nymburk
9935,10000,32,1+kk,"Říčany, okres Praha-východ",Říčany
9936,10000,28,2+kk,Kladno,Kladno
9937,10000,35,2+kk,"Hořovice, okres Beroun",Hořovice
9938,7000,22,1+kk,"Kralupy nad Vltavou, okres Mělník",Kralupy nad Vltavou
9943,7000,25,2+kk,"Rakovník - Rakovník II, okres Rakovník",Rakovník - Rakovník II
9946,10000,33,2+1,"Kladno - Kročehlavy, okres Kladno",Kladno - Kročehlavy
9949,13000,41,3+kk,Benešov,Benešov
9951,7000,20,1+1,"Kralupy nad Vltavou - Lobeček, okres Mělník",Kralupy nad Vltavou - Lobeček
9953,8000,29,2+kk,"Hořovice, okres Beroun",Hořovice
9955,10000,54,2+1,"Kralupy nad Vltavou, okres Mělník",Kralupy nad Vltavou
9958,13000,41,3+1,"Mladá Boleslav - Mladá Boleslav II, okres Mladá Boleslav",Mladá Boleslav - Mladá Boleslav II
9959,9000,26,1+kk,"Hořovice, okres Beroun",Hořovice
9960,8000,25,2+kk,"Kolín - Kolín II, okres Kolín",Kolín - Kolín II
9962,8000,42,3+1,"Čáslav - Čáslav-Nové Město, okres Kutná Hora",Čáslav - Čáslav-Nové Město
9964,17000,38,3+kk,"Horoměřice, okres Praha-západ",Horoměřice
9966,8000,16,1+kk,"Hostivice, okres Praha-západ",Hostivice
9967,8000,22,1+kk,"Mladá Boleslav - Mladá Boleslav III, okres Mladá Boleslav",Mladá Boleslav - Mladá Boleslav III
9972,9000,36,3+kk,Benešov,Benešov
9974,7000,20,1+kk,Nymburk,Nymburk
9978,8000,25,2+kk,"Milovice - Mladá, okres Nymburk",Milovice - Mladá
9980,8000,26,1+kk,"Mladá Boleslav - Mladá Boleslav II, okres Mladá Boleslav",Mladá Boleslav - Mladá Boleslav II
9982,9000,31,2+kk,"Kladno - Dubí, okres Kladno",Kladno - Dubí
9983,7000,20,1+1,"Milovice - Mladá, okres Nymburk",Milovice - Mladá
9984,10000,27,2+kk,"Říčany, okres Praha-východ",Říčany
9986,8000,20,1+kk,"Čáslav - Čáslav-Nové Město, okres Kutná Hora",Čáslav - Čáslav-Nové Město
9987,7000,21,1+kk,"Čáslav - Čáslav-Nové Město, okres Kutná Hora",Čáslav - Čáslav-Nové Město
9992,8000,24,2+kk,"Kladno - Kročehlavy, okres Kladno",Kladno - Kročehlavy
9993,9000,37,2+1,Benešov,Benešov
9994,8000,42,3+1,"Kolín - Kolín II, okres Kolín",Kolín - Kolín II
9995,11000,57,3+1,"Poděbrady - Poděbrady II, okres Nymburk",Poděbrady - Poděbrady II
9999,11000,38,2+1,"Mladá Boleslav - Mladá Boleslav II, okres Mladá Boleslav",Mladá Boleslav - Mladá Boleslav II
10002,7000,17,1+kk,"Čáslav - Čáslav-Nové Město, okres Kutná Hora",Čáslav - Čáslav-Nové Město
10003,9000,28,2+kk,"Čáslav - Čáslav-Nové Město, okres Kutná Hora",Čáslav - Čáslav-Nové Město
10007,10000,25,2+kk,Kladno,Kladno
10008,10000,34,2+kk,"Hořovice, okres Beroun",Hořovice
10010,7000,23,2+kk,"Kladno - Kročehlavy, okres Kladno",Kladno - Kročehlavy
10013,8000,26,1+kk,"Český Brod, okres Kolín",Český Brod
10014,10000,31,2+kk,"Kladno - Kročehlavy, okres Kladno",Kladno - Kročehlavy
10016,7000,19,1+1,Kladno,Kladno
10017,11000,81,1+1,"Kladno - Kročehlavy, okres Kladno",Kladno - Kročehlavy
10021,11000,47,3+1,"Mladá Boleslav - Mladá Boleslav II, okres Mladá Boleslav",Mladá Boleslav - Mladá Boleslav II
10023,13000,48,3+1,"Mladá Boleslav - Mladá Boleslav II, okres Mladá Boleslav",Mladá Boleslav - Mladá Boleslav II
10025,7000,14,1+kk,"Hostivice, okres Praha-západ",Hostivice
10028,7000,25,2+kk,"Poděbrady - Poděbrady II, okres Nymburk",Poděbrady - Poděbrady II
10029,20000,58,3+kk,"Český Brod, okres Kolín",Český Brod
10030,6000,20,2+kk,"Milovice - Mladá, okres Nymburk",Milovice - Mladá
10034,9000,25,2+kk,"Hořovice, okres Beroun",Hořovice
10035,14000,35,2+kk,"Český Brod, okres Kolín",Český Brod
10036,5000,15,1+kk,"Milovice - Mladá, okres Nymburk",Milovice - Mladá
10037,8000,20,1+kk,"Kralupy nad Vltavou, okres Mělník",Kralupy nad Vltavou
10039,9000,28,2+kk,"Kladno - Kročehlavy, okres Kladno",Kladno - Kročehlavy
10040,7000,14,1+kk,"Milovice - Mladá, okres Nymburk",Milovice - Mladá
10043,9000,27,2+kk,"Beroun - Beroun-Město, okres Beroun",Beroun - Beroun-Město
10045,10000,24,2+kk,Kladno,Kladno
10046,10000,27,2+kk,"Kladno - Dubí, okres Kladno",Kladno - Dubí
10047,10000,35,3+kk,"Hořovice, okres Beroun",Hořovice
10052,10000,41,3+kk,Mělník,Mělník
10053,14000,42,4+kk,"Kladno - Kročehlavy, okres Kladno",Kladno - Kročehlavy
10055,7000,16,1+kk,"Kladno - Dubí, okres Kladno",Kladno - Dubí
10059,10000,31,2+1,Benešov,Benešov
10060,13000,33,2+kk,"Kladno - Kročehlavy, okres Kladno",Kladno - Kročehlavy
10063,8000,31,2+1,Benešov,Benešov
10064,8000,17,1+kk,"Hostivice, okres Praha-západ",Hostivice
10066,8000,20,1+1,"Beroun - Beroun-Město, okres Beroun",Beroun - Beroun-Město
10068,11000,40,3+kk,"Hořovice, okres Beroun",Hořovice
10070,8000,26,2+kk,"Milovice - Mladá, okres Nymburk",Milovice - Mladá
10071,8000,20,1+kk,"Čáslav - Čáslav-Nové Město, okres Kutná Hora",Čáslav - Čáslav-Nové Město
10073,6000,21,2+kk,"Čáslav - Čáslav-Nové Město, okres Kutná Hora",Čáslav - Čáslav-Nové Město
10078,12000,28,2+kk,"Hostivice, okres Praha-západ",Hostivice
10079,12000,28,2+kk,"Hostivice, okres Praha-západ",Hostivice
10084,8000,22,1+kk,"Kolín - Kolín II, okres Kolín",Kolín - Kolín II
10086,14000,47,3+kk,"Mladá Boleslav - Mladá Boleslav II, okres Mladá Boleslav",Mladá Boleslav - Mladá Boleslav II
10088,7000,19,1+kk,"Mladá Boleslav - Mladá Boleslav II, okres Mladá Boleslav",Mladá Boleslav - Mladá Boleslav II
10090,7000,16,1+1,"Kladno - Kročehlavy, okres Kladno",Kladno - Kročehlavy
10091,9000,29,2+1,Nymburk,Nymburk
10093,10000,23,2+kk,"Mladá Boleslav - Mladá Boleslav II, okres Mladá Boleslav",Mladá Boleslav - Mladá Boleslav II
10094,8000,31,2+1,"Příbram - Příbram VII, okres Příbram",Příbram - Příbram VII
10095,13000,47,4+kk,"Říčany, okres Praha-východ",Říčany
10100,11000,45,2+kk,Nymburk,Nymburk
10105,7000,23,1+kk,Benešov,Benešov
10106,11000,35,2+kk,"Mladá Boleslav - Mladá Boleslav II, okres Mladá Boleslav",Mladá Boleslav - Mladá Boleslav II
10109,13000,40,3+1,"Mladá Boleslav - Mladá Boleslav III, okres Mladá Boleslav",Mladá Boleslav - Mladá Boleslav III
10110,6000,25,2+kk,"Rakovník - Rakovník II, okres Rakovník",Rakovník - Rakovník II
10112,13000,42,3+1,"Mladá Boleslav - Mladá Boleslav II, okres Mladá Boleslav",Mladá Boleslav - Mladá Boleslav II
10117,9000,40,2+kk,Benešov,Benešov
10121,8000,25,2+kk,Benešov,Benešov
10125,10000,63,3+1,"Čáslav - Čáslav-Nové Město, okres Kutná Hora",Čáslav - Čáslav-Nové Město
10126,14000,38,3+kk,"Kladno - Kročehlavy, okres Kladno",Kladno - Kročehlavy
10128,15000,47,2+kk,"Beroun - Beroun-Město, okres Beroun",Beroun - Beroun-Město
10129,11000,58,3+kk,"Kralupy nad Vltavou - Lobeček, okres Mělník",Kralupy nad Vltavou - Lobeček
10130,6000,19,1+1,"Kolín - Kolín II, okres Kolín",Kolín - Kolín II
10131,16000,77,4+kk,"Český Brod, okres Kolín",Český Brod
10138,5000,12,1+kk,"Kolín - Kolín II, okres Kolín",Kolín - Kolín II
10140,8000,33,2+1,"Kolín - Kolín II, okres Kolín",Kolín - Kolín II
10143,10000,23,1+kk,"Říčany, okres Praha-východ",Říčany
10144,9000,23,2+kk,Nymburk,Nymburk
10146,8000,45,2+1,Kladno,Kladno
10147,14000,50,3+1,"Český Brod, okres Kolín",Český Brod
10149,10000,31,2+kk,"Kladno - Dubí, okres Kladno",Kladno - Dubí
10154,8000,33,2+1,"Poděbrady - Poděbrady II, okres Nymburk",Poděbrady - Poděbrady II
10155,10000,23,2+kk,"Beroun - Beroun-Město, okres Beroun",Beroun - Beroun-Město
10156,11000,35,2+1,Kladno,Kladno
10157,7000,25,2+1,Benešov,Benešov
10160,8000,32,2+kk,"Beroun - Beroun-Město, okres Beroun",Beroun - Beroun-Město
10162,8000,31,2+1,"Kralupy nad Vltavou - Lobeček, okres Mělník",Kralupy nad Vltavou - Lobeček
10166,14000,53,3+kk,Benešov,Benešov
10168,7000,21,1+kk,"Mladá Boleslav - Mladá Boleslav III, okres Mladá Boleslav",Mladá Boleslav - Mladá Boleslav III
10171,7000,36,2+kk,"Kolín - Kolín II, okres Kolín",Kolín - Kolín II
10177,8000,19,1+kk,"Kladno - Kročehlavy, okres Kladno",Kladno - Kročehlavy
10178,11000,31,2+kk,Nymburk,Nymburk
10181,7000,16,1+kk,"Čáslav - Čáslav-Nové Město, okres Kutná Hora",Čáslav - Čáslav-Nové Město
10186,10000,28,2+1,"Mladá Boleslav - Mladá Boleslav III, okres Mladá Boleslav",Mladá Boleslav - Mladá Boleslav III
10187,9000,19,1+kk,"Horoměřice, okres Praha-západ",Horoměřice
10188,9000,27,2+kk,"Rakovník - Rakovník II, okres Rakovník",Rakovník - Rakovník II
10189,10000,32,2+kk,"Kladno - Dubí, okres Kladno",Kladno - Dubí
10191,9000,29,2+kk,"Kralupy nad Vltavou, okres Mělník",Kralupy nad Vltavou
10193,9000,26,1+kk,"Beroun - Beroun-Město, okres Beroun",Beroun - Beroun-Město
10195,8000,32,2+1,Benešov,Benešov
10197,10000,45,2+kk,Kladno,Kladno
10198,9000,32,2+kk,"Čáslav - Čáslav-Nové Město, okres Kutná Hora",Čáslav - Čáslav-Nové Město
10199,11000,36,2+1,"Čáslav - Čáslav-Nové Město, okres Kutná Hora",Čáslav - Čáslav-Nové Město
10200,8000,23,2+kk,"Hořovice, okres Beroun",Hořovice
10204,14000,47,3+1,"Říčany, okres Praha-východ",Říčany
10206,8000,30,2+1,Kladno,Kladno
10208,8000,25,1+1,"Mladá Boleslav - Mladá Boleslav II, okres Mladá Boleslav",Mladá Boleslav - Mladá Boleslav II
10209,9000,28,2+kk,"Kladno - Dubí, okres Kladno",Kladno - Dubí
10211,10000,31,2+kk,Benešov,Benešov
10213,19000,64,4+kk,"Beroun - Beroun-Město, okres Beroun",Beroun - Beroun-Město
10214,8000,25,2+kk,"Kralupy nad Vltavou, okres Mělník",Kralupy nad Vltavou
10218,8000,22,1+kk,Benešov,Benešov
10220,9000,44,3+1,"Příbram - Příbram VII, okres Příbram",Příbram - Příbram VII
10222,11000,29,2+kk,Kladno,Kladno
10223,8000,26,2+kk,Mělník,Mělník
10227,11000,28,2+kk,Mělník,Mělník
10228,13000,32,3+kk,Mělník,Mělník
10229,8000,35,3+kk,Nymburk,Nymburk
10234,10000,31,2+1,Kladno,Kladno
10240,10000,29,2+kk,"Kladno - Dubí, okres Kladno",Kladno - Dubí
10241,8000,20,1+kk,"Hostivice, okres Praha-západ",Hostivice
10243,5000,17,1+kk,"Příbram - Příbram VII, okres Příbram",Příbram - Příbram VII
10244,7000,16,1+1,"Kladno - Kročehlavy, okres Kladno",Kladno - Kročehlavy
10245,10000,21,2+kk,"Poděbrady - Poděbrady II, okres Nymburk",Poděbrady - Poděbrady II
10247,12000,34,2+kk,"Horoměřice, okres Praha-západ",Horoměřice
10252,7000,21,1+kk,Benešov,Benešov
10253,10000,38,3+kk,"Mladá Boleslav - Mladá Boleslav II, okres Mladá Boleslav",Mladá Boleslav - Mladá Boleslav II
10254,13000,38,3+kk,"Horoměřice, okres Praha-západ",Horoměřice
10256,12000,29,2+kk,"Beroun - Beroun-Město, okres Beroun",Beroun - Beroun-Město
10257,12000,39,2+kk,"Český Brod, okres Kolín",Český Brod
10258,12000,38,2+kk,"Český Brod, okres Kolín",Český Brod
10259,8000,11,1+1,"Kolín - Kolín II, okres Kolín",Kolín - Kolín II
10261,14000,54,4+kk,"Kralupy nad Vltavou, okres Mělník",Kralupy nad Vltavou
10262,8000,23,2+kk,"Kralupy nad Vltavou - Lobeček, okres Mělník",Kralupy nad Vltavou - Lobeček
10265,9000,25,2+kk,"Hořovice, okres Beroun",Hořovice
10267,9000,20,2+kk,"Hostivice, okres Praha-západ",Hostivice
10269,10000,38,3+kk,"Čáslav - Čáslav-Nové Město, okres Kutná Hora",Čáslav - Čáslav-Nové Město
10271,8000,26,2+kk,Benešov,Benešov
10273,20000,83,5+kk,"Poděbrady - Poděbrady II, okres Nymburk",Poděbrady - Poděbrady II
10274,15000,56,4+kk,"Poděbrady - Poděbrady II, okres Nymburk",Poděbrady - Poděbrady II
10275,6000,17,1+kk,"Poděbrady - Poděbrady II, okres Nymburk",Poděbrady - Poděbrady II
10276,9000,25,2+kk,"Hořovice, okres Beroun",Hořovice
10283,13000,35,3+kk,"Kladno - Kročehlavy, okres Kladno",Kladno - Kročehlavy
10285,8000,22,1+kk,"Kralupy nad Vltavou, okres Mělník",Kralupy nad Vltavou
10287,11000,34,2+kk,Benešov,Benešov
10289,16000,54,4+kk,"Čáslav - Čáslav-Nové Město, okres Kutná Hora",Čáslav - Čáslav-Nové Město
10290,14000,48,3+kk,"Čáslav - Čáslav-Nové Město, okres Kutná Hora",Čáslav - Čáslav-Nové Město
10292,22000,72,3+kk,Benešov,Benešov
10293,10000,27,2+kk,"Kladno - Dubí, okres Kladno",Kladno - Dubí
10294,10000,31,2+kk,"Kladno - Dubí, okres Kladno",Kladno - Dubí
10295,9000,41,3+1,Benešov,Benešov
10296,7000,19,1+kk,"Milovice - Mladá, okres Nymburk",Milovice - Mladá
10298,8000,34,2+1,"Čáslav - Čáslav-Nové Město, okres Kutná Hora",Čáslav - Čáslav-Nové Město
10299,10000,30,2+1,Kladno,Kladno
10300,7000,12,1+kk,"Čáslav - Čáslav-Nové Město, okres Kutná Hora",Čáslav - Čáslav-Nové Město
10301,7000,12,1+kk,"Čáslav - Čáslav-Nové Město, okres Kutná Hora",Čáslav - Čáslav-Nové Město
10302,7000,12,1+kk,"Čáslav - Čáslav-Nové Město, okres Kutná Hora",Čáslav - Čáslav-Nové Město
10303,7000,14,1+kk,"Čáslav - Čáslav-Nové Město, okres Kutná Hora",Čáslav - Čáslav-Nové Město
10310,10000,31,2+1,Kladno,Kladno
10311,9000,19,1+kk,"Český Brod, okres Kolín",Český Brod
10312,5000,11,other,"Říčany, okres Praha-východ",Říčany
10313,10000,23,2+kk,"Kladno - Dubí, okres Kladno",Kladno - Dubí
10314,8000,31,2+1,Kladno,Kladno
10324,11000,16,1+kk,"Říčany, okres Praha-východ",Říčany
10325,11000,19,1+kk,"Říčany, okres Praha-východ",Říčany
10326,11000,23,1+kk,"Říčany, okres Praha-východ",Říčany
10327,11000,16,1+kk,"Říčany, okres Praha-východ",Říčany
10330,9000,47,2+1,Kladno,Kladno
10332,9000,47,2+1,Kladno,Kladno
10333,7000,26,2+kk,"Hořovice, okres Beroun",Hořovice
10335,7000,13,1+kk,"Říčany, okres Praha-východ",Říčany
10340,6000,42,3+1,"Havířov - Město, okres Karviná",Havířov - Město
10341,8000,39,2+1,"Ostrava - Poruba, okres Ostrava-město",Ostrava - Poruba
10342,4000,28,2+kk,"Ostrava - Hrabůvka, okres Ostrava-město",Ostrava - Hrabůvka
10343,5000,38,2+1,"Český Těšín, okres Karviná",Český Těšín
10344,11000,37,2+kk,"Ostrava - Moravská Ostrava, okres Ostrava-město",Ostrava - Moravská Ostrava
10345,11000,37,2+kk,"Ostrava - Poruba, okres Ostrava-město",Ostrava - Poruba
10346,19000,69,3+1,"Ostrava - Moravská Ostrava, okres Ostrava-město",Ostrava - Moravská Ostrava
10348,6000,30,2+1,"Karviná - Mizerov, okres Karviná",Karviná - Mizerov
10349,8000,42,3+1,"Frýdek-Místek - Frýdek, okres Frýdek-Místek",Frýdek-Místek - Frýdek
10350,8000,32,2+1,"Karviná - Ráj, okres Karviná",Karviná - Ráj
10351,9000,32,2+kk,"Ostrava - Moravská Ostrava, okres Ostrava-město",Ostrava - Moravská Ostrava
10352,8000,26,2+kk,"Ostrava - Zábřeh, okres Ostrava-město",Ostrava - Zábřeh
10353,8000,39,2+1,"Opava - Předměstí, okres Opava",Opava - Předměstí
10354,7000,31,2+1,"Ostrava - Hrabůvka, okres Ostrava-město",Ostrava - Hrabůvka
10355,8000,29,2+1,"Ostrava - Moravská Ostrava, okres Ostrava-město",Ostrava - Moravská Ostrava
10356,8000,40,3+1,"Ostrava - Bělský Les, okres Ostrava-město",Ostrava - Bělský Les
10357,7000,23,2+kk,"Ostrava, okres Ostrava-město",Ostrava
10358,6000,22,1+1,"Ostrava - Hrabůvka, okres Ostrava-město",Ostrava - Hrabůvka
10359,6000,22,1+1,"Ostrava - Hrabůvka, okres Ostrava-město",Ostrava - Hrabůvka
10361,7000,29,2+1,"Ostrava - Hrabůvka, okres Ostrava-město",Ostrava - Hrabůvka
10362,8000,31,2+1,"Ostrava - Zábřeh, okres Ostrava-město",Ostrava - Zábřeh
10363,7000,23,2+kk,"Ostrava - Zábřeh, okres Ostrava-město",Ostrava - Zábřeh
10364,6000,22,2+kk,"Ostrava - Hrabůvka, okres Ostrava-město",Ostrava - Hrabůvka
10365,7000,33,2+1,"Ostrava - Slezská Ostrava, okres Ostrava-město",Ostrava - Slezská Ostrava
10366,7000,34,2+1,"Ostrava - Poruba, okres Ostrava-město",Ostrava - Poruba
10367,6000,29,2+1,"Opava - Kateřinky, okres Opava",Opava - Kateřinky
10368,9000,28,2+kk,"Ostrava - Moravská Ostrava, okres Ostrava-město",Ostrava - Moravská Ostrava
10369,5000,15,1+kk,Nový Jičín,Nový Jičín
10370,8000,33,2+1,"Frýdek-Místek - Místek, okres Frýdek-Místek",Frýdek-Místek - Místek
10371,10000,38,3+kk,"Frýdek-Místek - Místek, okres Frýdek-Místek",Frýdek-Místek - Místek
10372,7000,31,2+1,"Ostrava - Hrabůvka, okres Ostrava-město",Ostrava - Hrabůvka
10373,8000,28,2+1,"Ostrava - Hrabůvka, okres Ostrava-město",Ostrava - Hrabůvka
10375,5000,16,1+kk,Nový Jičín,Nový Jičín
10376,10000,38,3+kk,"Ostrava - Moravská Ostrava, okres Ostrava-město",Ostrava - Moravská Ostrava
10377,8000,28,2+kk,"Ostrava - Moravská Ostrava, okres Ostrava-město",Ostrava - Moravská Ostrava
10378,8000,25,2+kk,"Ostrava - Moravská Ostrava, okres Ostrava-město",Ostrava - Moravská Ostrava
10379,8000,28,2+kk,"Ostrava - Moravská Ostrava, okres Ostrava-město",Ostrava - Moravská Ostrava
10380,8000,29,2+kk,"Ostrava - Moravská Ostrava, okres Ostrava-město",Ostrava - Moravská Ostrava
10381,7000,31,2+1,"Ostrava - Moravská Ostrava, okres Ostrava-město",Ostrava - Moravská Ostrava
10382,4000,12,1+kk,"Frýdek-Místek - Frýdek, okres Frýdek-Místek",Frýdek-Místek - Frýdek
10384,8000,44,3+1,"Ostrava - Poruba, okres Ostrava-město",Ostrava - Poruba
10385,7000,48,3+1,"Ostrava - Přívoz, okres Ostrava-město",Ostrava - Přívoz
10386,9000,33,3+kk,"Ostrava - Poruba, okres Ostrava-město",Ostrava - Poruba
10387,7000,34,2+1,"Ostrava - Poruba, okres Ostrava-město",Ostrava - Poruba
10388,7000,32,2+1,"Ostrava - Poruba, okres Ostrava-město",Ostrava - Poruba
10389,6000,34,2+1,"Ostrava - Poruba, okres Ostrava-město",Ostrava - Poruba
10390,7000,29,2+kk,"Ostrava - Poruba, okres Ostrava-město",Ostrava - Poruba
10391,5000,17,1+kk,"Ostrava - Poruba, okres Ostrava-město",Ostrava - Poruba
10392,9000,47,3+1,"Ostrava - Poruba, okres Ostrava-město",Ostrava - Poruba
10393,6000,28,2+1,"Ostrava - Poruba, okres Ostrava-město",Ostrava - Poruba
10394,4000,16,1+kk,"Ostrava - Poruba, okres Ostrava-město",Ostrava - Poruba
10395,6000,28,2+1,"Ostrava - Moravská Ostrava, okres Ostrava-město",Ostrava - Moravská Ostrava
10396,8000,33,2+1,"Ostrava - Moravská Ostrava, okres Ostrava-město",Ostrava - Moravská Ostrava
10397,4000,16,1+kk,"Ostrava - Zábřeh, okres Ostrava-město",Ostrava - Zábřeh
10398,9000,42,3+1,"Ostrava - Moravská Ostrava, okres Ostrava-město",Ostrava - Moravská Ostrava
10399,7000,24,1+1,"Ostrava - Moravská Ostrava, okres Ostrava-město",Ostrava - Moravská Ostrava
10400,13000,66,4+kk,"Ostrava - Moravská Ostrava, okres Ostrava-město",Ostrava - Moravská Ostrava
10403,4000,14,1+1,"Havířov - Město, okres Karviná",Havířov - Město
10404,8000,49,4+1,"Havířov - Město, okres Karviná",Havířov - Město
10405,8000,40,3+1,"Havířov - Město, okres Karviná",Havířov - Město
10406,8000,40,3+1,"Havířov - Město, okres Karviná",Havířov - Město
10407,6000,32,2+1,"Havířov - Město, okres Karviná",Havířov - Město
10408,11000,47,4+1,"Frenštát pod Radhoštěm, okres Nový Jičín",Frenštát pod Radhoštěm
10410,6000,39,3+1,"Havířov - Město, okres Karviná",Havířov - Město
10411,6000,31,2+1,"Havířov - Město, okres Karviná",Havířov - Město
10412,4000,20,1+1,"Havířov - Město, okres Karviná",Havířov - Město
10413,8000,62,4+1,"Havířov - Město, okres Karviná",Havířov - Město
10415,5000,42,2+1,"Havířov - Město, okres Karviná",Havířov - Město
10416,5000,26,1+1,"Havířov - Město, okres Karviná",Havířov - Město
10417,7000,49,3+1,"Havířov - Město, okres Karviná",Havířov - Město
10418,4000,26,2+kk,"Orlová - Lutyně, okres Karviná",Orlová - Lutyně
10419,6000,34,2+1,"Český Těšín, okres Karviná",Český Těšín
10421,16000,43,3+kk,"Ostrava - Hrabůvka, okres Ostrava-město",Ostrava - Hrabůvka
10422,4000,16,1+kk,"Karviná - Ráj, okres Karviná",Karviná - Ráj
10423,5000,30,2+1,"Karviná - Mizerov, okres Karviná",Karviná - Mizerov
10424,8000,36,3+1,"Ostrava - Dubina, okres Ostrava-město",Ostrava - Dubina
10425,4000,29,2+1,"Karviná - Nové Město, okres Karviná",Karviná - Nové Město
10426,4000,32,2+1,"Karviná - Nové Město, okres Karviná",Karviná - Nové Město
10427,4000,32,2+1,"Karviná - Nové Město, okres Karviná",Karviná - Nové Město
10428,4000,31,2+1,"Karviná - Nové Město, okres Karviná",Karviná - Nové Město
10430,14000,44,3+kk,"Ostrava - Moravská Ostrava, okres Ostrava-město",Ostrava - Moravská Ostrava
10431,5000,25,2+1,"Ostrava - Dubina, okres Ostrava-město",Ostrava - Dubina
10432,5000,23,1+1,"Ostrava - Výškovice, okres Ostrava-město",Ostrava - Výškovice
10433,7000,33,2+1,"Ostrava - Poruba, okres Ostrava-město",Ostrava - Poruba
10435,8000,28,2+kk,"Ostrava - Moravská Ostrava, okres Ostrava-město",Ostrava - Moravská Ostrava
10436,7000,33,2+1,"Ostrava - Poruba, okres Ostrava-město",Ostrava - Poruba
10437,6000,21,1+1,"Frýdek-Místek - Frýdek, okres Frýdek-Místek",Frýdek-Místek - Frýdek
10438,9000,44,3+kk,"Ostrava - Poruba, okres Ostrava-město",Ostrava - Poruba
10439,5000,20,1+1,"Ostrava - Poruba, okres Ostrava-město",Ostrava - Poruba
10440,4000,21,1+kk,"Karviná - Hranice, okres Karviná",Karviná - Hranice
10442,9000,44,3+1,"Ostrava - Poruba, okres Ostrava-město",Ostrava - Poruba
10443,7000,32,2+1,"Ostrava - Poruba, okres Ostrava-město",Ostrava - Poruba
10444,6000,23,2+kk,"Ostrava - Poruba, okres Ostrava-město",Ostrava - Poruba
10446,6000,31,2+1,"Havířov - Město, okres Karviná",Havířov - Město
10447,7000,32,2+1,"Ostrava - Poruba, okres Ostrava-město",Ostrava - Poruba
10448,12000,42,3+kk,"Ostrava - Moravská Ostrava, okres Ostrava-město",Ostrava - Moravská Ostrava
10449,6000,33,2+1,"Ostrava - Mariánské Hory, okres Ostrava-město",Ostrava - Mariánské Hory
10450,7000,32,2+1,"Ostrava - Mariánské Hory, okres Ostrava-město",Ostrava - Mariánské Hory
10451,7000,35,2+1,"Frýdek-Místek - Místek, okres Frýdek-Místek",Frýdek-Místek - Místek
10452,7000,26,2+kk,"Ostrava - Poruba, okres Ostrava-město",Ostrava - Poruba
10453,4000,16,1+kk,"Frýdek-Místek - Místek, okres Frýdek-Místek",Frýdek-Místek - Místek
10454,5000,32,2+1,"Havířov - Město, okres Karviná",Havířov - Město
10455,4000,23,1+1,"Karviná - Ráj, okres Karviná",Karviná - Ráj
10457,5000,33,2+1,"Havířov - Město, okres Karviná",Havířov - Město
10458,8000,41,3+1,"Ostrava - Moravská Ostrava, okres Ostrava-město",Ostrava - Moravská Ostrava
10459,7000,32,2+1,"Ostrava - Poruba, okres Ostrava-město",Ostrava - Poruba
10460,5000,32,2+1,"Karviná - Nové Město, okres Karviná",Karviná - Nové Město
10461,7000,32,2+1,"Ostrava - Poruba, okres Ostrava-město",Ostrava - Poruba
10463,7000,31,2+1,"Ostrava - Poruba, okres Ostrava-město",Ostrava - Poruba
10464,7000,32,2+1,"Ostrava - Poruba, okres Ostrava-město",Ostrava - Poruba
10466,9000,39,3+1,"Ostrava - Poruba, okres Ostrava-město",Ostrava - Poruba
10467,7000,22,1+1,"Ostrava - Poruba, okres Ostrava-město",Ostrava - Poruba
10468,7000,25,2+kk,"Ostrava - Moravská Ostrava, okres Ostrava-město",Ostrava - Moravská Ostrava
10470,9000,39,3+kk,"Ostrava - Moravská Ostrava, okres Ostrava-město",Ostrava - Moravská Ostrava
10471,8000,34,3+kk,"Ostrava - Poruba, okres Ostrava-město",Ostrava - Poruba
10472,9000,46,3+1,"Ostrava - Moravská Ostrava, okres Ostrava-město",Ostrava - Moravská Ostrava
10473,10000,48,3+kk,"Ostrava - Poruba, okres Ostrava-město",Ostrava - Poruba
10474,7000,28,2+kk,"Ostrava - Hrabůvka, okres Ostrava-město",Ostrava - Hrabůvka
10475,6000,33,2+1,"Orlová - Lutyně, okres Karviná",Orlová - Lutyně
10476,6000,42,3+1,"Karviná - Nové Město, okres Karviná",Karviná - Nové Město
10477,9000,35,2+1,"Ostrava - Moravská Ostrava, okres Ostrava-město",Ostrava - Moravská Ostrava
10478,10000,44,3+1,"Frýdek-Místek - Frýdek, okres Frýdek-Místek",Frýdek-Místek - Frýdek
10479,8000,45,3+1,"Český Těšín, okres Karviná",Český Těšín
10480,7000,26,2+kk,"Ostrava - Hrabůvka, okres Ostrava-město",Ostrava - Hrabůvka
10481,8000,29,2+1,"Karviná - Mizerov, okres Karviná",Karviná - Mizerov
10482,8000,32,2+kk,"Ostrava - Hrabůvka, okres Ostrava-město",Ostrava - Hrabůvka
10483,8000,29,2+kk,"Ostrava - Zábřeh, okres Ostrava-město",Ostrava - Zábřeh
10484,5000,21,1+1,Nový Jičín,Nový Jičín
10485,4000,16,1+kk,"Opava - Kateřinky, okres Opava",Opava - Kateřinky
10486,8000,53,3+1,"Opava - Kateřinky, okres Opava",Opava - Kateřinky
10487,5000,17,1+kk,"Ostrava - Moravská Ostrava, okres Ostrava-město",Ostrava - Moravská Ostrava
10488,6000,36,2+1,"Ostrava - Poruba, okres Ostrava-město",Ostrava - Poruba
10489,7000,26,2+1,"Ostrava - Bělský Les, okres Ostrava-město",Ostrava - Bělský Les
10490,6000,19,1+kk,"Opava - Předměstí, okres Opava",Opava - Předměstí
10491,5000,22,2+kk,"Ostrava - Poruba, okres Ostrava-město",Ostrava - Poruba
10492,5000,26,2+1,"Ostrava - Dubina, okres Ostrava-město",Ostrava - Dubina
10493,6000,25,2+1,"Ostrava - Bělský Les, okres Ostrava-město",Ostrava - Bělský Les
10494,7000,32,2+1,"Ostrava - Poruba, okres Ostrava-město",Ostrava - Poruba
10495,5000,15,1+1,"Frýdek-Místek - Místek, okres Frýdek-Místek",Frýdek-Místek - Místek
10496,10000,36,3+1,"Ostrava - Poruba, okres Ostrava-město",Ostrava - Poruba
10497,7000,32,2+1,"Ostrava - Zábřeh, okres Ostrava-město",Ostrava - Zábřeh
10498,7000,21,1+1,"Frýdek-Místek - Místek, okres Frýdek-Místek",Frýdek-Místek - Místek
10499,6000,23,1+1,"Ostrava - Výškovice, okres Ostrava-město",Ostrava - Výškovice
10500,6000,19,1+1,"Ostrava - Zábřeh, okres Ostrava-město",Ostrava - Zábřeh
10501,4000,27,1+1,"Ostrava - Moravská Ostrava, okres Ostrava-město",Ostrava - Moravská Ostrava
10502,9000,50,4+1,"Ostrava - Hrabůvka, okres Ostrava-město",Ostrava - Hrabůvka
10503,5000,15,1+kk,"Ostrava - Moravská Ostrava, okres Ostrava-město",Ostrava - Moravská Ostrava
10504,8000,44,3+1,"Ostrava - Poruba, okres Ostrava-město",Ostrava - Poruba
10505,8000,39,3+1,"Ostrava - Zábřeh, okres Ostrava-město",Ostrava - Zábřeh
10506,8000,44,3+1,"Ostrava - Zábřeh, okres Ostrava-město",Ostrava - Zábřeh
10507,4000,20,1+1,"Ostrava - Zábřeh, okres Ostrava-město",Ostrava - Zábřeh
10508,6000,26,2+1,"Ostrava - Dubina, okres Ostrava-město",Ostrava - Dubina
10509,5000,21,1+1,"Ostrava - Zábřeh, okres Ostrava-město",Ostrava - Zábřeh
10510,7000,29,2+1,"Frýdek-Místek - Frýdek, okres Frýdek-Místek",Frýdek-Místek - Frýdek
10511,7000,32,2+1,"Ostrava - Hrabůvka, okres Ostrava-město",Ostrava - Hrabůvka
10512,8000,34,2+kk,"Ostrava - Poruba, okres Ostrava-město",Ostrava - Poruba
10513,7000,32,2+1,"Ostrava - Poruba, okres Ostrava-město",Ostrava - Poruba
10514,5000,32,1+1,"Ostrava - Moravská Ostrava, okres Ostrava-město",Ostrava - Moravská Ostrava
10517,9000,34,2+1,"Ostrava - Poruba, okres Ostrava-město",Ostrava - Poruba
10519,8000,29,2+1,"Ostrava - Mariánské Hory, okres Ostrava-město",Ostrava - Mariánské Hory
10520,5000,35,2+1,"Karviná - Ráj, okres Karviná",Karviná - Ráj
10521,9000,36,3+kk,"Ostrava - Zábřeh, okres Ostrava-město",Ostrava - Zábřeh
10522,4000,14,1+kk,"Frýdek-Místek - Místek, okres Frýdek-Místek",Frýdek-Místek - Místek
10523,9000,45,3+1,"Ostrava - Mariánské Hory, okres Ostrava-město",Ostrava - Mariánské Hory
10524,6000,30,2+1,"Karviná - Mizerov, okres Karviná",Karviná - Mizerov
10525,8000,42,3+1,"Frýdek-Místek - Frýdek, okres Frýdek-Místek",Frýdek-Místek - Frýdek
10526,8000,32,2+1,"Karviná - Ráj, okres Karviná",Karviná - Ráj
10527,9000,32,2+kk,"Ostrava - Moravská Ostrava, okres Ostrava-město",Ostrava - Moravská Ostrava
10528,8000,39,2+1,"Opava - Předměstí, okres Opava",Opava - Předměstí
10529,8000,29,2+1,"Ostrava - Moravská Ostrava, okres Ostrava-město",Ostrava - Moravská Ostrava
10530,8000,40,3+1,"Ostrava - Bělský Les, okres Ostrava-město",Ostrava - Bělský Les
10531,7000,23,2+kk,"Ostrava, okres Ostrava-město",Ostrava
10532,6000,22,1+1,"Ostrava - Hrabůvka, okres Ostrava-město",Ostrava - Hrabůvka
10533,5000,22,1+1,"Ostrava - Hrabůvka, okres Ostrava-město",Ostrava - Hrabůvka
10535,7000,29,2+1,"Ostrava - Hrabůvka, okres Ostrava-město",Ostrava - Hrabůvka
10536,8000,31,2+1,"Ostrava - Zábřeh, okres Ostrava-město",Ostrava - Zábřeh
10537,7000,23,2+kk,"Ostrava - Zábřeh, okres Ostrava-město",Ostrava - Zábřeh
10538,6000,22,2+kk,"Ostrava - Hrabůvka, okres Ostrava-město",Ostrava - Hrabůvka
10539,7000,33,2+1,"Ostrava - Slezská Ostrava, okres Ostrava-město",Ostrava - Slezská Ostrava
10540,7000,34,2+1,"Ostrava - Poruba, okres Ostrava-město",Ostrava - Poruba
10541,6000,29,2+1,"Opava - Kateřinky, okres Opava",Opava - Kateřinky
10542,9000,28,2+kk,"Ostrava - Moravská Ostrava, okres Ostrava-město",Ostrava - Moravská Ostrava
10543,5000,15,1+kk,Nový Jičín,Nový Jičín
10544,8000,33,2+1,"Frýdek-Místek - Místek, okres Frýdek-Místek",Frýdek-Místek - Místek
10545,10000,38,3+kk,"Frýdek-Místek - Místek, okres Frýdek-Místek",Frýdek-Místek - Místek
10546,7000,31,2+1,"Ostrava - Hrabůvka, okres Ostrava-město",Ostrava - Hrabůvka
10547,8000,28,2+1,"Ostrava - Hrabůvka, okres Ostrava-město",Ostrava - Hrabůvka
10549,5000,16,1+kk,Nový Jičín,Nový Jičín
10550,10000,38,3+kk,"Ostrava - Moravská Ostrava, okres Ostrava-město",Ostrava - Moravská Ostrava
10551,8000,28,2+kk,"Ostrava - Moravská Ostrava, okres Ostrava-město",Ostrava - Moravská Ostrava
10552,8000,25,2+kk,"Ostrava - Moravská Ostrava, okres Ostrava-město",Ostrava - Moravská Ostrava
10553,8000,28,2+kk,"Ostrava - Moravská Ostrava, okres Ostrava-město",Ostrava - Moravská Ostrava
10554,8000,29,2+kk,"Ostrava - Moravská Ostrava, okres Ostrava-město",Ostrava - Moravská Ostrava
10555,7000,31,2+1,"Ostrava - Moravská Ostrava, okres Ostrava-město",Ostrava - Moravská Ostrava
10556,4000,12,1+kk,"Frýdek-Místek - Frýdek, okres Frýdek-Místek",Frýdek-Místek - Frýdek
10558,8000,44,3+1,"Ostrava - Poruba, okres Ostrava-město",Ostrava - Poruba
10559,7000,48,3+1,"Ostrava - Přívoz, okres Ostrava-město",Ostrava - Přívoz
10560,9000,33,3+kk,"Ostrava - Poruba, okres Ostrava-město",Ostrava - Poruba
10561,7000,34,2+1,"Ostrava - Poruba, okres Ostrava-město",Ostrava - Poruba
10562,7000,32,2+1,"Ostrava - Poruba, okres Ostrava-město",Ostrava - Poruba
10563,6000,34,2+1,"Ostrava - Poruba, okres Ostrava-město",Ostrava - Poruba
10564,7000,29,2+kk,"Ostrava - Poruba, okres Ostrava-město",Ostrava - Poruba
10565,5000,17,1+kk,"Ostrava - Poruba, okres Ostrava-město",Ostrava - Poruba
10566,9000,47,3+1,"Ostrava - Poruba, okres Ostrava-město",Ostrava - Poruba
10567,6000,28,2+1,"Ostrava - Poruba, okres Ostrava-město",Ostrava - Poruba
10568,4000,16,1+kk,"Ostrava - Poruba, okres Ostrava-město",Ostrava - Poruba
10569,6000,28,2+1,"Ostrava - Moravská Ostrava, okres Ostrava-město",Ostrava - Moravská Ostrava
10570,8000,33,2+1,"Ostrava - Moravská Ostrava, okres Ostrava-město",Ostrava - Moravská Ostrava
10571,4000,16,1+kk,"Ostrava - Zábřeh, okres Ostrava-město",Ostrava - Zábřeh
10572,9000,42,3+1,"Ostrava - Moravská Ostrava, okres Ostrava-město",Ostrava - Moravská Ostrava
10573,7000,24,1+1,"Ostrava - Moravská Ostrava, okres Ostrava-město",Ostrava - Moravská Ostrava
10574,13000,66,4+kk,"Ostrava - Moravská Ostrava, okres Ostrava-město",Ostrava - Moravská Ostrava
10576,5000,42,3+1,"Havířov - Šumbark, okres Karviná",Havířov - Šumbark
10578,4000,14,1+1,"Havířov - Město, okres Karviná",Havířov - Město
10579,8000,49,4+1,"Havířov - Město, okres Karviná",Havířov - Město
10580,8000,40,3+1,"Havířov - Město, okres Karviná",Havířov - Město
10581,8000,40,3+1,"Havířov - Město, okres Karviná",Havířov - Město
10582,6000,32,2+1,"Havířov - Město, okres Karviná",Havířov - Město
10583,11000,47,4+1,"Frenštát pod Radhoštěm, okres Nový Jičín",Frenštát pod Radhoštěm
10584,7000,44,3+1,"Havířov - Město, okres Karviná",Havířov - Město
10585,6000,39,3+1,"Havířov - Město, okres Karviná",Havířov - Město
10586,6000,31,2+1,"Havířov - Město, okres Karviná",Havířov - Město
10587,4000,20,1+1,"Havířov - Město, okres Karviná",Havířov - Město
10588,8000,62,4+1,"Havířov - Město, okres Karviná",Havířov - Město
10590,5000,42,2+1,"Havířov - Město, okres Karviná",Havířov - Město
10591,5000,26,1+1,"Havířov - Město, okres Karviná",Havířov - Město
10592,7000,49,3+1,"Havířov - Město, okres Karviná",Havířov - Město
10593,4000,26,2+kk,"Orlová - Lutyně, okres Karviná",Orlová - Lutyně
10594,6000,34,2+1,"Český Těšín, okres Karviná",Český Těšín
10596,16000,43,3+kk,"Ostrava - Hrabůvka, okres Ostrava-město",Ostrava - Hrabůvka
10597,8000,36,3+1,"Ostrava - Dubina, okres Ostrava-město",Ostrava - Dubina
10598,5000,25,2+1,"Ostrava - Dubina, okres Ostrava-město",Ostrava - Dubina
10599,5000,23,1+1,"Ostrava - Výškovice, okres Ostrava-město",Ostrava - Výškovice
10600,9000,39,3+kk,"Ostrava - Moravská Ostrava, okres Ostrava-město",Ostrava - Moravská Ostrava
10601,7000,26,2+kk,"Ostrava - Hrabůvka, okres Ostrava-město",Ostrava - Hrabůvka
10602,8000,29,2+1,"Karviná - Mizerov, okres Karviná",Karviná - Mizerov
10603,8000,32,2+kk,"Ostrava - Hrabůvka, okres Ostrava-město",Ostrava - Hrabůvka
10604,8000,29,2+kk,"Ostrava - Zábřeh, okres Ostrava-město",Ostrava - Zábřeh
10605,6000,23,1+1,"Ostrava - Moravská Ostrava, okres Ostrava-město",Ostrava - Moravská Ostrava
10606,5000,21,1+1,Nový Jičín,Nový Jičín
10607,4000,16,1+kk,"Opava - Kateřinky, okres Opava",Opava - Kateřinky
10608,8000,53,3+1,"Opava - Kateřinky, okres Opava",Opava - Kateřinky
10609,5000,17,1+kk,"Ostrava - Moravská Ostrava, okres Ostrava-město",Ostrava - Moravská Ostrava
10610,6000,36,2+1,"Ostrava - Poruba, okres Ostrava-město",Ostrava - Poruba
10611,7000,26,2+1,"Ostrava - Bělský Les, okres Ostrava-město",Ostrava - Bělský Les
10612,6000,19,1+kk,"Opava - Předměstí, okres Opava",Opava - Předměstí
10613,4000,27,1+1,"Ostrava - Moravská Ostrava, okres Ostrava-město",Ostrava - Moravská Ostrava
10614,8000,44,3+1,"Ostrava - Poruba, okres Ostrava-město",Ostrava - Poruba
10616,9000,34,2+1,"Ostrava - Poruba, okres Ostrava-město",Ostrava - Poruba
10618,8000,29,2+1,"Ostrava - Mariánské Hory, okres Ostrava-město",Ostrava - Mariánské Hory
10619,5000,35,2+1,"Karviná - Ráj, okres Karviná",Karviná - Ráj
10620,9000,36,3+kk,"Ostrava - Zábřeh, okres Ostrava-město",Ostrava - Zábřeh
10621,4000,14,1+kk,"Frýdek-Místek - Místek, okres Frýdek-Místek",Frýdek-Místek - Místek
10624,5000,41,2+1,"Karviná - Nové Město, okres Karviná",Karviná - Nové Město
10625,7000,32,2+1,"Ostrava - Zábřeh, okres Ostrava-město",Ostrava - Zábřeh
10627,8000,33,2+1,"Ostrava - Slezská Ostrava, okres Ostrava-město",Ostrava - Slezská Ostrava
10629,5000,20,1+1,"Ostrava - Zábřeh, okres Ostrava-město",Ostrava - Zábřeh
10630,6000,22,2+kk,Nový Jičín,Nový Jičín
10631,6000,32,2+1,"Karviná - Mizerov, okres Karviná",Karviná - Mizerov
10632,5000,24,1+1,"Karviná - Ráj, okres Karviná",Karviná - Ráj
10633,8000,51,4+1,"Třinec - Lyžbice, okres Frýdek-Místek",Třinec - Lyžbice
10634,5000,28,1+1,"Kopřivnice, okres Nový Jičín",Kopřivnice
10635,4000,27,2+kk,"Orlová - Lutyně, okres Karviná",Orlová - Lutyně
10636,5000,31,2+1,"Karviná - Ráj, okres Karviná",Karviná - Ráj
10637,4000,21,1+1,"Karviná - Ráj, okres Karviná",Karviná - Ráj
10638,15000,72,4+1,"Ostrava - Moravská Ostrava, okres Ostrava-město",Ostrava - Moravská Ostrava
10639,35000,78,4+kk,"Ostrava - Moravská Ostrava, okres Ostrava-město",Ostrava - Moravská Ostrava
10640,29000,63,3+kk,"Ostrava - Slezská Ostrava, okres Ostrava-město",Ostrava - Slezská Ostrava
10641,5000,21,2+kk,Nový Jičín,Nový Jičín
10642,7000,28,2+1,"Havířov - Město, okres Karviná",Havířov - Město
10643,7000,41,3+kk,"Opava - Předměstí, okres Opava",Opava - Předměstí
10644,6000,12,1+kk,"Opava - Kateřinky, okres Opava",Opava - Kateřinky
10645,7000,47,3+kk,"Havířov - Město, okres Karviná",Havířov - Město
10646,10000,28,2+kk,"Ostrava - Mariánské Hory, okres Ostrava-město",Ostrava - Mariánské Hory
10647,9000,25,2+kk,"Ostrava - Mariánské Hory, okres Ostrava-město",Ostrava - Mariánské Hory
10648,10000,28,2+kk,"Ostrava - Mariánské Hory, okres Ostrava-město",Ostrava - Mariánské Hory
10649,10000,32,2+kk,"Ostrava - Mariánské Hory, okres Ostrava-město",Ostrava - Mariánské Hory
10650,10000,32,2+1,"Ostrava - Zábřeh, okres Ostrava-město",Ostrava - Zábřeh
10651,12000,35,3+kk,"Ostrava - Poruba, okres Ostrava-město",Ostrava - Poruba
10652,9000,40,2+1,"Ostrava - Zábřeh, okres Ostrava-město",Ostrava - Zábřeh
10653,8000,39,2+1,"Ostrava - Moravská Ostrava, okres Ostrava-město",Ostrava - Moravská Ostrava
10654,9000,36,2+1,"Frenštát pod Radhoštěm, okres Nový Jičín",Frenštát pod Radhoštěm
10656,8000,37,3+kk,"Havířov - Podlesí, okres Karviná",Havířov - Podlesí
10657,7000,33,2+1,"Karviná - Ráj, okres Karviná",Karviná - Ráj
10658,7000,32,2+kk,"Ostrava - Zábřeh, okres Ostrava-město",Ostrava - Zábřeh
10659,6000,20,1+kk,"Ostrava - Slezská Ostrava, okres Ostrava-město",Ostrava - Slezská Ostrava
10660,9000,31,2+kk,"Ostrava - Slezská Ostrava, okres Ostrava-město",Ostrava - Slezská Ostrava
10661,8000,32,2+1,"Ostrava - Hrabůvka, okres Ostrava-město",Ostrava - Hrabůvka
10662,8000,65,3+kk,"Opava - Město, okres Opava",Opava - Město
10663,11000,38,3+1,"Třinec - Lyžbice, okres Frýdek-Místek",Třinec - Lyžbice
10664,6000,26,2+kk,"Ostrava - Zábřeh, okres Ostrava-město",Ostrava - Zábřeh
10665,11000,28,2+kk,"Ostrava, okres Ostrava-město",Ostrava
10666,7000,22,2+kk,"Ostrava - Mariánské Hory, okres Ostrava-město",Ostrava - Mariánské Hory
10668,5000,14,1+kk,"Frýdek-Místek - Frýdek, okres Frýdek-Místek",Frýdek-Místek - Frýdek
10669,12000,40,4+kk,"Třinec - Lyžbice, okres Frýdek-Místek",Třinec - Lyžbice
10670,4000,11,other,"Ostrava - Moravská Ostrava, okres Ostrava-město",Ostrava - Moravská Ostrava
10671,8000,32,2+1,"Havířov - Město, okres Karviná",Havířov - Město
10672,5000,16,1+kk,"Ostrava - Poruba, okres Ostrava-město",Ostrava - Poruba
10673,5000,20,1+1,"Ostrava - Poruba, okres Ostrava-město",Ostrava - Poruba
10674,4000,22,1+1,"Orlová - Lutyně, okres Karviná",Orlová - Lutyně
10675,10000,43,3+1,"Frýdek-Místek - Frýdek, okres Frýdek-Místek",Frýdek-Místek - Frýdek
10676,7000,26,2+kk,"Ostrava - Mariánské Hory, okres Ostrava-město",Ostrava - Mariánské Hory
10678,11000,48,3+1,"Ostrava - Moravská Ostrava, okres Ostrava-město",Ostrava - Moravská Ostrava
10679,5000,23,1+1,"Ostrava - Výškovice, okres Ostrava-město",Ostrava - Výškovice
10681,7000,33,2+1,"Ostrava - Poruba, okres Ostrava-město",Ostrava - Poruba
10682,5000,17,1+1,"Ostrava - Moravská Ostrava, okres Ostrava-město",Ostrava - Moravská Ostrava
10683,6000,38,3+1,Bruntál,Bruntál
10684,7000,39,3+1,Bruntál,Bruntál
10686,8000,32,2+1,"Ostrava - Hrabůvka, okres Ostrava-město",Ostrava - Hrabůvka
10687,6000,26,2+1,"Orlová - Lutyně, okres Karviná",Orlová - Lutyně
10688,5000,26,1+1,"Ostrava - Hrabůvka, okres Ostrava-město",Ostrava - Hrabůvka
10689,5000,11,1+kk,"Ostrava - Hrabůvka, okres Ostrava-město",Ostrava - Hrabůvka
10692,8000,26,2+kk,"Ostrava - Hrabůvka, okres Ostrava-město",Ostrava - Hrabůvka
10693,5000,39,2+1,"Opava - Město, okres Opava",Opava - Město
10694,7000,32,2+1,"Ostrava - Poruba, okres Ostrava-město",Ostrava - Poruba
10695,9000,40,3+1,"Ostrava - Dubina, okres Ostrava-město",Ostrava - Dubina
10696,10000,52,3+1,"Frýdek-Místek - Frýdek, okres Frýdek-Místek",Frýdek-Místek - Frýdek
10697,13000,85,3+1,"Frýdek-Místek - Frýdek, okres Frýdek-Místek",Frýdek-Místek - Frýdek
10698,14000,85,5+1,"Frýdek-Místek - Frýdek, okres Frýdek-Místek",Frýdek-Místek - Frýdek
10699,7000,16,1+kk,"Ostrava - Výškovice, okres Ostrava-město",Ostrava - Výškovice
10700,7000,16,1+kk,"Ostrava - Výškovice, okres Ostrava-město",Ostrava - Výškovice
10701,14000,36,2+kk,"Ostrava - Moravská Ostrava, okres Ostrava-město",Ostrava - Moravská Ostrava
10702,4000,20,1+1,"Havířov - Podlesí, okres Karviná",Havířov - Podlesí
10703,5000,21,1+1,"Krnov - Pod Bezručovým vrchem, okres Bruntál",Krnov - Pod Bezručovým vrchem
10704,6000,39,2+1,"Opava - Předměstí, okres Opava",Opava - Předměstí
10705,7000,31,2+kk,"Ostrava - Moravská Ostrava, okres Ostrava-město",Ostrava - Moravská Ostrava
10706,5000,31,2+kk,"Havířov - Město, okres Karviná",Havířov - Město
10707,6000,21,1+1,Nový Jičín,Nový Jičín
10708,8000,16,1+kk,"Ostrava - Moravská Ostrava, okres Ostrava-město",Ostrava - Moravská Ostrava
10709,4000,13,1+kk,"Ostrava - Zábřeh, okres Ostrava-město",Ostrava - Zábřeh
10710,5000,26,1+1,"Ostrava - Zábřeh, okres Ostrava-město",Ostrava - Zábřeh
10711,8000,35,2+kk,"Opava - Kateřinky, okres Opava",Opava - Kateřinky
10712,7000,31,2+kk,"Opava - Město, okres Opava",Opava - Město
10715,15000,71,4+kk,"Orlová - Lutyně, okres Karviná",Orlová - Lutyně
10716,8000,47,2+kk,Nový Jičín,Nový Jičín
10718,5000,21,2+kk,"Ostrava - Zábřeh, okres Ostrava-město",Ostrava - Zábřeh
10719,5000,19,1+1,"Třinec - Staré Město, okres Frýdek-Místek",Třinec - Staré Město
10720,11000,69,3+1,"Ostrava - Moravská Ostrava, okres Ostrava-město",Ostrava - Moravská Ostrava
10721,7000,30,2+1,"Třinec - Staré Město, okres Frýdek-Místek",Třinec - Staré Město
10723,7000,34,3+kk,"Ostrava, okres Ostrava-město",Ostrava
10724,4000,11,other,"Třinec - Staré Město, okres Frýdek-Místek",Třinec - Staré Město
10725,10000,42,3+kk,"Třinec - Staré Město, okres Frýdek-Místek",Třinec - Staré Město
10726,8000,44,3+1,"Třinec - Staré Město, okres Frýdek-Místek",Třinec - Staré Město
10727,5000,26,2+1,"Ostrava - Dubina, okres Ostrava-město",Ostrava - Dubina
10728,10000,41,2+kk,Nový Jičín,Nový Jičín
10730,7000,33,2+1,"Karviná - Ráj, okres Karviná",Karviná - Ráj
10732,5000,23,1+1,Nový Jičín,Nový Jičín
10733,7000,20,2+kk,Nový Jičín,Nový Jičín
10734,7000,24,2+kk,"Ostrava - Hrabůvka, okres Ostrava-město",Ostrava - Hrabůvka
10735,5000,26,1+1,"Ostrava - Zábřeh, okres Ostrava-město",Ostrava - Zábřeh
10736,4000,13,1+kk,"Ostrava - Zábřeh, okres Ostrava-město",Ostrava - Zábřeh
10737,10000,56,3+1,"Hlučín, okres Opava",Hlučín
10738,5000,14,1+kk,"Ostrava - Hrabůvka, okres Ostrava-město",Ostrava - Hrabůvka
10739,7000,32,2+1,"Ostrava - Zábřeh, okres Ostrava-město",Ostrava - Zábřeh
10741,11000,54,1+kk,"Opava - Kateřinky, okres Opava",Opava - Kateřinky
10742,5000,14,1+kk,"Ostrava - Poruba, okres Ostrava-město",Ostrava - Poruba
10743,10000,44,3+1,"Ostrava - Poruba, okres Ostrava-město",Ostrava - Poruba
10744,5000,23,1+1,"Frýdek-Místek - Místek, okres Frýdek-Místek",Frýdek-Místek - Místek
10745,6000,25,2+1,"Ostrava - Moravská Ostrava, okres Ostrava-město",Ostrava - Moravská Ostrava
10746,4000,12,1+kk,"Třinec - Lyžbice, okres Frýdek-Místek",Třinec - Lyžbice
10748,6000,25,1+1,"Ostrava - Poruba, okres Ostrava-město",Ostrava - Poruba
10749,5000,18,1+1,Nový Jičín,Nový Jičín
10750,5000,20,1+1,"Frýdek-Místek - Frýdek, okres Frýdek-Místek",Frýdek-Místek - Frýdek
10751,6000,25,1+1,"Frýdek-Místek - Frýdek, okres Frýdek-Místek",Frýdek-Místek - Frýdek
10752,6000,21,1+1,"Kopřivnice, okres Nový Jičín",Kopřivnice
10753,10000,36,3+1,"Ostrava - Bělský Les, okres Ostrava-město",Ostrava - Bělský Les
10754,8000,43,3+1,"Český Těšín, okres Karviná",Český Těšín
10756,5000,39,3+kk,"Hlučín, okres Opava",Hlučín
10759,5000,19,1+1,"Opava - Město, okres Opava",Opava - Město
10760,5000,13,1+kk,"Ostrava - Hrabůvka, okres Ostrava-město",Ostrava - Hrabůvka
10762,4000,24,1+1,"Ostrava - Přívoz, okres Ostrava-město",Ostrava - Přívoz
10764,5000,14,1+kk,"Ostrava - Slezská Ostrava, okres Ostrava-město",Ostrava - Slezská Ostrava
10765,4000,17,1+kk,Bruntál,Bruntál
10766,6000,33,2+kk,Bruntál,Bruntál
10767,11000,44,1+1,"Havířov - Město, okres Karviná",Havířov - Město
10768,13000,85,3+1,"Frýdek-Místek - Frýdek, okres Frýdek-Místek",Frýdek-Místek - Frýdek
10769,14000,85,5+1,"Frýdek-Místek - Frýdek, okres Frýdek-Místek",Frýdek-Místek - Frýdek
10770,7000,16,1+kk,"Ostrava - Výškovice, okres Ostrava-město",Ostrava - Výškovice
10771,7000,16,1+kk,"Ostrava - Výškovice, okres Ostrava-město",Ostrava - Výškovice
10772,14000,36,2+kk,"Ostrava - Moravská Ostrava, okres Ostrava-město",Ostrava - Moravská Ostrava
10773,4000,20,1+1,"Havířov - Podlesí, okres Karviná",Havířov - Podlesí
10774,5000,21,1+1,"Krnov - Pod Bezručovým vrchem, okres Bruntál",Krnov - Pod Bezručovým vrchem
10775,6000,39,2+1,"Opava - Předměstí, okres Opava",Opava - Předměstí
10776,7000,31,2+kk,"Ostrava - Moravská Ostrava, okres Ostrava-město",Ostrava - Moravská Ostrava
10777,6000,21,1+1,Nový Jičín,Nový Jičín
10778,8000,16,1+kk,"Ostrava - Moravská Ostrava, okres Ostrava-město",Ostrava - Moravská Ostrava
10779,4000,13,1+kk,"Ostrava - Zábřeh, okres Ostrava-město",Ostrava - Zábřeh
10780,5000,26,1+1,"Ostrava - Zábřeh, okres Ostrava-město",Ostrava - Zábřeh
10781,8000,35,2+kk,"Opava - Kateřinky, okres Opava",Opava - Kateřinky
10782,7000,31,2+kk,"Opava - Město, okres Opava",Opava - Město
10785,15000,71,4+kk,"Orlová - Lutyně, okres Karviná",Orlová - Lutyně
10786,8000,47,2+kk,Nový Jičín,Nový Jičín
10788,5000,21,2+kk,"Ostrava - Zábřeh, okres Ostrava-město",Ostrava - Zábřeh
10789,5000,19,1+1,"Třinec - Staré Město, okres Frýdek-Místek",Třinec - Staré Město
10790,11000,69,3+1,"Ostrava - Moravská Ostrava, okres Ostrava-město",Ostrava - Moravská Ostrava
10791,7000,30,2+1,"Třinec - Staré Město, okres Frýdek-Místek",Třinec - Staré Město
10793,7000,34,3+kk,"Ostrava, okres Ostrava-město",Ostrava
10794,4000,11,other,"Třinec - Staré Město, okres Frýdek-Místek",Třinec - Staré Město
10795,10000,42,3+kk,"Třinec - Staré Město, okres Frýdek-Místek",Třinec - Staré Město
10796,8000,44,3+1,"Třinec - Staré Město, okres Frýdek-Místek",Třinec - Staré Město
10797,10000,41,2+kk,Nový Jičín,Nový Jičín
10799,7000,33,2+1,"Karviná - Ráj, okres Karviná",Karviná - Ráj
10801,5000,23,1+1,Nový Jičín,Nový Jičín
10802,7000,20,2+kk,Nový Jičín,Nový Jičín
10803,7000,24,2+kk,"Ostrava - Hrabůvka, okres Ostrava-město",Ostrava - Hrabůvka
10804,5000,26,1+1,"Ostrava - Zábřeh, okres Ostrava-město",Ostrava - Zábřeh
10805,4000,13,1+kk,"Ostrava - Zábřeh, okres Ostrava-město",Ostrava - Zábřeh
10806,10000,56,3+1,"Hlučín, okres Opava",Hlučín
10807,5000,14,1+kk,"Ostrava - Hrabůvka, okres Ostrava-město",Ostrava - Hrabůvka
10808,7000,32,2+1,"Ostrava - Zábřeh, okres Ostrava-město",Ostrava - Zábřeh
10810,11000,54,1+kk,"Opava - Kateřinky, okres Opava",Opava - Kateřinky
10811,5000,14,1+kk,"Ostrava - Poruba, okres Ostrava-město",Ostrava - Poruba
10812,10000,44,3+1,"Ostrava - Poruba, okres Ostrava-město",Ostrava - Poruba
10813,5000,23,1+1,"Frýdek-Místek - Místek, okres Frýdek-Místek",Frýdek-Místek - Místek
10814,6000,25,2+1,"Ostrava - Moravská Ostrava, okres Ostrava-město",Ostrava - Moravská Ostrava
10815,4000,12,1+kk,"Třinec - Lyžbice, okres Frýdek-Místek",Třinec - Lyžbice
10817,5000,18,1+1,Nový Jičín,Nový Jičín
10818,5000,20,1+1,"Frýdek-Místek - Frýdek, okres Frýdek-Místek",Frýdek-Místek - Frýdek
10819,6000,25,1+1,"Frýdek-Místek - Frýdek, okres Frýdek-Místek",Frýdek-Místek - Frýdek
10820,6000,21,1+1,"Kopřivnice, okres Nový Jičín",Kopřivnice
10821,10000,36,3+1,"Ostrava - Bělský Les, okres Ostrava-město",Ostrava - Bělský Les
10823,5000,39,3+kk,"Hlučín, okres Opava",Hlučín
10826,5000,19,1+1,"Opava - Město, okres Opava",Opava - Město
10827,5000,13,1+kk,"Ostrava - Hrabůvka, okres Ostrava-město",Ostrava - Hrabůvka
10829,5000,17,1+kk,"Ostrava - Moravská Ostrava, okres Ostrava-město",Ostrava - Moravská Ostrava
10830,8000,23,1+kk,"Opava - Předměstí, okres Opava",Opava - Předměstí
10831,7000,32,3+kk,"Český Těšín, okres Karviná",Český Těšín
10832,7000,37,2+1,"Frýdek-Místek - Frýdek, okres Frýdek-Místek",Frýdek-Místek - Frýdek
10833,9000,39,3+1,"Ostrava - Moravská Ostrava, okres Ostrava-město",Ostrava - Moravská Ostrava
10834,10000,35,2+kk,"Ostrava - Moravská Ostrava, okres Ostrava-město",Ostrava - Moravská Ostrava
10835,8000,38,3+1,"Český Těšín, okres Karviná",Český Těšín
10836,8000,29,2+1,"Havířov - Podlesí, okres Karviná",Havířov - Podlesí
10837,8000,32,3+1,"Ostrava - Zábřeh, okres Ostrava-město",Ostrava - Zábřeh
10838,7000,29,2+kk,"Ostrava - Mariánské Hory, okres Ostrava-město",Ostrava - Mariánské Hory
10840,9000,37,3+1,"Ostrava - Poruba, okres Ostrava-město",Ostrava - Poruba
10843,4000,31,2+1,"Karviná - Nové Město, okres Karviná",Karviná - Nové Město
10844,4000,20,1+kk,"Karviná - Hranice, okres Karviná",Karviná - Hranice
10845,5000,35,2+1,"Havířov - Šumbark, okres Karviná",Havířov - Šumbark
10846,4000,32,1+1,"Havířov - Šumbark, okres Karviná",Havířov - Šumbark
10847,5000,32,2+1,"Havířov - Město, okres Karviná",Havířov - Město
10849,5000,16,1+kk,"Ostrava - Moravská Ostrava, okres Ostrava-město",Ostrava - Moravská Ostrava
10850,7000,33,2+1,"Karviná - Ráj, okres Karviná",Karviná - Ráj
10851,5000,17,1+kk,"Ostrava - Moravská Ostrava, okres Ostrava-město",Ostrava - Moravská Ostrava
10852,9000,29,2+1,"Ostrava - Poruba, okres Ostrava-město",Ostrava - Poruba
10853,7000,38,3+1,"Opava - Předměstí, okres Opava",Opava - Předměstí
10854,7000,26,2+1,"Ostrava - Zábřeh, okres Ostrava-město",Ostrava - Zábřeh
10855,5000,35,2+1,"Ostrava - Moravská Ostrava, okres Ostrava-město",Ostrava - Moravská Ostrava
10856,8000,38,3+1,"Opava - Kateřinky, okres Opava",Opava - Kateřinky
10857,8000,44,4+kk,"Ostrava - Hrabůvka, okres Ostrava-město",Ostrava - Hrabůvka
10858,5000,22,1+1,"Ostrava - Výškovice, okres Ostrava-město",Ostrava - Výškovice
10859,8000,38,2+1,"Frýdek-Místek - Místek, okres Frýdek-Místek",Frýdek-Místek - Místek
10860,6000,37,3+1,"Ostrava - Hrabůvka, okres Ostrava-město",Ostrava - Hrabůvka
10861,6000,31,2+1,"Ostrava - Mariánské Hory, okres Ostrava-město",Ostrava - Mariánské Hory
10865,5000,25,1+1,"Karviná - Mizerov, okres Karviná",Karviná - Mizerov
10866,7000,35,2+1,"Ostrava - Moravská Ostrava, okres Ostrava-město",Ostrava - Moravská Ostrava
10867,9000,42,1+kk,"Český Těšín, okres Karviná",Český Těšín
10868,7000,33,2+1,"Ostrava - Poruba, okres Ostrava-město",Ostrava - Poruba
10869,7000,56,4+kk,"Ostrava - Mariánské Hory, okres Ostrava-město",Ostrava - Mariánské Hory
10870,6000,22,1+1,"Ostrava - Zábřeh, okres Ostrava-město",Ostrava - Zábřeh
10872,8000,32,2+1,"Ostrava - Hrabůvka, okres Ostrava-město",Ostrava - Hrabůvka
10873,5000,12,1+kk,"Ostrava - Moravská Ostrava, okres Ostrava-město",Ostrava - Moravská Ostrava
10874,7000,31,2+1,"Třinec - Lyžbice, okres Frýdek-Místek",Třinec - Lyžbice
10875,11000,50,4+1,"Ostrava - Poruba, okres Ostrava-město",Ostrava - Poruba
10878,6000,22,1+1,"Ostrava - Poruba, okres Ostrava-město",Ostrava - Poruba
10879,10000,65,3+1,"Ostrava - Moravská Ostrava, okres Ostrava-město",Ostrava - Moravská Ostrava
10880,5000,21,1+kk,"Ostrava - Bělský Les, okres Ostrava-město",Ostrava - Bělský Les
10881,9000,41,3+1,"Frenštát pod Radhoštěm, okres Nový Jičín",Frenštát pod Radhoštěm
10882,8000,33,2+1,"Karviná - Ráj, okres Karviná",Karviná - Ráj
10883,9000,32,2+kk,"Ostrava - Mariánské Hory, okres Ostrava-město",Ostrava - Mariánské Hory
10884,8000,42,3+kk,"Opava - Kateřinky, okres Opava",Opava - Kateřinky
10886,8000,52,2+kk,"Ostrava - Mariánské Hory, okres Ostrava-město",Ostrava - Mariánské Hory
10887,9000,44,3+1,"Ostrava - Hrabůvka, okres Ostrava-město",Ostrava - Hrabůvka
10889,7000,34,2+kk,"Ostrava - Poruba, okres Ostrava-město",Ostrava - Poruba
10890,7000,43,3+1,"Krnov - Pod Bezručovým vrchem, okres Bruntál",Krnov - Pod Bezručovým vrchem
10894,10000,29,1+kk,"Opava - Město, okres Opava",Opava - Město
10896,6000,45,2+1,"Opava - Město, okres Opava",Opava - Město
10897,5000,29,1+1,"Opava - Předměstí, okres Opava",Opava - Předměstí
10898,6000,25,1+1,"Havířov - Město, okres Karviná",Havířov - Město
10899,6000,32,2+1,"Havířov - Město, okres Karviná",Havířov - Město
10900,7000,29,2+1,"Orlová - Lutyně, okres Karviná",Orlová - Lutyně
10901,8000,41,3+1,"Havířov - Město, okres Karviná",Havířov - Město
10903,5000,21,1+1,Bruntál,Bruntál
10904,6000,26,2+kk,"Ostrava - Dubina, okres Ostrava-město",Ostrava - Dubina
10905,9000,38,3+kk,"Ostrava - Moravská Ostrava, okres Ostrava-město",Ostrava - Moravská Ostrava
10906,7000,33,2+1,"Frýdek-Místek - Frýdek, okres Frýdek-Místek",Frýdek-Místek - Frýdek
10908,14000,59,4+kk,"Ostrava - Zábřeh, okres Ostrava-město",Ostrava - Zábřeh
10909,7000,28,2+kk,"Opava - Předměstí, okres Opava",Opava - Předměstí
10910,7000,23,2+kk,"Havířov - Podlesí, okres Karviná",Havířov - Podlesí
10912,8000,35,2+kk,"Krnov - Pod Bezručovým vrchem, okres Bruntál",Krnov - Pod Bezručovým vrchem
10915,4000,23,1+1,Bruntál,Bruntál
10916,5000,35,2+1,Bruntál,Bruntál
10917,7000,33,2+1,Bruntál,Bruntál
10918,6000,14,1+kk,"Ostrava - Moravská Ostrava, okres Ostrava-město",Ostrava - Moravská Ostrava
10919,7000,23,2+1,"Havířov - Podlesí, okres Karviná",Havířov - Podlesí
10920,7000,33,2+1,"Ostrava - Zábřeh, okres Ostrava-město",Ostrava - Zábřeh
10921,4000,22,1+1,"Ostrava - Moravská Ostrava, okres Ostrava-město",Ostrava - Moravská Ostrava
10922,19000,53,3+kk,"Ostrava - Moravská Ostrava, okres Ostrava-město",Ostrava - Moravská Ostrava
10923,5000,21,1+1,"Frýdek-Místek - Místek, okres Frýdek-Místek",Frýdek-Místek - Místek
10924,11000,50,3+kk,"Ostrava - Moravská Ostrava, okres Ostrava-město",Ostrava - Moravská Ostrava
10925,7000,33,2+1,"Opava - Předměstí, okres Opava",Opava - Předměstí
10926,8000,29,1+1,"Ostrava - Mariánské Hory, okres Ostrava-město",Ostrava - Mariánské Hory
10927,7000,32,2+1,"Hlučín, okres Opava",Hlučín
10928,7000,35,3+1,"Ostrava - Zábřeh, okres Ostrava-město",Ostrava - Zábřeh
10929,6000,22,1+1,"Ostrava - Moravská Ostrava, okres Ostrava-město",Ostrava - Moravská Ostrava
10930,8000,41,3+1,"Ostrava - Moravská Ostrava, okres Ostrava-město",Ostrava - Moravská Ostrava
10931,16000,37,3+kk,"Ostrava - Hrabůvka, okres Ostrava-město",Ostrava - Hrabůvka
10933,5000,34,2+1,"Krnov - Pod Bezručovým vrchem, okres Bruntál",Krnov - Pod Bezručovým vrchem
10934,7000,35,2+1,"Ostrava - Moravská Ostrava, okres Ostrava-město",Ostrava - Moravská Ostrava
10936,10000,45,3+1,"Ostrava - Poruba, okres Ostrava-město",Ostrava - Poruba
10938,8000,32,2+1,"Třinec - Lyžbice, okres Frýdek-Místek",Třinec - Lyžbice
10939,5000,31,2+1,"Frýdek-Místek - Frýdek, okres Frýdek-Místek",Frýdek-Místek - Frýdek
10940,15000,32,2+kk,"Ostrava - Zábřeh, okres Ostrava-město",Ostrava - Zábřeh
10941,50000,105,3+kk,"Ostrava - Poruba, okres Ostrava-město",Ostrava - Poruba
10942,7000,29,2+kk,"Frýdek-Místek - Místek, okres Frýdek-Místek",Frýdek-Místek - Místek
10943,5000,35,2+1,"Opava - Předměstí, okres Opava",Opava - Předměstí
10944,17000,81,4+1,"Ostrava, okres Ostrava-město",Ostrava
10946,4000,17,1+kk,"Ostrava, okres Ostrava-město",Ostrava
10947,10000,38,3+1,"Ostrava - Zábřeh, okres Ostrava-město",Ostrava - Zábřeh
10948,8000,44,2+kk,"Ostrava - Moravská Ostrava, okres Ostrava-město",Ostrava - Moravská Ostrava
10949,4000,33,2+1,Bruntál,Bruntál
10950,6000,30,2+1,"Havířov - Město, okres Karviná",Havířov - Město
10952,7000,33,2+1,"Ostrava - Zábřeh, okres Ostrava-město",Ostrava - Zábřeh
10953,8000,36,2+kk,Nový Jičín,Nový Jičín
10954,5000,25,1+1,"Karviná - Ráj, okres Karviná",Karviná - Ráj
10956,8000,32,2+1,"Ostrava - Zábřeh, okres Ostrava-město",Ostrava - Zábřeh
10957,13000,40,3+1,"Ostrava - Zábřeh, okres Ostrava-město",Ostrava - Zábřeh
10958,6000,22,1+1,"Ostrava - Poruba, okres Ostrava-město",Ostrava - Poruba
10960,6000,29,2+1,"Krnov - Pod Bezručovým vrchem, okres Bruntál",Krnov - Pod Bezručovým vrchem
10961,7000,38,2+1,"Frýdek-Místek - Místek, okres Frýdek-Místek",Frýdek-Místek - Místek
10962,8000,32,2+1,"Frýdek-Místek - Frýdek, okres Frýdek-Místek",Frýdek-Místek - Frýdek
10963,17000,41,3+kk,"Ostrava - Slezská Ostrava, okres Ostrava-město",Ostrava - Slezská Ostrava
10964,5000,29,2+1,"Havířov - Město, okres Karviná",Havířov - Město
10965,5000,20,1+1,"Havířov - Město, okres Karviná",Havířov - Město
10966,7000,39,3+1,"Havířov - Město, okres Karviná",Havířov - Město
10967,4000,32,2+1,"Havířov - Šumbark, okres Karviná",Havířov - Šumbark
10968,4000,35,2+1,"Havířov - Šumbark, okres Karviná",Havířov - Šumbark
10969,6000,31,2+1,"Havířov - Město, okres Karviná",Havířov - Město
10970,7000,30,2+1,"Havířov - Město, okres Karviná",Havířov - Město
10971,4000,22,1+1,"Karviná - Nové Město, okres Karviná",Karviná - Nové Město
10972,6000,34,2+1,"Karviná - Nové Město, okres Karviná",Karviná - Nové Město
10975,8000,41,3+1,"Havířov - Město, okres Karviná",Havířov - Město
10976,6000,17,1+kk,"Ostrava - Moravská Ostrava, okres Ostrava-město",Ostrava - Moravská Ostrava
10977,8000,21,2+kk,"Havířov - Podlesí, okres Karviná",Havířov - Podlesí
10978,9000,37,2+kk,"Opava - Předměstí, okres Opava",Opava - Předměstí
10979,5000,17,1+kk,"Ostrava - Moravská Ostrava, okres Ostrava-město",Ostrava - Moravská Ostrava
10980,5000,16,1+kk,"Ostrava - Moravská Ostrava, okres Ostrava-město",Ostrava - Moravská Ostrava
10981,6000,29,2+kk,"Opava - Předměstí, okres Opava",Opava - Předměstí
10983,6000,25,2+kk,"Ostrava - Zábřeh, okres Ostrava-město",Ostrava - Zábřeh
10984,10000,43,3+1,"Frýdek-Místek - Frýdek, okres Frýdek-Místek",Frýdek-Místek - Frýdek
10986,8000,31,2+1,"Frýdek-Místek - Místek, okres Frýdek-Místek",Frýdek-Místek - Místek
10987,6000,26,2+1,"Ostrava - Dubina, okres Ostrava-město",Ostrava - Dubina
10988,8000,35,3+1,"Ostrava - Moravská Ostrava, okres Ostrava-město",Ostrava - Moravská Ostrava
10989,6000,32,2+1,"Ostrava - Zábřeh, okres Ostrava-město",Ostrava - Zábřeh
10990,7000,25,2+1,"Ostrava - Zábřeh, okres Ostrava-město",Ostrava - Zábřeh
10991,7000,33,2+kk,"Ostrava - Poruba, okres Ostrava-město",Ostrava - Poruba
10992,4000,26,2+1,"Havířov - Šumbark, okres Karviná",Havířov - Šumbark
10993,7000,35,2+1,"Ostrava - Poruba, okres Ostrava-město",Ostrava - Poruba
10994,6000,17,1+1,"Ostrava - Poruba, okres Ostrava-město",Ostrava - Poruba
10995,8000,13,1+kk,"Ostrava - Poruba, okres Ostrava-město",Ostrava - Poruba
10996,6000,26,2+1,"Ostrava - Bělský Les, okres Ostrava-město",Ostrava - Bělský Les
10997,6000,24,1+1,"Opava - Předměstí, okres Opava",Opava - Předměstí
10998,8000,34,2+1,"Ostrava - Poruba, okres Ostrava-město",Ostrava - Poruba
11000,6000,33,2+1,"Frýdek-Místek - Místek, okres Frýdek-Místek",Frýdek-Místek - Místek
11001,7000,31,1+1,"Ostrava - Moravská Ostrava, okres Ostrava-město",Ostrava - Moravská Ostrava
11002,6000,33,2+1,"Ostrava - Hrabůvka, okres Ostrava-město",Ostrava - Hrabůvka
11003,7000,35,2+1,"Ostrava - Poruba, okres Ostrava-město",Ostrava - Poruba
11004,7000,35,3+1,Bruntál,Bruntál
11005,5000,22,1+1,"Ostrava - Zábřeh, okres Ostrava-město",Ostrava - Zábřeh
11006,4000,47,4+1,"Ostrava - Dubina, okres Ostrava-město",Ostrava - Dubina
11007,7000,27,2+kk,"Ostrava - Mariánské Hory, okres Ostrava-město",Ostrava - Mariánské Hory
11008,6000,28,2+1,"Ostrava - Zábřeh, okres Ostrava-město",Ostrava - Zábřeh
11009,13000,46,3+kk,"Ostrava - Moravská Ostrava, okres Ostrava-město",Ostrava - Moravská Ostrava
11010,10000,47,3+1,"Český Těšín, okres Karviná",Český Těšín
11011,7000,28,2+1,"Ostrava - Moravská Ostrava, okres Ostrava-město",Ostrava - Moravská Ostrava
11012,10000,47,3+1,"Český Těšín, okres Karviná",Český Těšín
11013,5000,20,1+1,"Karviná - Ráj, okres Karviná",Karviná - Ráj
11015,8000,22,2+kk,"Havířov - Podlesí, okres Karviná",Havířov - Podlesí
11016,6000,19,1+1,"Ostrava - Hrabůvka, okres Ostrava-město",Ostrava - Hrabůvka
11017,9000,35,2+1,"Ostrava - Poruba, okres Ostrava-město",Ostrava - Poruba
11019,6000,33,2+1,"Ostrava - Hrabůvka, okres Ostrava-město",Ostrava - Hrabůvka
11020,7000,27,2+1,"Ostrava - Moravská Ostrava, okres Ostrava-město",Ostrava - Moravská Ostrava
11021,9000,33,2+kk,"Ostrava - Poruba, okres Ostrava-město",Ostrava - Poruba
11022,9000,48,3+1,"Opava - Město, okres Opava",Opava - Město
11024,8000,32,2+1,"Třinec - Lyžbice, okres Frýdek-Místek",Třinec - Lyžbice
11025,5000,32,2+1,"Orlová - Lutyně, okres Karviná",Orlová - Lutyně
11026,10000,35,2+1,"Ostrava - Moravská Ostrava, okres Ostrava-město",Ostrava - Moravská Ostrava
11028,7000,35,2+kk,"Opava - Předměstí, okres Opava",Opava - Předměstí
11029,8000,32,3+kk,"Ostrava - Poruba, okres Ostrava-město",Ostrava - Poruba
11030,8000,32,2+kk,"Ostrava - Poruba, okres Ostrava-město",Ostrava - Poruba
11031,6000,32,2+kk,"Opava - Město, okres Opava",Opava - Město
11033,5000,29,1+1,"Opava - Předměstí, okres Opava",Opava - Předměstí
11034,5000,14,1+kk,"Ostrava - Hrabůvka, okres Ostrava-město",Ostrava - Hrabůvka
11035,6000,22,1+1,"Ostrava, okres Ostrava-město",Ostrava
11036,8000,33,2+kk,"Ostrava - Slezská Ostrava, okres Ostrava-město",Ostrava - Slezská Ostrava
11037,18000,47,3+kk,"Ostrava, okres Ostrava-město",Ostrava
11038,7000,42,3+1,"Ostrava - Hrabůvka, okres Ostrava-město",Ostrava - Hrabůvka
11040,10000,39,3+1,"Frenštát pod Radhoštěm, okres Nový Jičín",Frenštát pod Radhoštěm
11042,6000,32,2+1,"Ostrava - Poruba, okres Ostrava-město",Ostrava - Poruba
11043,13000,38,2+kk,"Ostrava - Moravská Ostrava, okres Ostrava-město",Ostrava - Moravská Ostrava
11047,44000,121,4+kk,"Ostrava - Moravská Ostrava, okres Ostrava-město",Ostrava - Moravská Ostrava
11049,16000,42,2+kk,"Ostrava - Moravská Ostrava, okres Ostrava-město",Ostrava - Moravská Ostrava
11051,4000,15,1+kk,"Ostrava - Moravská Ostrava, okres Ostrava-město",Ostrava - Moravská Ostrava
11052,4000,13,1+kk,"Opava - Předměstí, okres Opava",Opava - Předměstí
11053,8000,34,2+1,"Frýdek-Místek - Místek, okres Frýdek-Místek",Frýdek-Místek - Místek
11054,5000,34,2+kk,"Ostrava - Přívoz, okres Ostrava-město",Ostrava - Přívoz
11055,4000,24,1+1,"Ostrava - Moravská Ostrava, okres Ostrava-město",Ostrava - Moravská Ostrava
11056,4000,26,1+1,"Ostrava - Přívoz, okres Ostrava-město",Ostrava - Přívoz
11058,6000,50,3+1,"Český Těšín, okres Karviná",Český Těšín
11060,13000,52,3+kk,"Ostrava, okres Ostrava-město",Ostrava
11061,8000,32,2+kk,"Třinec - Lyžbice, okres Frýdek-Místek",Třinec - Lyžbice
11062,6000,26,2+1,"Ostrava - Poruba, okres Ostrava-město",Ostrava - Poruba
11063,4000,22,1+1,"Hlučín, okres Opava",Hlučín
11064,9000,36,3+1,"Ostrava - Moravská Ostrava, okres Ostrava-město",Ostrava - Moravská Ostrava
11065,6000,32,2+1,"Ostrava - Poruba, okres Ostrava-město",Ostrava - Poruba
11067,6000,22,2+kk,"Karviná - Hranice, okres Karviná",Karviná - Hranice
11068,10000,70,3+kk,"Ostrava - Mariánské Hory, okres Ostrava-město",Ostrava - Mariánské Hory
11071,6000,32,2+1,"Ostrava - Hrabůvka, okres Ostrava-město",Ostrava - Hrabůvka
11072,9000,44,3+kk,"Ostrava - Poruba, okres Ostrava-město",Ostrava - Poruba
11074,8000,37,3+1,"Ostrava - Poruba, okres Ostrava-město",Ostrava - Poruba
11076,6000,29,2+1,"Karviná - Ráj, okres Karviná",Karviná - Ráj
11077,5000,26,2+1,"Ostrava - Dubina, okres Ostrava-město",Ostrava - Dubina
11078,4000,20,1+1,"Opava - Kateřinky, okres Opava",Opava - Kateřinky
11079,7000,34,2+1,"Ostrava - Poruba, okres Ostrava-město",Ostrava - Poruba
11080,10000,47,4+kk,"Ostrava - Poruba, okres Ostrava-město",Ostrava - Poruba
11081,5000,28,1+1,"Ostrava - Moravská Ostrava, okres Ostrava-město",Ostrava - Moravská Ostrava
11082,8000,51,3+1,"Ostrava, okres Ostrava-město",Ostrava
11083,7000,21,1+kk,"Ostrava - Moravská Ostrava, okres Ostrava-město",Ostrava - Moravská Ostrava
11085,6000,24,2+1,"Ostrava - Zábřeh, okres Ostrava-město",Ostrava - Zábřeh
11086,9000,29,2+kk,"Třinec - Lyžbice, okres Frýdek-Místek",Třinec - Lyžbice
11087,11000,59,5+1,"Opava - Předměstí, okres Opava",Opava - Předměstí
11088,6000,32,3+1,"Ostrava - Zábřeh, okres Ostrava-město",Ostrava - Zábřeh
11089,7000,26,1+1,"Ostrava - Moravská Ostrava, okres Ostrava-město",Ostrava - Moravská Ostrava
11090,9000,29,2+1,"Ostrava - Poruba, okres Ostrava-město",Ostrava - Poruba
11093,6000,32,2+1,"Opava - Předměstí, okres Opava",Opava - Předměstí
11094,8000,43,3+1,"Kopřivnice, okres Nový Jičín",Kopřivnice
11095,7000,29,2+1,"Opava - Předměstí, okres Opava",Opava - Předměstí
11096,4000,29,2+1,"Orlová - Lutyně, okres Karviná",Orlová - Lutyně
11097,4000,15,1+1,"Ostrava - Slezská Ostrava, okres Ostrava-město",Ostrava - Slezská Ostrava
11098,8000,31,2+1,"Ostrava - Moravská Ostrava, okres Ostrava-město",Ostrava - Moravská Ostrava
11099,5000,44,3+1,"Orlová - Lutyně, okres Karviná",Orlová - Lutyně
11100,9000,48,3+1,"Ostrava - Zábřeh, okres Ostrava-město",Ostrava - Zábřeh
11102,5000,16,1+kk,"Ostrava - Přívoz, okres Ostrava-město",Ostrava - Přívoz
11103,7000,32,2+1,"Ostrava - Poruba, okres Ostrava-město",Ostrava - Poruba
11104,8000,35,2+1,"Ostrava - Zábřeh, okres Ostrava-město",Ostrava - Zábřeh
11105,4000,12,1+kk,"Ostrava - Poruba, okres Ostrava-město",Ostrava - Poruba
11106,14000,48,3+kk,"Frýdek-Místek - Místek, okres Frýdek-Místek",Frýdek-Místek - Místek
11107,9000,31,2+kk,"Frýdek-Místek - Místek, okres Frýdek-Místek",Frýdek-Místek - Místek
11108,5000,31,2+1,"Havířov - Město, okres Karviná",Havířov - Město
11109,5000,33,2+1,"Havířov - Šumbark, okres Karviná",Havířov - Šumbark
11110,4000,12,1+kk,"Havířov - Město, okres Karviná",Havířov - Město
11111,7000,40,3+1,"Havířov - Město, okres Karviná",Havířov - Město
11112,5000,17,1+kk,"Ostrava - Moravská Ostrava, okres Ostrava-město",Ostrava - Moravská Ostrava
11113,5000,17,1+kk,"Ostrava - Moravská Ostrava, okres Ostrava-město",Ostrava - Moravská Ostrava
11114,7000,31,2+1,"Ostrava - Poruba, okres Ostrava-město",Ostrava - Poruba
11116,4000,21,1+1,"Ostrava - Moravská Ostrava, okres Ostrava-město",Ostrava - Moravská Ostrava
11117,6000,21,1+kk,"Opava - Předměstí, okres Opava",Opava - Předměstí
11118,8000,63,3+1,"Ostrava, okres Ostrava-město",Ostrava
11119,7000,48,3+1,"Frenštát pod Radhoštěm, okres Nový Jičín",Frenštát pod Radhoštěm
11120,5000,29,1+1,"Ostrava - Hrabůvka, okres Ostrava-město",Ostrava - Hrabůvka
11121,10000,26,2+kk,"Nový Jičín, okres Nový Jičín",Nový Jičín
11124,7000,28,2+1,"Ostrava - Moravská Ostrava, okres Ostrava-město",Ostrava - Moravská Ostrava
11125,7000,25,1+1,"Ostrava - Mariánské Hory, okres Ostrava-město",Ostrava - Mariánské Hory
11126,9000,32,2+kk,"Ostrava - Moravská Ostrava, okres Ostrava-město",Ostrava - Moravská Ostrava
11127,7000,33,2+1,"Ostrava - Moravská Ostrava, okres Ostrava-město",Ostrava - Moravská Ostrava
11128,8000,30,2+kk,"Ostrava - Moravská Ostrava, okres Ostrava-město",Ostrava - Moravská Ostrava
11130,5000,22,1+1,"Karviná - Hranice, okres Karviná",Karviná - Hranice
11131,5000,33,2+1,"Havířov - Město, okres Karviná",Havířov - Město
11133,4000,32,2+1,"Karviná - Nové Město, okres Karviná",Karviná - Nové Město
11134,6000,32,2+1,"Karviná - Hranice, okres Karviná",Karviná - Hranice
11135,7000,42,3+1,"Karviná - Hranice, okres Karviná",Karviná - Hranice
11138,8000,29,2+1,"Ostrava - Hrabůvka, okres Ostrava-město",Ostrava - Hrabůvka
11142,10000,95,3+1,"Ostrava - Mariánské Hory, okres Ostrava-město",Ostrava - Mariánské Hory
11143,8000,29,2+kk,"Ostrava - Moravská Ostrava, okres Ostrava-město",Ostrava - Moravská Ostrava
11144,7000,38,2+1,"Ostrava - Moravská Ostrava, okres Ostrava-město",Ostrava - Moravská Ostrava
11145,7000,36,3+1,"Ostrava, okres Ostrava-město",Ostrava
11146,6000,23,1+1,"Ostrava, okres Ostrava-město",Ostrava
11147,5000,15,1+kk,"Ostrava, okres Ostrava-město",Ostrava
11149,5000,21,1+kk,"Ostrava - Hrabůvka, okres Ostrava-město",Ostrava - Hrabůvka
11150,11000,63,3+1,"Ostrava - Moravská Ostrava, okres Ostrava-město",Ostrava - Moravská Ostrava
11153,6000,21,2+kk,Nový Jičín,Nový Jičín
11155,5000,26,2+1,Bruntál,Bruntál
11156,4000,12,1+kk,"Ostrava - Poruba, okres Ostrava-město",Ostrava - Poruba
11157,8000,33,2+kk,"Ostrava - Slezská Ostrava, okres Ostrava-město",Ostrava - Slezská Ostrava
11159,12000,33,2+kk,"Ostrava - Slezská Ostrava, okres Ostrava-město",Ostrava - Slezská Ostrava
11161,8000,33,2+1,"Ostrava - Poruba, okres Ostrava-město",Ostrava - Poruba
11162,9000,41,3+1,"Třinec - Staré Město, okres Frýdek-Místek",Třinec - Staré Město
11163,8000,42,3+1,"Ostrava - Hrabůvka, okres Ostrava-město",Ostrava - Hrabůvka
11164,6000,32,2+1,"Ostrava - Hrabůvka, okres Ostrava-město",Ostrava - Hrabůvka
11165,8000,31,2+1,"Ostrava - Hrabůvka, okres Ostrava-město",Ostrava - Hrabůvka
11166,9000,46,3+1,"Ostrava - Mariánské Hory, okres Ostrava-město",Ostrava - Mariánské Hory
11168,7000,35,2+kk,"Ostrava - Slezská Ostrava, okres Ostrava-město",Ostrava - Slezská Ostrava
11170,7000,32,2+1,"Karviná - Mizerov, okres Karviná",Karviná - Mizerov
11171,7000,32,2+1,"Ostrava - Moravská Ostrava, okres Ostrava-město",Ostrava - Moravská Ostrava
11172,7000,34,2+1,"Hlučín, okres Opava",Hlučín
11173,6000,26,1+1,"Ostrava - Zábřeh, okres Ostrava-město",Ostrava - Zábřeh
11174,4000,13,1+kk,"Frýdek-Místek - Frýdek, okres Frýdek-Místek",Frýdek-Místek - Frýdek
11175,7000,17,1+kk,"Ostrava - Moravská Ostrava, okres Ostrava-město",Ostrava - Moravská Ostrava
11177,5000,26,2+1,"Ostrava - Dubina, okres Ostrava-město",Ostrava - Dubina
11179,9000,45,3+1,"Ostrava - Poruba, okres Ostrava-město",Ostrava - Poruba
11180,7000,28,2+1,"Ostrava - Poruba, okres Ostrava-město",Ostrava - Poruba
11181,7000,24,1+1,"Ostrava - Moravská Ostrava, okres Ostrava-město",Ostrava - Moravská Ostrava
11182,8000,42,3+1,"Ostrava - Moravská Ostrava, okres Ostrava-město",Ostrava - Moravská Ostrava
11183,8000,35,3+1,"Frýdek-Místek - Místek, okres Frýdek-Místek",Frýdek-Místek - Místek
11184,7000,34,2+1,"Ostrava - Poruba, okres Ostrava-město",Ostrava - Poruba
11186,7000,38,3+1,"Havířov - Podlesí, okres Karviná",Havířov - Podlesí
11187,7000,41,3+1,"Havířov - Podlesí, okres Karviná",Havířov - Podlesí
11188,8000,41,4+1,"Ostrava - Poruba, okres Ostrava-město",Ostrava - Poruba
11190,7000,29,2+1,"Frýdek-Místek - Frýdek, okres Frýdek-Místek",Frýdek-Místek - Frýdek
11191,9000,48,3+1,"Frýdek-Místek - Frýdek, okres Frýdek-Místek",Frýdek-Místek - Frýdek
11192,4000,19,1+kk,Bruntál,Bruntál
11193,7000,23,1+1,Nový Jičín,Nový Jičín
11194,4000,22,1+1,"Karviná - Nové Město, okres Karviná",Karviná - Nové Město
11195,5000,25,2+1,"Frenštát pod Radhoštěm, okres Nový Jičín",Frenštát pod Radhoštěm
11196,7000,31,2+kk,"Frýdek-Místek - Místek, okres Frýdek-Místek",Frýdek-Místek - Místek
11197,8000,31,2+1,"Ostrava, okres Ostrava-město",Ostrava
11198,7000,26,2+1,"Orlová - Lutyně, okres Karviná",Orlová - Lutyně
11199,7000,32,3+kk,"Karviná - Mizerov, okres Karviná",Karviná - Mizerov
11201,10000,59,3+1,Nový Jičín,Nový Jičín
11204,5000,14,1+kk,"Havířov - Podlesí, okres Karviná",Havířov - Podlesí
11206,5000,22,1+1,"Frýdek-Místek - Frýdek, okres Frýdek-Místek",Frýdek-Místek - Frýdek
11208,6000,35,2+1,"Opava - Předměstí, okres Opava",Opava - Předměstí
11209,6000,35,2+1,"Opava - Předměstí, okres Opava",Opava - Předměstí
11210,9000,32,2+1,"Kopřivnice, okres Nový Jičín",Kopřivnice
11211,23000,47,3+kk,"Frýdek-Místek - Frýdek, okres Frýdek-Místek",Frýdek-Místek - Frýdek
11212,7000,35,2+1,"Ostrava - Hrabůvka, okres Ostrava-město",Ostrava - Hrabůvka
11213,6000,32,2+1,"Ostrava - Moravská Ostrava, okres Ostrava-město",Ostrava - Moravská Ostrava
11214,7000,34,2+1,"Ostrava - Poruba, okres Ostrava-město",Ostrava - Poruba
11215,5000,26,2+1,Bruntál,Bruntál
11216,6000,34,2+1,"Opava - Město, okres Opava",Opava - Město
11217,5000,22,1+1,"Opava - Předměstí, okres Opava",Opava - Předměstí
11218,10000,50,3+1,"Opava - Kateřinky, okres Opava",Opava - Kateřinky
11219,6000,20,1+kk,"Ostrava - Hrabůvka, okres Ostrava-město",Ostrava - Hrabůvka
11220,8000,26,2+kk,Nový Jičín,Nový Jičín
11221,5000,26,2+1,"Opava - Předměstí, okres Opava",Opava - Předměstí
11222,4000,20,1+1,"Frýdek-Místek - Frýdek, okres Frýdek-Místek",Frýdek-Místek - Frýdek
11223,7000,41,3+1,"Frýdek-Místek - Frýdek, okres Frýdek-Místek",Frýdek-Místek - Frýdek
11224,4000,32,3+1,Nový Jičín,Nový Jičín
11225,8000,50,3+1,"Ostrava - Zábřeh, okres Ostrava-město",Ostrava - Zábřeh
11226,7000,34,2+kk,"Krnov - Pod Bezručovým vrchem, okres Bruntál",Krnov - Pod Bezručovým vrchem
11227,4000,33,3+1,Nový Jičín,Nový Jičín
11228,6000,26,2+1,"Ostrava - Zábřeh, okres Ostrava-město",Ostrava - Zábřeh
11229,9000,38,3+1,"Ostrava - Poruba, okres Ostrava-město",Ostrava - Poruba
11230,6000,26,2+1,"Ostrava - Zábřeh, okres Ostrava-město",Ostrava - Zábřeh
11231,7000,48,2+1,"Ostrava - Moravská Ostrava, okres Ostrava-město",Ostrava - Moravská Ostrava
11232,8000,33,2+1,"Ostrava - Zábřeh, okres Ostrava-město",Ostrava - Zábřeh
11233,8000,32,2+1,"Ostrava - Hrabůvka, okres Ostrava-město",Ostrava - Hrabůvka
11235,8000,53,2+1,"Frýdek-Místek - Frýdek, okres Frýdek-Místek",Frýdek-Místek - Frýdek
11236,8000,32,2+kk,"Třinec - Lyžbice, okres Frýdek-Místek",Třinec - Lyžbice
11238,7000,47,3+kk,"Havířov - Město, okres Karviná",Havířov - Město
11239,7000,41,3+1,"Karviná - Nové Město, okres Karviná",Karviná - Nové Město
11240,8000,46,3+1,"Český Těšín, okres Karviná",Český Těšín
11242,6000,44,3+1,"Havířov - Město, okres Karviná",Havířov - Město
11243,6000,35,3+1,"Havířov - Město, okres Karviná",Havířov - Město
11244,6000,31,2+1,"Havířov - Město, okres Karviná",Havířov - Město
11245,5000,34,2+1,"Havířov - Město, okres Karviná",Havířov - Město
11246,7000,29,2+1,"Ostrava - Mariánské Hory, okres Ostrava-město",Ostrava - Mariánské Hory
11247,8000,41,3+kk,"Ostrava - Moravská Ostrava, okres Ostrava-město",Ostrava - Moravská Ostrava
11248,7000,21,1+1,"Karviná - Hranice, okres Karviná",Karviná - Hranice
11250,5000,38,2+kk,"Ostrava - Přívoz, okres Ostrava-město",Ostrava - Přívoz
11251,8000,38,3+kk,"Karviná - Mizerov, okres Karviná",Karviná - Mizerov
11252,6000,32,2+1,"Ostrava - Hrabůvka, okres Ostrava-město",Ostrava - Hrabůvka
11253,6000,26,2+1,"Orlová - Lutyně, okres Karviná",Orlová - Lutyně
11254,8000,20,2+kk,"Havířov - Podlesí, okres Karviná",Havířov - Podlesí
11256,8000,20,2+kk,"Havířov - Podlesí, okres Karviná",Havířov - Podlesí
11257,8000,41,4+kk,Nový Jičín,Nový Jičín
11258,6000,26,1+1,"Ostrava - Moravská Ostrava, okres Ostrava-město",Ostrava - Moravská Ostrava
11259,6000,17,1+kk,"Ostrava - Moravská Ostrava, okres Ostrava-město",Ostrava - Moravská Ostrava
11260,6000,16,1+1,"Ostrava - Zábřeh, okres Ostrava-město",Ostrava - Zábřeh
11261,7000,46,2+1,"Frenštát pod Radhoštěm, okres Nový Jičín",Frenštát pod Radhoštěm
11262,8000,31,2+1,"Ostrava - Zábřeh, okres Ostrava-město",Ostrava - Zábřeh
11263,8000,50,3+1,"Krnov - Pod Bezručovým vrchem, okres Bruntál",Krnov - Pod Bezručovým vrchem
11265,5000,17,1+kk,"Orlová - Lutyně, okres Karviná",Orlová - Lutyně
11268,6000,23,1+1,"Ostrava - Poruba, okres Ostrava-město",Ostrava - Poruba
11269,7000,21,2+kk,"Ostrava - Moravská Ostrava, okres Ostrava-město",Ostrava - Moravská Ostrava
11272,5000,22,1+1,"Karviná - Mizerov, okres Karviná",Karviná - Mizerov
11273,13000,34,2+kk,"Ostrava - Moravská Ostrava, okres Ostrava-město",Ostrava - Moravská Ostrava
11274,5000,29,2+1,Nový Jičín,Nový Jičín
11278,5000,33,2+1,"Ostrava - Poruba, okres Ostrava-město",Ostrava - Poruba
11279,4000,15,1+kk,"Ostrava - Přívoz, okres Ostrava-město",Ostrava - Přívoz
11281,4000,16,1+kk,"Ostrava - Výškovice, okres Ostrava-město",Ostrava - Výškovice
11282,8000,34,2+kk,"Kopřivnice, okres Nový Jičín",Kopřivnice
11283,6000,30,2+kk,"Ostrava - Přívoz, okres Ostrava-město",Ostrava - Přívoz
11284,6000,20,1+1,"Ostrava - Zábřeh, okres Ostrava-město",Ostrava - Zábřeh
11285,9000,29,2+kk,"Ostrava - Poruba, okres Ostrava-město",Ostrava - Poruba
11286,9000,42,3+1,"Ostrava - Hrabůvka, okres Ostrava-město",Ostrava - Hrabůvka
11287,7000,35,2+1,"Ostrava - Poruba, okres Ostrava-město",Ostrava - Poruba
11288,7000,32,2+kk,"Ostrava - Poruba, okres Ostrava-město",Ostrava - Poruba
11289,7000,30,3+kk,"Karviná - Mizerov, okres Karviná",Karviná - Mizerov
11290,7000,28,2+kk,Nový Jičín,Nový Jičín
11292,5000,16,1+kk,"Karviná - Hranice, okres Karviná",Karviná - Hranice
11293,6000,28,2+1,"Třinec - Lyžbice, okres Frýdek-Místek",Třinec - Lyžbice
11294,7000,22,2+kk,"Ostrava - Mariánské Hory, okres Ostrava-město",Ostrava - Mariánské Hory
11295,4000,17,1+kk,"Havířov - Město, okres Karviná",Havířov - Město
11296,11000,83,2+1,"Frýdek-Místek - Místek, okres Frýdek-Místek",Frýdek-Místek - Místek
11298,4000,32,2+1,"Havířov - Šumbark, okres Karviná",Havířov - Šumbark
11299,5000,35,2+1,"Havířov - Město, okres Karviná",Havířov - Město
11300,5000,34,2+1,"Havířov - Město, okres Karviná",Havířov - Město
11301,7000,41,3+1,"Havířov - Město, okres Karviná",Havířov - Město
11302,5000,31,2+1,"Havířov - Město, okres Karviná",Havířov - Město
11305,6000,32,2+1,"Karviná - Nové Město, okres Karviná",Karviná - Nové Město
11306,8000,33,2+1,"Ostrava - Mariánské Hory, okres Ostrava-město",Ostrava - Mariánské Hory
11307,8000,31,2+1,"Ostrava - Hrabůvka, okres Ostrava-město",Ostrava - Hrabůvka
11309,5000,19,1+kk,"Frýdek-Místek - Frýdek, okres Frýdek-Místek",Frýdek-Místek - Frýdek
11310,6000,45,3+1,"Havířov - Město, okres Karviná",Havířov - Město
11311,6000,44,3+1,"Český Těšín, okres Karviná",Český Těšín
11313,10000,43,3+kk,"Havířov - Město, okres Karviná",Havířov - Město
11314,5000,14,1+kk,"Havířov - Město, okres Karviná",Havířov - Město
11315,4000,28,2+1,"Havířov - Šumbark, okres Karviná",Havířov - Šumbark
11316,4000,36,2+1,"Havířov - Šumbark, okres Karviná",Havířov - Šumbark
11317,5000,40,3+1,"Havířov - Šumbark, okres Karviná",Havířov - Šumbark
11318,5000,14,1+kk,"Havířov - Město, okres Karviná",Havířov - Město
11319,6000,32,2+1,"Havířov - Město, okres Karviná",Havířov - Město
11320,7000,41,3+1,"Český Těšín, okres Karviná",Český Těšín
11321,7000,41,3+1,"Havířov - Město, okres Karviná",Havířov - Město
11322,4000,34,2+1,"Karviná - Nové Město, okres Karviná",Karviná - Nové Město
11323,6000,44,3+1,"Havířov - Město, okres Karviná",Havířov - Město
11324,7000,32,2+1,"Karviná - Hranice, okres Karviná",Karviná - Hranice
11325,6000,22,1+1,"Havířov - Město, okres Karviná",Havířov - Město
11326,6000,31,2+1,"Karviná - Nové Město, okres Karviná",Karviná - Nové Město
11327,7000,32,3+1,"Karviná - Hranice, okres Karviná",Karviná - Hranice
11328,4000,19,1+kk,"Havířov - Město, okres Karviná",Havířov - Město
11329,5000,39,3+1,"Karviná - Nové Město, okres Karviná",Karviná - Nové Město
11330,5000,31,2+kk,"Havířov - Město, okres Karviná",Havířov - Město
11331,6000,44,3+1,"Havířov - Město, okres Karviná",Havířov - Město
11333,5000,34,2+1,"Havířov - Město, okres Karviná",Havířov - Město
11334,5000,21,1+1,"Karviná - Hranice, okres Karviná",Karviná - Hranice
11335,5000,32,2+1,"Havířov - Město, okres Karviná",Havířov - Město
11336,8000,26,2+kk,"Ostrava - Slezská Ostrava, okres Ostrava-město",Ostrava - Slezská Ostrava
11338,4000,16,1+kk,"Opava - Předměstí, okres Opava",Opava - Předměstí
11339,8000,32,2+kk,"Opava - Předměstí, okres Opava",Opava - Předměstí
11340,6000,39,2+kk,"Frenštát pod Radhoštěm, okres Nový Jičín",Frenštát pod Radhoštěm
11341,7000,42,3+1,"Ostrava - Zábřeh, okres Ostrava-město",Ostrava - Zábřeh
11343,6000,26,2+1,"Opava - Kateřinky, okres Opava",Opava - Kateřinky
11344,5000,16,1+kk,"Ostrava - Moravská Ostrava, okres Ostrava-město",Ostrava - Moravská Ostrava
11345,4000,32,2+kk,Bruntál,Bruntál
11346,4000,13,1+kk,"Ostrava - Moravská Ostrava, okres Ostrava-město",Ostrava - Moravská Ostrava
11348,12000,34,3+kk,"Ostrava - Poruba, okres Ostrava-město",Ostrava - Poruba
11350,9000,47,3+1,"Ostrava - Moravská Ostrava, okres Ostrava-město",Ostrava - Moravská Ostrava
11353,13000,56,2+kk,"Opava - Město, okres Opava",Opava - Město
11354,6000,25,2+1,"Ostrava - Hrabůvka, okres Ostrava-město",Ostrava - Hrabůvka
11355,14000,54,4+kk,"Ostrava - Hrabůvka, okres Ostrava-město",Ostrava - Hrabůvka
11358,9000,31,2+1,Nový Jičín,Nový Jičín
11360,6000,22,1+kk,"Ostrava - Bělský Les, okres Ostrava-město",Ostrava - Bělský Les
11361,6000,22,1+kk,"Opava - Předměstí, okres Opava",Opava - Předměstí
11362,8000,32,2+1,Nový Jičín,Nový Jičín
11363,5000,22,1+1,"Opava - Předměstí, okres Opava",Opava - Předměstí
11364,9000,45,3+1,"Frýdek-Místek - Místek, okres Frýdek-Místek",Frýdek-Místek - Místek
11365,8000,32,2+1,"Ostrava - Moravská Ostrava, okres Ostrava-město",Ostrava - Moravská Ostrava
11366,8000,39,3+1,"Ostrava - Poruba, okres Ostrava-město",Ostrava - Poruba
11367,7000,35,2+kk,"Ostrava - Moravská Ostrava, okres Ostrava-město",Ostrava - Moravská Ostrava
11368,8000,35,3+1,"Frýdek-Místek - Místek, okres Frýdek-Místek",Frýdek-Místek - Místek
11369,7000,22,2+kk,"Opava - Kateřinky, okres Opava",Opava - Kateřinky
11371,8000,25,2+1,"Opava - Kateřinky, okres Opava",Opava - Kateřinky
11372,9000,32,2+1,"Ostrava - Hrabůvka, okres Ostrava-město",Ostrava - Hrabůvka
11373,35000,68,4+kk,"Ostrava - Moravská Ostrava, okres Ostrava-město",Ostrava - Moravská Ostrava
11375,14000,32,2+kk,"Ostrava - Moravská Ostrava, okres Ostrava-město",Ostrava - Moravská Ostrava
11376,5000,17,1+1,Nový Jičín,Nový Jičín
11377,5000,20,2+kk,"Havířov - Město, okres Karviná",Havířov - Město
11379,11000,50,3+1,"Ostrava - Přívoz, okres Ostrava-město",Ostrava - Přívoz
11380,8000,36,3+1,"Ostrava - Dubina, okres Ostrava-město",Ostrava - Dubina
11381,11000,22,1+kk,"Ostrava - Slezská Ostrava, okres Ostrava-město",Ostrava - Slezská Ostrava
11382,7000,35,2+1,"Ostrava - Mariánské Hory, okres Ostrava-město",Ostrava - Mariánské Hory
11383,8000,34,2+1,"Frýdek-Místek - Místek, okres Frýdek-Místek",Frýdek-Místek - Místek
11385,6000,28,2+kk,"Ostrava - Hrabůvka, okres Ostrava-město",Ostrava - Hrabůvka
11386,8000,39,3+1,"Frýdek-Místek - Frýdek, okres Frýdek-Místek",Frýdek-Místek - Frýdek
11387,5000,29,2+1,"Ostrava - Moravská Ostrava, okres Ostrava-město",Ostrava - Moravská Ostrava
11388,14000,51,3+1,"Ostrava - Moravská Ostrava, okres Ostrava-město",Ostrava - Moravská Ostrava
11389,10000,32,3+1,"Ostrava - Moravská Ostrava, okres Ostrava-město",Ostrava - Moravská Ostrava
11390,5000,17,1+kk,"Frenštát pod Radhoštěm, okres Nový Jičín",Frenštát pod Radhoštěm
11391,17000,31,2+kk,"Ostrava - Moravská Ostrava, okres Ostrava-město",Ostrava - Moravská Ostrava
11392,20000,32,2+kk,"Ostrava - Moravská Ostrava, okres Ostrava-město",Ostrava - Moravská Ostrava
11394,4000,36,2+1,Nový Jičín,Nový Jičín
11395,7000,36,2+1,"Opava - Město, okres Opava",Opava - Město
11397,9000,46,3+1,"Frýdek-Místek - Frýdek, okres Frýdek-Místek",Frýdek-Místek - Frýdek
11398,7000,35,2+1,"Ostrava - Poruba, okres Ostrava-město",Ostrava - Poruba
11399,7000,32,2+1,"Ostrava - Poruba, okres Ostrava-město",Ostrava - Poruba
11400,5000,16,1+1,"Ostrava - Moravská Ostrava, okres Ostrava-město",Ostrava - Moravská Ostrava
11401,4000,19,1+kk,"Opava - Město, okres Opava",Opava - Město
11402,4000,16,1+kk,"Ostrava - Poruba, okres Ostrava-město",Ostrava - Poruba
11403,8000,45,3+kk,"Ostrava - Poruba, okres Ostrava-město",Ostrava - Poruba
11405,8000,34,2+1,"Ostrava - Mariánské Hory, okres Ostrava-město",Ostrava - Mariánské Hory
11406,8000,35,2+1,"Ostrava - Poruba, okres Ostrava-město",Ostrava - Poruba
11407,6000,28,1+kk,"Hlučín, okres Opava",Hlučín
11408,6000,21,1+1,"Ostrava - Poruba, okres Ostrava-město",Ostrava - Poruba
11409,5000,16,1+1,"Ostrava - Výškovice, okres Ostrava-město",Ostrava - Výškovice
11410,10000,47,4+1,"Ostrava - Zábřeh, okres Ostrava-město",Ostrava - Zábřeh
11412,10000,31,2+1,"Ostrava - Výškovice, okres Ostrava-město",Ostrava - Výškovice
11414,6000,21,1+1,"Ostrava - Moravská Ostrava, okres Ostrava-město",Ostrava - Moravská Ostrava
11416,5000,22,1+kk,"Kopřivnice, okres Nový Jičín",Kopřivnice
11417,8000,38,3+1,"Kopřivnice, okres Nový Jičín",Kopřivnice
11418,9000,36,3+1,"Karviná - Hranice, okres Karviná",Karviná - Hranice
11420,5000,35,2+1,"Opava - Předměstí, okres Opava",Opava - Předměstí
11421,10000,50,3+1,"Opava - Předměstí, okres Opava",Opava - Předměstí
11424,8000,29,2+kk,"Ostrava - Poruba, okres Ostrava-město",Ostrava - Poruba
11425,5000,20,1+kk,"Český Těšín, okres Karviná",Český Těšín
11428,7000,34,2+1,"Opava - Kateřinky, okres Opava",Opava - Kateřinky
11429,6000,31,2+1,"Opava - Kateřinky, okres Opava",Opava - Kateřinky
11430,7000,32,2+kk,"Krnov - Pod Bezručovým vrchem, okres Bruntál",Krnov - Pod Bezručovým vrchem
11432,7000,29,2+kk,"Opava - Předměstí, okres Opava",Opava - Předměstí
11433,4000,13,1+kk,"Havířov - Město, okres Karviná",Havířov - Město
11434,6000,21,1+kk,"Frýdek-Místek - Frýdek, okres Frýdek-Místek",Frýdek-Místek - Frýdek
11436,9000,45,3+1,"Frýdek-Místek - Místek, okres Frýdek-Místek",Frýdek-Místek - Místek
11437,6000,16,1+kk,"Ostrava - Poruba, okres Ostrava-město",Ostrava - Poruba
11439,9000,26,2+kk,"Ostrava - Moravská Ostrava, okres Ostrava-město",Ostrava - Moravská Ostrava
11440,7000,35,2+1,"Ostrava - Mariánské Hory, okres Ostrava-město",Ostrava - Mariánské Hory
11441,6000,45,4+kk,"Havířov - Město, okres Karviná",Havířov - Město
11448,5000,34,2+kk,"Krnov - Pod Bezručovým vrchem, okres Bruntál",Krnov - Pod Bezručovým vrchem
11449,9000,35,3+1,"Karviná - Ráj, okres Karviná",Karviná - Ráj
11450,6000,30,2+kk,"Ostrava - Moravská Ostrava, okres Ostrava-město",Ostrava - Moravská Ostrava
11451,7000,23,1+kk,"Ostrava, okres Ostrava-město",Ostrava
11453,14000,35,2+kk,"Ostrava - Moravská Ostrava, okres Ostrava-město",Ostrava - Moravská Ostrava
11454,8000,32,3+1,"Ostrava - Hrabůvka, okres Ostrava-město",Ostrava - Hrabůvka
11456,5000,13,1+kk,"Ostrava - Poruba, okres Ostrava-město",Ostrava - Poruba
11458,7000,21,2+kk,"Ostrava - Mariánské Hory, okres Ostrava-město",Ostrava - Mariánské Hory
11459,7000,28,2+kk,"Ostrava - Hrabůvka, okres Ostrava-město",Ostrava - Hrabůvka
11460,8000,32,2+1,"Karviná - Mizerov, okres Karviná",Karviná - Mizerov
11461,9000,39,3+1,"Karviná - Mizerov, okres Karviná",Karviná - Mizerov
11464,7000,33,1+kk,Nový Jičín,Nový Jičín
11465,5000,21,2+kk,"Ostrava - Zábřeh, okres Ostrava-město",Ostrava - Zábřeh
11466,7000,25,2+kk,"Ostrava - Moravská Ostrava, okres Ostrava-město",Ostrava - Moravská Ostrava
11467,5000,32,2+1,"Havířov - Město, okres Karviná",Havířov - Město
11469,6000,41,3+1,"Havířov - Město, okres Karviná",Havířov - Město
11470,4000,33,2+1,"Havířov - Šumbark, okres Karviná",Havířov - Šumbark
11471,4000,32,2+1,"Karviná - Nové Město, okres Karviná",Karviná - Nové Město
11472,4000,28,2+1,"Havířov - Šumbark, okres Karviná",Havířov - Šumbark
11473,5000,31,2+1,"Havířov - Město, okres Karviná",Havířov - Město
11475,6000,32,2+1,"Havířov - Město, okres Karviná",Havířov - Město
11476,6000,31,2+1,"Havířov - Město, okres Karviná",Havířov - Město
11477,5000,29,2+1,"Karviná - Mizerov, okres Karviná",Karviná - Mizerov
11478,4000,16,1+kk,"Orlová - Lutyně, okres Karviná",Orlová - Lutyně
11479,4000,34,2+1,"Karviná - Nové Město, okres Karviná",Karviná - Nové Město
11481,7000,23,1+1,Nový Jičín,Nový Jičín
11483,8000,45,3+1,"Frýdek-Místek - Frýdek, okres Frýdek-Místek",Frýdek-Místek - Frýdek
11484,6000,26,1+kk,"Ostrava - Moravská Ostrava, okres Ostrava-město",Ostrava - Moravská Ostrava
11485,6000,23,2+kk,"Ostrava - Moravská Ostrava, okres Ostrava-město",Ostrava - Moravská Ostrava
11486,9000,44,3+1,"Frýdek-Místek - Frýdek, okres Frýdek-Místek",Frýdek-Místek - Frýdek
11488,17000,70,4+kk,"Opava - Předměstí, okres Opava",Opava - Předměstí
11490,8000,25,2+1,"Kopřivnice, okres Nový Jičín",Kopřivnice
11491,6000,38,3+1,Bruntál,Bruntál
11492,4000,25,1+1,Bruntál,Bruntál
11494,5000,20,1+1,"Ostrava - Slezská Ostrava, okres Ostrava-město",Ostrava - Slezská Ostrava
11497,4000,25,2+1,"Havířov - Šumbark, okres Karviná",Havířov - Šumbark
11498,7000,26,2+1,"Ostrava - Moravská Ostrava, okres Ostrava-město",Ostrava - Moravská Ostrava
11499,6000,21,1+1,"Ostrava - Moravská Ostrava, okres Ostrava-město",Ostrava - Moravská Ostrava
11500,6000,30,2+1,"Karviná - Ráj, okres Karviná",Karviná - Ráj
11501,6000,24,2+kk,"Opava - Předměstí, okres Opava",Opava - Předměstí
11503,4000,13,1+kk,"Ostrava - Poruba, okres Ostrava-město",Ostrava - Poruba
11506,10000,47,3+1,"Ostrava - Poruba, okres Ostrava-město",Ostrava - Poruba
11507,16000,68,4+1,"Ostrava, okres Ostrava-město",Ostrava
11509,8000,50,2+1,"Ostrava - Moravská Ostrava, okres Ostrava-město",Ostrava - Moravská Ostrava
11510,9000,41,3+kk,"Ostrava - Moravská Ostrava, okres Ostrava-město",Ostrava - Moravská Ostrava
11512,4000,17,1+kk,"Frýdek-Místek - Frýdek, okres Frýdek-Místek",Frýdek-Místek - Frýdek
11513,4000,14,1+kk,"Opava - Předměstí, okres Opava",Opava - Předměstí
11514,14000,46,3+kk,"Frýdek-Místek - Místek, okres Frýdek-Místek",Frýdek-Místek - Místek
11519,8000,36,2+kk,"Kopřivnice, okres Nový Jičín",Kopřivnice
11525,6000,26,2+1,"Ostrava - Dubina, okres Ostrava-město",Ostrava - Dubina
11526,8000,35,2+1,"Karviná - Mizerov, okres Karviná",Karviná - Mizerov
11527,8000,45,3+1,"Frýdek-Místek - Frýdek, okres Frýdek-Místek",Frýdek-Místek - Frýdek
11528,7000,26,2+kk,"Ostrava - Moravská Ostrava, okres Ostrava-město",Ostrava - Moravská Ostrava
11529,7000,33,2+1,"Ostrava - Moravská Ostrava, okres Ostrava-město",Ostrava - Moravská Ostrava
11530,5000,21,2+kk,"Ostrava - Zábřeh, okres Ostrava-město",Ostrava - Zábřeh
11531,7000,29,2+1,"Ostrava - Poruba, okres Ostrava-město",Ostrava - Poruba
11532,4000,20,1+kk,"Ostrava - Poruba, okres Ostrava-město",Ostrava - Poruba
11534,7000,31,2+kk,"Opava - Předměstí, okres Opava",Opava - Předměstí
11538,5000,31,2+1,"Karviná - Ráj, okres Karviná",Karviná - Ráj
11539,6000,32,2+1,"Ostrava - Mariánské Hory, okres Ostrava-město",Ostrava - Mariánské Hory
11540,6000,21,1+1,"Ostrava - Poruba, okres Ostrava-město",Ostrava - Poruba
11541,8000,33,3+kk,"Ostrava - Mariánské Hory, okres Ostrava-město",Ostrava - Mariánské Hory
11543,8000,44,3+1,"Frýdek-Místek - Místek, okres Frýdek-Místek",Frýdek-Místek - Místek
11544,6000,41,3+1,"Havířov - Město, okres Karviná",Havířov - Město
11545,5000,24,1+1,"Havířov - Město, okres Karviná",Havířov - Město
11546,5000,33,2+1,"Havířov - Město, okres Karviná",Havířov - Město
11547,7000,28,2+1,"Ostrava - Hrabůvka, okres Ostrava-město",Ostrava - Hrabůvka
11549,9000,35,3+1,"Karviná - Mizerov, okres Karviná",Karviná - Mizerov
11550,7000,30,2+kk,"Ostrava - Moravská Ostrava, okres Ostrava-město",Ostrava - Moravská Ostrava
11551,10000,66,3+1,"Ostrava - Moravská Ostrava, okres Ostrava-město",Ostrava - Moravská Ostrava
11552,7000,32,2+1,"Ostrava - Moravská Ostrava, okres Ostrava-město",Ostrava - Moravská Ostrava
11553,4000,16,1+kk,"Ostrava - Přívoz, okres Ostrava-město",Ostrava - Přívoz
11554,5000,17,1+kk,"Ostrava - Poruba, okres Ostrava-město",Ostrava - Poruba
11555,7000,32,2+1,"Havířov - Podlesí, okres Karviná",Havířov - Podlesí
11556,10000,41,2+kk,Bruntál,Bruntál
11557,8000,42,2+1,"Ostrava - Přívoz, okres Ostrava-město",Ostrava - Přívoz
11559,7000,22,1+1,Nový Jičín,Nový Jičín
11560,4000,20,1+kk,"Karviná - Hranice, okres Karviná",Karviná - Hranice
11561,7000,28,2+1,"Ostrava - Hrabůvka, okres Ostrava-město",Ostrava - Hrabůvka
11563,9000,35,3+1,"Karviná - Mizerov, okres Karviná",Karviná - Mizerov
11564,7000,30,2+kk,"Ostrava - Moravská Ostrava, okres Ostrava-město",Ostrava - Moravská Ostrava
11565,10000,66,3+1,"Ostrava - Moravská Ostrava, okres Ostrava-město",Ostrava - Moravská Ostrava
11566,7000,32,2+1,"Ostrava - Moravská Ostrava, okres Ostrava-město",Ostrava - Moravská Ostrava
11567,4000,16,1+kk,"Ostrava - Přívoz, okres Ostrava-město",Ostrava - Přívoz
11568,5000,17,1+kk,"Ostrava - Poruba, okres Ostrava-město",Ostrava - Poruba
11569,7000,32,2+1,"Havířov - Podlesí, okres Karviná",Havířov - Podlesí
11570,10000,41,2+kk,Bruntál,Bruntál
11571,8000,42,2+1,"Ostrava - Přívoz, okres Ostrava-město",Ostrava - Přívoz
11573,7000,22,1+1,Nový Jičín,Nový Jičín
11574,7000,20,1+1,Bruntál,Bruntál
11575,7000,34,2+1,"Ostrava - Poruba, okres Ostrava-město",Ostrava - Poruba
11576,17000,67,3+kk,"Frýdek-Místek - Frýdek, okres Frýdek-Místek",Frýdek-Místek - Frýdek
11577,9000,33,2+1,"Ostrava - Hrabůvka, okres Ostrava-město",Ostrava - Hrabůvka
11579,10000,57,2+1,"Frýdek-Místek - Místek, okres Frýdek-Místek",Frýdek-Místek - Místek
11582,7000,11,1+kk,"Kopřivnice, okres Nový Jičín",Kopřivnice
11583,6000,32,2+1,"Karviná - Ráj, okres Karviná",Karviná - Ráj
11584,5000,33,2+1,"Havířov - Město, okres Karviná",Havířov - Město
11586,5000,38,2+1,"Havířov - Město, okres Karviná",Havířov - Město
11588,5000,32,2+1,"Karviná - Nové Město, okres Karviná",Karviná - Nové Město
11589,4000,33,2+1,"Karviná - Nové Město, okres Karviná",Karviná - Nové Město
11590,8000,33,2+1,"Karviná - Mizerov, okres Karviná",Karviná - Mizerov
11591,7000,32,2+1,"Ostrava - Poruba, okres Ostrava-město",Ostrava - Poruba
11593,8000,59,3+kk,"Opava - Kateřinky, okres Opava",Opava - Kateřinky
11594,6000,26,2+kk,"Ostrava - Slezská Ostrava, okres Ostrava-město",Ostrava - Slezská Ostrava
11595,14000,60,4+kk,"Ostrava - Zábřeh, okres Ostrava-město",Ostrava - Zábřeh
11596,11000,95,4+1,"Opava - Předměstí, okres Opava",Opava - Předměstí
11600,8000,42,2+1,"Ostrava - Přívoz, okres Ostrava-město",Ostrava - Přívoz
11601,8000,31,2+1,"Ostrava - Hrabůvka, okres Ostrava-město",Ostrava - Hrabůvka
11602,4000,14,1+kk,"Havířov - Město, okres Karviná",Havířov - Město
11603,5000,23,1+1,"Ostrava - Výškovice, okres Ostrava-město",Ostrava - Výškovice
11606,5000,50,4+1,"Havířov - Šumbark, okres Karviná",Havířov - Šumbark
11607,4000,34,2+1,"Karviná - Nové Město, okres Karviná",Karviná - Nové Město
11608,6000,41,3+kk,"Ostrava - Moravská Ostrava, okres Ostrava-město",Ostrava - Moravská Ostrava
11609,6000,32,2+1,"Frenštát pod Radhoštěm, okres Nový Jičín",Frenštát pod Radhoštěm
11610,5000,14,1+1,"Ostrava - Poruba, okres Ostrava-město",Ostrava - Poruba
11611,7000,34,2+1,"Ostrava - Poruba, okres Ostrava-město",Ostrava - Poruba
11612,7000,33,2+kk,"Ostrava - Poruba, okres Ostrava-město",Ostrava - Poruba
11613,7000,28,2+1,"Ostrava - Moravská Ostrava, okres Ostrava-město",Ostrava - Moravská Ostrava
11614,8000,47,3+kk,"Ostrava - Moravská Ostrava, okres Ostrava-město",Ostrava - Moravská Ostrava
11615,7000,35,2+1,"Ostrava - Moravská Ostrava, okres Ostrava-město",Ostrava - Moravská Ostrava
11616,8000,33,3+kk,"Ostrava - Poruba, okres Ostrava-město",Ostrava - Poruba
11618,11000,46,3+1,"Ostrava - Zábřeh, okres Ostrava-město",Ostrava - Zábřeh
11619,8000,45,3+1,"Ostrava - Přívoz, okres Ostrava-město",Ostrava - Přívoz
11620,6000,35,2+1,"Havířov - Město, okres Karviná",Havířov - Město
11621,5000,39,2+1,"Havířov - Město, okres Karviná",Havířov - Město
11622,10000,54,3+1,"Ostrava - Moravská Ostrava, okres Ostrava-město",Ostrava - Moravská Ostrava
11624,5000,20,2+kk,"Havířov - Město, okres Karviná",Havířov - Město
11625,7000,29,1+1,"Ostrava - Přívoz, okres Ostrava-město",Ostrava - Přívoz
11626,8000,29,2+1,"Třinec - Lyžbice, okres Frýdek-Místek",Třinec - Lyžbice
11627,4000,36,2+1,"Havířov - Šumbark, okres Karviná",Havířov - Šumbark
11628,5000,17,1+kk,Nový Jičín,Nový Jičín
11632,7000,35,3+1,Bruntál,Bruntál
11633,16000,33,2+kk,"Ostrava - Moravská Ostrava, okres Ostrava-město",Ostrava - Moravská Ostrava
11634,5000,31,2+1,"Havířov - Město, okres Karviná",Havířov - Město
11635,5000,35,2+1,"Havířov - Město, okres Karviná",Havířov - Město
11636,17000,47,3+kk,"Ostrava - Slezská Ostrava, okres Ostrava-město",Ostrava - Slezská Ostrava
11637,8000,26,2+1,"Ostrava - Hrabůvka, okres Ostrava-město",Ostrava - Hrabůvka
11638,9000,56,3+1,"Ostrava - Poruba, okres Ostrava-město",Ostrava - Poruba
11639,5000,14,1+kk,Nový Jičín,Nový Jičín
11641,8000,47,2+1,"Ostrava - Mariánské Hory, okres Ostrava-město",Ostrava - Mariánské Hory
11642,5000,16,1+kk,Nový Jičín,Nový Jičín
11644,7000,35,3+kk,"Ostrava - Poruba, okres Ostrava-město",Ostrava - Poruba
11645,6000,29,2+1,"Havířov - Podlesí, okres Karviná",Havířov - Podlesí
11647,9000,41,2+1,"Ostrava - Hrabůvka, okres Ostrava-město",Ostrava - Hrabůvka
11648,6000,36,2+1,"Ostrava - Poruba, okres Ostrava-město",Ostrava - Poruba
11649,9000,55,2+1,"Český Těšín, okres Karviná",Český Těšín
11650,5000,32,2+1,"Havířov - Město, okres Karviná",Havířov - Město
11651,5000,36,2+1,"Havířov - Město, okres Karviná",Havířov - Město
11652,4000,32,2+1,"Karviná - Nové Město, okres Karviná",Karviná - Nové Město
11653,5000,29,2+1,"Havířov - Město, okres Karviná",Havířov - Město
11655,5000,29,2+1,"Havířov - Město, okres Karviná",Havířov - Město
11656,5000,40,2+1,"Havířov - Město, okres Karviná",Havířov - Město
11657,4000,33,2+1,"Karviná - Nové Město, okres Karviná",Karviná - Nové Město
11659,5000,33,2+1,"Karviná - Nové Město, okres Karviná",Karviná - Nové Město
11660,5000,30,2+1,"Havířov - Město, okres Karviná",Havířov - Město
11662,7000,44,3+1,"Havířov - Město, okres Karviná",Havířov - Město
11664,4000,31,2+1,Bruntál,Bruntál
11665,6000,32,2+1,Bruntál,Bruntál
11667,8000,22,2+kk,"Kopřivnice, okres Nový Jičín",Kopřivnice
11668,7000,34,2+kk,"Ostrava - Poruba, okres Ostrava-město",Ostrava - Poruba
11669,5000,19,1+kk,"Ostrava, okres Ostrava-město",Ostrava
11670,8000,20,2+kk,"Havířov - Podlesí, okres Karviná",Havířov - Podlesí
11671,8000,20,1+1,"Ostrava - Mariánské Hory, okres Ostrava-město",Ostrava - Mariánské Hory
11672,5000,21,1+1,"Karviná - Ráj, okres Karviná",Karviná - Ráj
11673,17000,90,4+kk,"Ostrava - Poruba, okres Ostrava-město",Ostrava - Poruba
11674,6000,35,1+1,"Ostrava - Moravská Ostrava, okres Ostrava-město",Ostrava - Moravská Ostrava
11675,5000,40,3+1,"Havířov - Město, okres Karviná",Havířov - Město
11678,5000,22,1+1,"Karviná - Hranice, okres Karviná",Karviná - Hranice
11679,8000,31,2+1,"Ostrava - Moravská Ostrava, okres Ostrava-město",Ostrava - Moravská Ostrava
11680,9000,34,2+kk,"Český Těšín, okres Karviná",Český Těšín
11681,11000,45,3+kk,"Český Těšín, okres Karviná",Český Těšín
11682,4000,36,2+1,"Havířov - Šumbark, okres Karviná",Havířov - Šumbark
11684,5000,42,3+1,"Karviná - Nové Město, okres Karviná",Karviná - Nové Město
11685,6000,35,3+1,"Havířov - Město, okres Karviná",Havířov - Město
11686,4000,33,2+1,"Karviná - Nové Město, okres Karviná",Karviná - Nové Město
11687,6000,42,3+1,"Havířov - Město, okres Karviná",Havířov - Město
11688,5000,29,2+1,"Havířov - Město, okres Karviná",Havířov - Město
11689,4000,32,2+1,"Karviná - Nové Město, okres Karviná",Karviná - Nové Město
11690,5000,32,2+1,"Havířov - Město, okres Karviná",Havířov - Město
11691,4000,31,2+1,"Karviná - Nové Město, okres Karviná",Karviná - Nové Město
11694,6000,31,2+1,"Třinec - Lyžbice, okres Frýdek-Místek",Třinec - Lyžbice
11697,4000,22,1+1,"Ostrava - Výškovice, okres Ostrava-město",Ostrava - Výškovice
11698,9000,45,3+1,"Ostrava - Mariánské Hory, okres Ostrava-město",Ostrava - Mariánské Hory
11699,6000,33,2+1,"Frýdek-Místek - Místek, okres Frýdek-Místek",Frýdek-Místek - Místek
11701,9000,62,4+1,"Český Těšín, okres Karviná",Český Těšín
11702,11000,44,1+1,"Havířov - Město, okres Karviná",Havířov - Město
11703,9000,44,3+kk,"Havířov - Město, okres Karviná",Havířov - Město
11704,6000,41,3+1,"Karviná - Nové Město, okres Karviná",Karviná - Nové Město
11705,4000,29,2+1,"Karviná - Nové Město, okres Karviná",Karviná - Nové Město
11706,7000,26,2+1,"Ostrava - Zábřeh, okres Ostrava-město",Ostrava - Zábřeh
11708,10000,60,4+1,"Ostrava - Moravská Ostrava, okres Ostrava-město",Ostrava - Moravská Ostrava
11709,5000,19,1+kk,"Opava - Kateřinky, okres Opava",Opava - Kateřinky
11711,7000,29,2+1,Nový Jičín,Nový Jičín
11713,5000,64,3+1,Nový Jičín,Nový Jičín
11714,6000,41,3+1,"Ostrava - Moravská Ostrava, okres Ostrava-město",Ostrava - Moravská Ostrava
11715,8000,43,3+1,"Frenštát pod Radhoštěm, okres Nový Jičín",Frenštát pod Radhoštěm
11716,4000,16,1+kk,"Krnov - Pod Bezručovým vrchem, okres Bruntál",Krnov - Pod Bezručovým vrchem
11719,6000,25,2+kk,"Havířov - Město, okres Karviná",Havířov - Město
11720,5000,28,2+1,"Havířov - Město, okres Karviná",Havířov - Město
11721,7000,32,2+1,"Havířov - Město, okres Karviná",Havířov - Město
11722,6000,36,3+1,"Havířov - Město, okres Karviná",Havířov - Město
11723,6000,30,2+1,"Havířov - Město, okres Karviná",Havířov - Město
11724,5000,30,2+1,"Havířov - Město, okres Karviná",Havířov - Město
11725,6000,35,3+1,"Havířov - Město, okres Karviná",Havířov - Město
11726,6000,41,3+1,"Karviná - Nové Město, okres Karviná",Karviná - Nové Město
11728,5000,31,2+1,Bruntál,Bruntál
11729,5000,22,1+1,"Ostrava - Hrabůvka, okres Ostrava-město",Ostrava - Hrabůvka
11730,11000,39,2+1,"Frýdek-Místek - Frýdek, okres Frýdek-Místek",Frýdek-Místek - Frýdek
11731,14000,40,2+kk,"Ostrava - Moravská Ostrava, okres Ostrava-město",Ostrava - Moravská Ostrava
11732,17000,47,3+kk,"Ostrava - Moravská Ostrava, okres Ostrava-město",Ostrava - Moravská Ostrava
11734,7000,26,2+kk,"Ostrava - Slezská Ostrava, okres Ostrava-město",Ostrava - Slezská Ostrava
11735,7000,20,1+kk,"Ostrava - Moravská Ostrava, okres Ostrava-město",Ostrava - Moravská Ostrava
11736,13000,39,2+kk,"Ostrava - Moravská Ostrava, okres Ostrava-město",Ostrava - Moravská Ostrava
11737,6000,28,2+1,"Ostrava - Moravská Ostrava, okres Ostrava-město",Ostrava - Moravská Ostrava
11740,6000,25,2+kk,"Kopřivnice, okres Nový Jičín",Kopřivnice
11741,8000,34,2+1,"Třinec - Lyžbice, okres Frýdek-Místek",Třinec - Lyžbice
11742,4000,22,1+1,"Havířov - Podlesí, okres Karviná",Havířov - Podlesí
11743,5000,38,2+1,"Havířov - Město, okres Karviná",Havířov - Město
11744,8000,33,2+1,"Opava - Předměstí, okres Opava",Opava - Předměstí
11748,5000,32,2+1,"Havířov - Město, okres Karviná",Havířov - Město
11749,5000,39,2+1,"Havířov - Město, okres Karviná",Havířov - Město
11750,14000,57,4+kk,"Ostrava - Moravská Ostrava, okres Ostrava-město",Ostrava - Moravská Ostrava
11751,4000,16,1+kk,"Frýdek-Místek - Frýdek, okres Frýdek-Místek",Frýdek-Místek - Frýdek
11752,5000,31,2+1,"Karviná - Ráj, okres Karviná",Karviná - Ráj
11753,4000,29,2+1,"Karviná - Nové Město, okres Karviná",Karviná - Nové Město
11754,5000,44,3+1,"Karviná - Nové Město, okres Karviná",Karviná - Nové Město
11755,5000,22,1+1,"Karviná - Hranice, okres Karviná",Karviná - Hranice
11756,6000,31,2+1,"Karviná - Ráj, okres Karviná",Karviná - Ráj
11757,6000,41,3+1,"Havířov - Město, okres Karviná",Havířov - Město
11758,5000,31,2+1,"Karviná - Ráj, okres Karviná",Karviná - Ráj
11759,9000,23,2+kk,"Kopřivnice, okres Nový Jičín",Kopřivnice
11761,4000,23,1+1,"Karviná - Mizerov, okres Karviná",Karviná - Mizerov
11762,6000,42,3+1,"Karviná - Nové Město, okres Karviná",Karviná - Nové Město
11763,4000,30,2+1,"Karviná - Nové Město, okres Karviná",Karviná - Nové Město
11766,6000,41,3+1,"Karviná - Nové Město, okres Karviná",Karviná - Nové Město
11767,5000,17,1+kk,"Havířov - Šumbark, okres Karviná",Havířov - Šumbark
11768,4000,20,1+1,"Opava - Předměstí, okres Opava",Opava - Předměstí
11769,5000,19,1+kk,"Frenštát pod Radhoštěm, okres Nový Jičín",Frenštát pod Radhoštěm
11770,7000,33,2+1,"Opava - Předměstí, okres Opava",Opava - Předměstí
11771,10000,54,2+1,"Ostrava - Moravská Ostrava, okres Ostrava-město",Ostrava - Moravská Ostrava
11773,5000,28,2+kk,"Ostrava - Moravská Ostrava, okres Ostrava-město",Ostrava - Moravská Ostrava
11774,5000,14,1+kk,"Ostrava - Poruba, okres Ostrava-město",Ostrava - Poruba
11775,5000,22,1+1,"Ostrava - Zábřeh, okres Ostrava-město",Ostrava - Zábřeh
11778,17000,78,4+kk,"Ostrava - Poruba, okres Ostrava-město",Ostrava - Poruba
11780,8000,41,3+kk,"Ostrava - Mariánské Hory, okres Ostrava-město",Ostrava - Mariánské Hory
11781,21000,55,4+kk,"Ostrava - Moravská Ostrava, okres Ostrava-město",Ostrava - Moravská Ostrava
11782,6000,28,2+kk,"Ostrava - Moravská Ostrava, okres Ostrava-město",Ostrava - Moravská Ostrava
11783,12000,44,3+kk,"Ostrava - Moravská Ostrava, okres Ostrava-město",Ostrava - Moravská Ostrava
11785,8000,50,2+1,"Ostrava - Moravská Ostrava, okres Ostrava-město",Ostrava - Moravská Ostrava
11786,8000,41,2+1,"Ostrava - Moravská Ostrava, okres Ostrava-město",Ostrava - Moravská Ostrava
11787,8000,32,2+1,"Karviná - Nové Město, okres Karviná",Karviná - Nové Město
11788,5000,42,3+1,"Karviná - Nové Město, okres Karviná",Karviná - Nové Město
11791,4000,17,1+kk,"Karviná - Mizerov, okres Karviná",Karviná - Mizerov
11793,5000,34,2+1,"Karviná - Hranice, okres Karviná",Karviná - Hranice
11795,7000,59,3+kk,"Třinec - Lyžbice, okres Frýdek-Místek",Třinec - Lyžbice
11796,7000,26,2+1,"Kopřivnice, okres Nový Jičín",Kopřivnice
11803,4000,16,1+kk,"Karviná - Mizerov, okres Karviná",Karviná - Mizerov
11807,8000,44,3+1,"Frýdek-Místek - Místek, okres Frýdek-Místek",Frýdek-Místek - Místek
11808,6000,22,2+kk,Nový Jičín,Nový Jičín
11809,4000,13,1+kk,"Kopřivnice, okres Nový Jičín",Kopřivnice
11810,8000,38,3+1,Bruntál,Bruntál
11811,5000,29,2+kk,"Ostrava - Přívoz, okres Ostrava-město",Ostrava - Přívoz
11812,7000,30,2+kk,"Ostrava - Přívoz, okres Ostrava-město",Ostrava - Přívoz
11814,4000,29,2+1,"Karviná - Nové Město, okres Karviná",Karviná - Nové Město
11815,7000,56,atypické,"Hlučín, okres Opava",Hlučín
11816,10000,53,2+1,"Hlučín, okres Opava",Hlučín
11818,5000,21,2+kk,"Ostrava - Zábřeh, okres Ostrava-město",Ostrava - Zábřeh
11820,7000,43,4+1,"Karviná - Hranice, okres Karviná",Karviná - Hranice
11821,4000,32,2+1,"Karviná - Nové Město, okres Karviná",Karviná - Nové Město
11823,7000,33,2+1,"Karviná - Mizerov, okres Karviná",Karviná - Mizerov
11824,6000,25,1+1,Nový Jičín,Nový Jičín
11830,4000,24,1+1,"Ostrava - Přívoz, okres Ostrava-město",Ostrava - Přívoz
11831,5000,26,2+1,"Krnov - Pod Bezručovým vrchem, okres Bruntál",Krnov - Pod Bezručovým vrchem
11834,16000,65,3+kk,"Ostrava - Moravská Ostrava, okres Ostrava-město",Ostrava - Moravská Ostrava
11835,6000,32,2+1,"Karviná - Mizerov, okres Karviná",Karviná - Mizerov
11837,10000,31,2+kk,"Ostrava - Hrabůvka, okres Ostrava-město",Ostrava - Hrabůvka
11838,10000,70,4+kk,Bruntál,Bruntál
11839,5000,13,1+kk,"Ostrava, okres Ostrava-město",Ostrava
11841,10000,53,2+1,"Ostrava - Přívoz, okres Ostrava-město",Ostrava - Přívoz
11842,8000,23,1+kk,"Hlučín, okres Opava",Hlučín
11844,8000,34,2+kk,"Ostrava, okres Ostrava-město",Ostrava
11845,4000,31,2+1,"Havířov - Město, okres Karviná",Havířov - Město
11848,14000,65,3+kk,"Český Těšín, okres Karviná",Český Těšín
11849,10000,37,2+kk,"Český Těšín, okres Karviná",Český Těšín
11851,13000,44,3+kk,"Ostrava - Hrabůvka, okres Ostrava-město",Ostrava - Hrabůvka
11852,7000,13,1+kk,"Ostrava - Zábřeh, okres Ostrava-město",Ostrava - Zábřeh
11854,6000,47,3+1,"Havířov - Město, okres Karviná",Havířov - Město
11855,4000,17,1+kk,"Ostrava - Moravská Ostrava, okres Ostrava-město",Ostrava - Moravská Ostrava
11856,5000,25,2+kk,"Ostrava - Moravská Ostrava, okres Ostrava-město",Ostrava - Moravská Ostrava
11858,5000,24,1+1,"Havířov - Město, okres Karviná",Havířov - Město
11861,14000,65,3+kk,"Český Těšín, okres Karviná",Český Těšín
11862,10000,37,2+kk,"Český Těšín, okres Karviná",Český Těšín
11864,13000,44,3+kk,"Ostrava - Hrabůvka, okres Ostrava-město",Ostrava - Hrabůvka
11865,7000,13,1+kk,"Ostrava - Zábřeh, okres Ostrava-město",Ostrava - Zábřeh
11867,6000,47,3+1,"Havířov - Město, okres Karviná",Havířov - Město
11868,4000,17,1+kk,"Ostrava - Moravská Ostrava, okres Ostrava-město",Ostrava - Moravská Ostrava
11869,5000,25,2+kk,"Ostrava - Moravská Ostrava, okres Ostrava-město",Ostrava - Moravská Ostrava
11874,8000,34,2+1,"Třebíč - Borovina, okres Třebíč",Třebíč - Borovina
11875,8000,32,2+1,"Třebíč - Nové Dvory, okres Třebíč",Třebíč - Nové Dvory
11876,7000,18,1+kk,"Třebíč - Nové Dvory, okres Třebíč",Třebíč - Nové Dvory
11878,8000,35,2+kk,Jihlava,Jihlava
11879,8000,25,2+kk,Jihlava,Jihlava
11880,10000,47,3+kk,"Humpolec, okres Pelhřimov",Humpolec
11881,11000,54,3+kk,Jihlava,Jihlava
11882,8000,50,2+1,Havlíčkův Brod,Havlíčkův Brod
11886,6000,20,1+kk,"Humpolec, okres Pelhřimov",Humpolec
11887,6000,17,1+kk,"Humpolec, okres Pelhřimov",Humpolec
11888,10000,58,2+kk,"Humpolec, okres Pelhřimov",Humpolec
11889,6000,19,1+1,"Třebíč - Nové Dvory, okres Třebíč",Třebíč - Nové Dvory
11890,7000,34,2+1,Jihlava,Jihlava
11891,7000,32,2+1,Jihlava,Jihlava
11892,8000,25,1+1,Jihlava,Jihlava
11893,6000,15,1+kk,Jihlava,Jihlava
11897,8000,29,2+1,"Třebíč, okres Třebíč",Třebíč
11902,11000,39,4+kk,"Třebíč - Borovina, okres Třebíč",Třebíč - Borovina
11903,7000,28,1+kk,"Třebíč - Borovina, okres Třebíč",Třebíč - Borovina
11904,8000,32,2+kk,"Humpolec, okres Pelhřimov",Humpolec
11905,7000,33,2+kk,"Třešť, okres Jihlava",Třešť
11907,5000,19,1+1,"Třešť, okres Jihlava",Třešť
11909,4000,20,2+kk,"Třešť, okres Jihlava",Třešť
11911,5000,28,2+kk,"Třešť, okres Jihlava",Třešť
11912,9000,34,2+kk,"Havlíčkův Brod, okres Havlíčkův Brod",Havlíčkův Brod
11914,8000,24,1+kk,"Třebíč, okres Třebíč",Třebíč
11915,10000,40,3+kk,Jihlava,Jihlava
11916,7000,38,3+1,Havlíčkův Brod,Havlíčkův Brod
11917,6000,26,1+kk,"Třešť, okres Jihlava",Třešť
11919,9000,44,3+1,Jihlava,Jihlava
11921,7000,27,2+kk,"Světlá nad Sázavou, okres Havlíčkův Brod",Světlá nad Sázavou
11922,8000,32,2+1,Jihlava,Jihlava
11926,7000,34,2+1,Jihlava,Jihlava
11928,9000,34,2+1,"Třebíč, okres Třebíč",Třebíč
11929,8000,32,2+1,Jihlava,Jihlava
11930,5000,26,2+1,"Třešť, okres Jihlava",Třešť
11932,8000,29,2+1,Havlíčkův Brod,Havlíčkův Brod
11936,8000,36,2+1,Havlíčkův Brod,Havlíčkův Brod
11937,7000,23,1+1,Havlíčkův Brod,Havlíčkův Brod
11938,6000,30,2+kk,"Třešť, okres Jihlava",Třešť
11942,10000,39,2+kk,"Jihlava, okres Jihlava",Jihlava
11943,7000,32,2+1,Jihlava,Jihlava
11944,8000,37,3+1,Jihlava,Jihlava
11945,7000,14,1+kk,Jihlava,Jihlava
11947,10000,43,3+1,Jihlava,Jihlava
11948,7000,21,1+1,Havlíčkův Brod,Havlíčkův Brod
11949,6000,22,2+kk,"Třešť, okres Jihlava",Třešť
11955,7000,30,1+kk,"Třešť, okres Jihlava",Třešť
11959,9000,34,2+1,"Třebíč - Nové Dvory, okres Třebíč",Třebíč - Nové Dvory
11960,9000,39,3+kk,Jihlava,Jihlava
11961,5000,23,1+1,"Třešť, okres Jihlava",Třešť
11962,8000,33,2+1,Jihlava,Jihlava
11964,8000,55,4+1,"Světlá nad Sázavou, okres Havlíčkův Brod",Světlá nad Sázavou
11965,8000,36,3+kk,"Třebíč - Borovina, okres Třebíč",Třebíč - Borovina
11968,9000,43,3+1,Jihlava,Jihlava
11969,7000,32,2+1,Jihlava,Jihlava
11970,11000,49,3+1,Jihlava,Jihlava
11973,10000,47,3+kk,Havlíčkův Brod,Havlíčkův Brod
11974,8000,29,2+kk,"Světlá nad Sázavou, okres Havlíčkův Brod",Světlá nad Sázavou
11975,8000,29,2+kk,Havlíčkův Brod,Havlíčkův Brod
11976,6000,19,1+1,Jihlava,Jihlava
11978,8000,39,2+1,Havlíčkův Brod,Havlíčkův Brod
11980,13000,44,3+kk,"Třebíč, okres Třebíč",Třebíč
11981,8000,34,2+kk,Jihlava,Jihlava
11982,10000,39,3+kk,Havlíčkův Brod,Havlíčkův Brod
11983,10000,66,3+1,"Třebíč - Horka-Domky, okres Třebíč",Třebíč - Horka-Domky
11984,9000,54,2+1,"Třebíč - Horka-Domky, okres Třebíč",Třebíč - Horka-Domky
11985,8000,51,2+1,"Třebíč - Horka-Domky, okres Třebíč",Třebíč - Horka-Domky
11987,7000,25,2+kk,Havlíčkův Brod,Havlíčkův Brod
11988,9000,23,1+kk,"Třebíč, okres Třebíč",Třebíč
11989,7000,22,1+kk,"Třebíč, okres Třebíč",Třebíč
11991,8000,43,3+1,"Třebíč - Nové Dvory, okres Třebíč",Třebíč - Nové Dvory
11992,11000,46,3+1,Jihlava,Jihlava
11993,8000,31,2+kk,"Třešť, okres Jihlava",Třešť
11994,6000,24,2+kk,"Třešť, okres Jihlava",Třešť
11997,8000,36,3+1,"Třebíč - Borovina, okres Třebíč",Třebíč - Borovina
12000,12000,60,3+1,Jihlava,Jihlava
12001,7000,33,2+kk,Havlíčkův Brod,Havlíčkův Brod
12002,9000,65,2+1,Jihlava,Jihlava
12006,11000,51,3+kk,Jihlava,Jihlava
12007,10000,50,3+1,Jihlava,Jihlava
12009,8000,26,3+kk,Jihlava,Jihlava
12010,8000,28,2+kk,Jihlava,Jihlava
12012,8000,29,2+kk,Havlíčkův Brod,Havlíčkův Brod
12013,8000,41,3+kk,"Humpolec, okres Pelhřimov",Humpolec
12015,8000,37,2+kk,Havlíčkův Brod,Havlíčkův Brod
12016,6000,17,1+kk,Havlíčkův Brod,Havlíčkův Brod
12019,9000,36,2+kk,"Třebíč, okres Třebíč",Třebíč
12021,7000,38,3+1,Havlíčkův Brod,Havlíčkův Brod
12022,7000,20,2+kk,"Humpolec, okres Pelhřimov",Humpolec
12023,8000,40,2+1,Jihlava,Jihlava
12024,8000,42,3+kk,Havlíčkův Brod,Havlíčkův Brod
12025,6000,31,2+1,Jihlava,Jihlava
12026,11000,80,3+1,Jihlava,Jihlava
12027,7000,20,2+kk,"Humpolec, okres Pelhřimov",Humpolec
12029,7000,44,3+1,Jihlava,Jihlava
12030,9000,42,3+1,"Třebíč - Nové Dvory, okres Třebíč",Třebíč - Nové Dvory
12033,8000,31,2+1,Jihlava,Jihlava
12034,7000,31,2+1,Jihlava,Jihlava
12039,6000,19,1+1,"Třebíč - Horka-Domky, okres Třebíč",Třebíč - Horka-Domky
12042,5000,14,1+kk,"Třešť, okres Jihlava",Třešť
12044,8000,34,2+1,"Třebíč - Nové Dvory, okres Třebíč",Třebíč - Nové Dvory
12045,8000,24,2+kk,"Třebíč - Nové Dvory, okres Třebíč",Třebíč - Nové Dvory
12047,7000,32,1+1,"Světlá nad Sázavou, okres Havlíčkův Brod",Světlá nad Sázavou
12048,8000,85,3+1,"Světlá nad Sázavou, okres Havlíčkův Brod",Světlá nad Sázavou
12049,8000,56,2+1,"Světlá nad Sázavou, okres Havlíčkův Brod",Světlá nad Sázavou
12050,7000,40,3+1,"Humpolec, okres Pelhřimov",Humpolec
12051,5000,19,1+1,"Třebíč - Nové Dvory, okres Třebíč",Třebíč - Nové Dvory
12052,10000,44,3+1,Jihlava,Jihlava
12055,11000,44,3+kk,Jihlava,Jihlava
12057,7000,38,2+1,Jihlava,Jihlava
12058,6000,45,3+1,Jihlava,Jihlava
12059,7000,25,2+kk,Jihlava,Jihlava
12064,8000,38,2+1,Jihlava,Jihlava
12065,6000,43,3+1,"Třešť, okres Jihlava",Třešť
12069,6000,19,1+1,Jihlava,Jihlava
12071,13000,95,other,"Třebíč - Horka-Domky, okres Třebíč",Třebíč - Horka-Domky
12072,8000,40,4+1,"Humpolec, okres Pelhřimov",Humpolec
12073,9000,44,3+1,Jihlava,Jihlava
12075,7000,33,2+kk,Jihlava,Jihlava
12076,8000,47,2+kk,Havlíčkův Brod,Havlíčkův Brod
12078,11000,57,3+kk,"Třebíč - Borovina, okres Třebíč",Třebíč - Borovina
12079,10000,40,2+kk,"Třebíč - Borovina, okres Třebíč",Třebíč - Borovina
12080,9000,32,2+kk,"Třebíč - Borovina, okres Třebíč",Třebíč - Borovina
12081,8000,23,2+kk,Havlíčkův Brod,Havlíčkův Brod
12083,9000,44,3+1,Jihlava,Jihlava
12084,8000,46,3+1,Havlíčkův Brod,Havlíčkův Brod
12085,7000,35,2+1,"Světlá nad Sázavou, okres Havlíčkův Brod",Světlá nad Sázavou
12087,7000,39,2+1,Jihlava,Jihlava
12088,7000,22,1+kk,"Třebíč, okres Třebíč",Třebíč
12089,10000,39,2+kk,"Třebíč, okres Třebíč",Třebíč
12091,10000,39,2+kk,"Třebíč, okres Třebíč",Třebíč
12092,10000,39,2+kk,"Třebíč, okres Třebíč",Třebíč
12093,9000,33,2+kk,"Třebíč, okres Třebíč",Třebíč
12095,9000,34,2+kk,"Třebíč, okres Třebíč",Třebíč
12096,9000,33,2+kk,"Třebíč, okres Třebíč",Třebíč
12097,9000,29,2+kk,"Třebíč, okres Třebíč",Třebíč
12098,9000,34,2+kk,"Třebíč, okres Třebíč",Třebíč
12099,8000,21,1+kk,"Třebíč, okres Třebíč",Třebíč
12100,10000,33,2+kk,"Třebíč, okres Třebíč",Třebíč
12101,7000,41,2+kk,Jihlava,Jihlava
12102,6000,11,1+kk,Jihlava,Jihlava
12105,5000,22,1+kk,"Třešť, okres Jihlava",Třešť
12107,5000,19,1+1,"Jihlava, okres Jihlava",Jihlava
12108,7000,22,1+kk,"Třebíč, okres Třebíč",Třebíč
12109,11000,47,3+kk,Havlíčkův Brod,Havlíčkův Brod
12110,7000,35,2+1,Jihlava,Jihlava
12111,7000,35,2+1,Jihlava,Jihlava
12112,9000,29,2+kk,Jihlava,Jihlava
12114,8000,29,2+kk,"Havlíčkův Brod, okres Havlíčkův Brod",Havlíčkův Brod
12118,8000,33,2+kk,Jihlava,Jihlava
12119,8000,34,2+kk,Havlíčkův Brod,Havlíčkův Brod
12120,8000,35,2+1,Jihlava,Jihlava
12121,7000,35,2+1,Jihlava,Jihlava
12122,7000,39,3+1,Havlíčkův Brod,Havlíčkův Brod
12123,8000,34,2+1,"Třebíč - Borovina, okres Třebíč",Třebíč - Borovina
12124,7000,26,1+kk,Jihlava,Jihlava
12125,12000,49,3+kk,"Humpolec, okres Pelhřimov",Humpolec
12126,9000,34,2+1,"Třebíč - Nové Dvory, okres Třebíč",Třebíč - Nové Dvory
12130,8000,34,2+1,"Třebíč - Borovina, okres Třebíč",Třebíč - Borovina
12131,7000,47,2+kk,Havlíčkův Brod,Havlíčkův Brod
12132,8000,30,2+kk,"Havlíčkův Brod, okres Havlíčkův Brod",Havlíčkův Brod
12133,8000,29,2+kk,"Havlíčkův Brod, okres Havlíčkův Brod",Havlíčkův Brod
12134,8000,29,2+kk,"Havlíčkův Brod, okres Havlíčkův Brod",Havlíčkův Brod
12135,8000,29,2+kk,"Havlíčkův Brod, okres Havlíčkův Brod",Havlíčkův Brod
12136,4000,10,1+kk,"Světlá nad Sázavou, okres Havlíčkův Brod",Světlá nad Sázavou
12138,7000,17,1+kk,Havlíčkův Brod,Havlíčkův Brod
12141,9000,54,3+1,Jihlava,Jihlava
12145,8000,28,2+kk,Jihlava,Jihlava
12146,9000,47,2+1,Jihlava,Jihlava
12147,8000,44,2+kk,Jihlava,Jihlava
12148,8000,26,2+kk,Jihlava,Jihlava
12153,7000,32,2+1,"Třebíč - Horka-Domky, okres Třebíč",Třebíč - Horka-Domky
12154,7000,19,1+kk,"Jihlava, okres Jihlava",Jihlava
12157,8000,34,3+1,"Humpolec, okres Pelhřimov",Humpolec
12158,11000,40,3+kk,"Třebíč - Horka-Domky, okres Třebíč",Třebíč - Horka-Domky
12159,10000,27,2+kk,"Třebíč - Horka-Domky, okres Třebíč",Třebíč - Horka-Domky
12160,10000,36,2+kk,"Třebíč - Horka-Domky, okres Třebíč",Třebíč - Horka-Domky
12161,10000,35,2+1,Jihlava,Jihlava
12162,21000,100,4+kk,"Třebíč, okres Třebíč",Třebíč
12165,8000,37,2+kk,Jihlava,Jihlava
12167,16000,72,5+kk,Jihlava,Jihlava
12168,9000,61,3+kk,Havlíčkův Brod,Havlíčkův Brod
12169,9000,30,2+kk,Jihlava,Jihlava
12170,5000,19,1+kk,"Třešť, okres Jihlava",Třešť
12171,5000,20,2+kk,"Světlá nad Sázavou, okres Havlíčkův Brod",Světlá nad Sázavou
12174,8000,35,2+1,Jihlava,Jihlava
12175,8000,28,2+kk,Jihlava,Jihlava
12176,8000,51,2+kk,Jihlava,Jihlava
12182,7000,33,2+1,"Třebíč - Nové Dvory, okres Třebíč",Třebíč - Nové Dvory
12183,13000,43,4+kk,Jihlava,Jihlava
12184,5000,27,1+1,Havlíčkův Brod,Havlíčkův Brod
12185,7000,33,2+1,Jihlava,Jihlava
12187,4000,34,2+1,Havlíčkův Brod,Havlíčkův Brod
12188,9000,41,2+kk,"Třebíč - Horka-Domky, okres Třebíč",Třebíč - Horka-Domky
12189,6000,21,1+1,"Třebíč - Nové Dvory, okres Třebíč",Třebíč - Nové Dvory
12190,10000,44,2+kk,"Humpolec, okres Pelhřimov",Humpolec
12191,7000,34,2+1,Jihlava,Jihlava
12201,5000,15,1+kk,"Světlá nad Sázavou, okres Havlíčkův Brod",Světlá nad Sázavou
12203,7000,25,1+kk,"Třebíč - Horka-Domky, okres Třebíč",Třebíč - Horka-Domky
12206,8000,25,2+kk,Jihlava,Jihlava
12210,8000,25,1+kk,Havlíčkův Brod,Havlíčkův Brod
12212,8000,56,2+1,"Světlá nad Sázavou, okres Havlíčkův Brod",Světlá nad Sázavou
12218,17000,149,other,"Brno - Štýřice, okres Brno-město",Brno - Štýřice
12219,8000,18,1+kk,"Brno - Staré Brno, okres Brno-město",Brno - Staré Brno
12220,14000,45,3+1,"Brno - Staré Brno, okres Brno-město",Brno - Staré Brno
12221,16000,26,2+kk,"Brno - Veveří, okres Brno-město",Brno - Veveří
12222,8000,13,1+kk,"Brno - Lesná, okres Brno-město",Brno - Lesná
12223,8000,25,2+kk,Břeclav,Břeclav
12226,11000,36,1+kk,"Brno - Veveří, okres Brno-město",Brno - Veveří
12227,9000,27,2+kk,"Brno - Staré Brno, okres Brno-město",Brno - Staré Brno
12230,14000,25,1+kk,"Brno - Veveří, okres Brno-město",Brno - Veveří
12231,9000,20,1+kk,"Brno, okres Brno-město",Brno
12232,12000,22,1+kk,"Brno, okres Brno-město",Brno
12233,13000,25,1+kk,"Brno, okres Brno-město",Brno
12234,13000,25,2+kk,"Brno, okres Brno-město",Brno
12235,35000,60,4+kk,"Brno, okres Brno-město",Brno
12236,9000,20,1+kk,"Brno - Komárov, okres Brno-město",Brno - Komárov
12237,12000,20,1+kk,"Brno - Žabovřesky, okres Brno-město",Brno - Žabovřesky
12238,17000,31,2+kk,"Brno - Veveří, okres Brno-město",Brno - Veveří
12239,23000,66,4+kk,"Brno - Lesná, okres Brno-město",Brno - Lesná
12240,11000,26,2+kk,"Brno - Slatina, okres Brno-město",Brno - Slatina
12241,11000,38,2+kk,"Brno - Štýřice, okres Brno-město",Brno - Štýřice
12244,6000,21,1+kk,"Brno - Husovice, okres Brno-město",Brno - Husovice
12245,12000,37,2+kk,"Brno - Černá Pole, okres Brno-město",Brno - Černá Pole
12246,13000,41,3+1,"Brno - Líšeň, okres Brno-město",Brno - Líšeň
12247,13000,40,3+kk,"Brno - Štýřice, okres Brno-město",Brno - Štýřice
12248,7000,14,1+1,"Brno - Židenice, okres Brno-město",Brno - Židenice
12250,13000,31,1+kk,Brno - Brno-město,Brno - Brno-město
12253,9000,25,2+kk,"Brno - Husovice, okres Brno-město",Brno - Husovice
12254,8000,24,1+kk,"Brno - Lesná, okres Brno-město",Brno - Lesná
12255,7000,25,1+1,"Brno - Bystrc, okres Brno-město",Brno - Bystrc
12256,16000,24,1+1,"Brno - Veveří, okres Brno-město",Brno - Veveří
12257,17000,71,3+1,"Brno - Královo Pole, okres Brno-město",Brno - Královo Pole
12258,14000,29,2+kk,"Brno - Zábrdovice, okres Brno-město",Brno - Zábrdovice
12259,7000,20,1+kk,"Brno - Zábrdovice, okres Brno-město",Brno - Zábrdovice
12260,14000,36,2+kk,Brno - Brno-město,Brno - Brno-město
12261,18000,47,3+kk,Brno - Brno-město,Brno - Brno-město
12262,13000,48,3+1,"Brno - Židenice, okres Brno-město",Brno - Židenice
12263,6000,14,other,"Brno - Veveří, okres Brno-město",Brno - Veveří
12264,12000,28,2+1,"Brno - Veveří, okres Brno-město",Brno - Veveří
12265,12000,31,2+kk,Brno - Brno-město,Brno - Brno-město
12266,15000,51,2+kk,"Brno - Staré Brno, okres Brno-město",Brno - Staré Brno
12267,12000,26,2+kk,"Brno - Zábrdovice, okres Brno-město",Brno - Zábrdovice
12268,18000,71,3+1,Brno - Brno-město,Brno - Brno-město
12269,16000,34,2+kk,"Brno - Zábrdovice, okres Brno-město",Brno - Zábrdovice
12270,16000,59,3+kk,Brno - Brno-město,Brno - Brno-město
12271,7000,14,1+kk,"Brno - Husovice, okres Brno-město",Brno - Husovice
12272,12000,19,1+kk,Brno - Brno-město,Brno - Brno-město
12273,12000,19,1+kk,Brno - Brno-město,Brno - Brno-město
12274,11000,17,1+kk,Brno - Brno-město,Brno - Brno-město
12275,13000,24,2+kk,Brno - Brno-město,Brno - Brno-město
12276,10000,16,1+kk,Brno - Brno-město,Brno - Brno-město
12277,12000,19,1+kk,Brno - Brno-město,Brno - Brno-město
12278,11000,17,1+kk,Brno - Brno-město,Brno - Brno-město
12279,13000,24,2+kk,Brno - Brno-město,Brno - Brno-město
12280,10000,16,1+kk,Brno - Brno-město,Brno - Brno-město
12281,11000,20,1+kk,"Brno - Žabovřesky, okres Brno-město",Brno - Žabovřesky
12282,12000,18,1+kk,"Brno - Žabovřesky, okres Brno-město",Brno - Žabovřesky
12283,13000,26,1+kk,"Brno - Žabovřesky, okres Brno-město",Brno - Žabovřesky
12284,14000,28,2+kk,"Brno - Žabovřesky, okres Brno-město",Brno - Žabovřesky
12285,13000,18,1+kk,"Brno - Žabovřesky, okres Brno-město",Brno - Žabovřesky
12286,17000,36,2+kk,"Brno - Královo Pole, okres Brno-město",Brno - Královo Pole
12288,14000,40,3+1,"Brno - Královo Pole, okres Brno-město",Brno - Královo Pole
12290,13000,22,2+kk,"Brno - Horní Heršpice, okres Brno-město",Brno - Horní Heršpice
12291,25000,74,4+1,"Brno, okres Brno-město",Brno
12292,8000,16,1+kk,"Brno - Trnitá, okres Brno-město",Brno - Trnitá
12293,14000,50,3+kk,"Brno - Černá Pole, okres Brno-město",Brno - Černá Pole
12294,6000,16,1+kk,"Brno - Zábrdovice, okres Brno-město",Brno - Zábrdovice
12295,12000,38,3+1,"Brno - Komín, okres Brno-město",Brno - Komín
12296,14000,50,2+kk,"Brno - Královo Pole, okres Brno-město",Brno - Královo Pole
12297,10000,28,2+kk,"Brno, okres Brno-město",Brno
12298,5000,19,1+kk,Znojmo,Znojmo
12300,12000,29,2+1,"Brno - Ponava, okres Brno-město",Brno - Ponava
12301,11000,31,2+kk,"Brno - Řečkovice, okres Brno-město",Brno - Řečkovice
12302,6000,31,2+kk,Znojmo,Znojmo
12303,12000,41,2+1,"Brno - Veveří, okres Brno-město",Brno - Veveří
12304,7000,23,1+kk,"Brno - Husovice, okres Brno-město",Brno - Husovice
12305,7000,25,1+1,"Brno - Žabovřesky, okres Brno-město",Brno - Žabovřesky
12306,9000,16,1+kk,"Brno - Zábrdovice, okres Brno-město",Brno - Zábrdovice
12307,10000,22,2+kk,"Brno, okres Brno-město",Brno
12308,13000,31,2+kk,"Brno - Sadová, okres Brno-město",Brno - Sadová
12309,22000,81,3+1,"Brno - Veveří, okres Brno-město",Brno - Veveří
12310,14000,34,3+1,"Brno - Štýřice, okres Brno-město",Brno - Štýřice
12311,13000,25,2+kk,"Brno - Štýřice, okres Brno-město",Brno - Štýřice
12312,13000,31,2+kk,Brno - Brno-město,Brno - Brno-město
12313,9000,26,1+kk,"Brno - Zábrdovice, okres Brno-město",Brno - Zábrdovice
12315,17000,47,3+kk,"Brno, okres Brno-město",Brno
12316,6000,27,1+1,Hodonín,Hodonín
12317,7000,27,2+kk,Znojmo,Znojmo
12319,8000,16,1+kk,"Brno - Komín, okres Brno-město",Brno - Komín
12320,7000,42,3+1,Znojmo,Znojmo
12321,18000,71,3+1,"Brno - Černá Pole, okres Brno-město",Brno - Černá Pole
12322,8000,16,1+kk,"Brno - Zábrdovice, okres Brno-město",Brno - Zábrdovice
12324,29000,99,4+kk,"Brno - Štýřice, okres Brno-město",Brno - Štýřice
12325,14000,30,2+kk,"Brno - Komárov, okres Brno-město",Brno - Komárov
12327,10000,20,1+1,"Brno - Staré Brno, okres Brno-město",Brno - Staré Brno
12328,4000,19,1+1,Znojmo,Znojmo
12329,7000,19,1+kk,"Brno - Židenice, okres Brno-město",Brno - Židenice
12330,11000,33,3+kk,"Brno - Veveří, okres Brno-město",Brno - Veveří
12332,15000,41,3+kk,"Brno - Řečkovice, okres Brno-město",Brno - Řečkovice
12333,10000,36,2+1,Brno - Brno-město,Brno - Brno-město
12334,16000,42,2+kk,"Brno - Veveří, okres Brno-město",Brno - Veveří
12335,11000,26,1+kk,"Brno - Ponava, okres Brno-město",Brno - Ponava
12336,11000,38,1+kk,"Brno - Pisárky, okres Brno-město",Brno - Pisárky
12337,8000,25,1+1,"Brno - Řečkovice, okres Brno-město",Brno - Řečkovice
12338,11000,32,3+1,"Brno - Žabovřesky, okres Brno-město",Brno - Žabovřesky
12339,8000,17,1+kk,"Brno - Černá Pole, okres Brno-město",Brno - Černá Pole
12341,12000,38,2+1,"Brno - Bystrc, okres Brno-město",Brno - Bystrc
12342,7000,15,1+kk,"Brno - Zábrdovice, okres Brno-město",Brno - Zábrdovice
12343,6000,10,1+kk,"Brno - Zábrdovice, okres Brno-město",Brno - Zábrdovice
12345,8000,16,1+kk,"Brno - Zábrdovice, okres Brno-město",Brno - Zábrdovice
12346,9000,18,1+kk,"Brno - Trnitá, okres Brno-město",Brno - Trnitá
12347,11000,31,2+kk,"Brno - Komín, okres Brno-město",Brno - Komín
12349,16000,50,3+kk,"Brno - Komárov, okres Brno-město",Brno - Komárov
12350,16000,34,2+kk,"Brno - Veveří, okres Brno-město",Brno - Veveří
12353,14000,35,2+kk,"Šlapanice, okres Brno-venkov",Šlapanice
12354,4000,35,2+1,"Brno - Žabovřesky, okres Brno-město",Brno - Žabovřesky
12355,8000,17,1+kk,"Brno - Trnitá, okres Brno-město",Brno - Trnitá
12356,9000,38,2+kk,"Brno, okres Brno-město",Brno
12357,14000,56,2+1,"Brno - Veveří, okres Brno-město",Brno - Veveří
12358,8000,13,1+kk,"Brno - Zábrdovice, okres Brno-město",Brno - Zábrdovice
12359,28000,54,3+kk,"Brno, okres Brno-město",Brno
12360,8000,20,1+kk,"Brno - Zábrdovice, okres Brno-město",Brno - Zábrdovice
12361,12000,31,2+1,"Brno - Staré Brno, okres Brno-město",Brno - Staré Brno
12362,7000,23,1+1,"Brno - Zábrdovice, okres Brno-město",Brno - Zábrdovice
12363,10000,24,2+kk,"Brno - Židenice, okres Brno-město",Brno - Židenice
12364,9000,22,1+1,"Brno - Lesná, okres Brno-město",Brno - Lesná
12365,10000,28,2+kk,"Brno - Nový Lískovec, okres Brno-město",Brno - Nový Lískovec
12367,7000,14,1+1,"Brno - Židenice, okres Brno-město",Brno - Židenice
12368,8000,20,1+kk,"Brno - Zábrdovice, okres Brno-město",Brno - Zábrdovice
12369,13000,34,2+kk,"Brno - Komín, okres Brno-město",Brno - Komín
12370,10000,20,2+kk,"Brno, okres Brno-město",Brno
12371,14000,47,3+1,"Brno - Královo Pole, okres Brno-město",Brno - Královo Pole
12372,7000,17,1+kk,"Brno - Žebětín, okres Brno-město",Brno - Žebětín
12373,10000,35,2+kk,"Brno - Zábrdovice, okres Brno-město",Brno - Zábrdovice
12374,10000,35,2+1,"Brno - Bystrc, okres Brno-město",Brno - Bystrc
12375,9000,20,1+1,"Brno - Pisárky, okres Brno-město",Brno - Pisárky
12376,9000,23,2+kk,"Brno - Štýřice, okres Brno-město",Brno - Štýřice
12377,8000,19,1+kk,"Brno - Žebětín, okres Brno-město",Brno - Žebětín
12378,9000,26,2+kk,"Brno - Bohunice, okres Brno-město",Brno - Bohunice
12379,8000,14,1+kk,"Brno - Zábrdovice, okres Brno-město",Brno - Zábrdovice
12380,9000,25,2+1,"Brno - Štýřice, okres Brno-město",Brno - Štýřice
12381,11000,31,2+kk,"Brno - Štýřice, okres Brno-město",Brno - Štýřice
12382,12000,22,1+kk,"Brno - Žabovřesky, okres Brno-město",Brno - Žabovřesky
12384,13000,25,2+kk,"Brno - Žabovřesky, okres Brno-město",Brno - Žabovřesky
12385,9000,20,1+kk,"Brno - Žabovřesky, okres Brno-město",Brno - Žabovřesky
12386,11000,23,1+kk,"Brno - Žabovřesky, okres Brno-město",Brno - Žabovřesky
12387,20000,32,2+kk,"Brno - Veveří, okres Brno-město",Brno - Veveří
12388,16000,51,3+kk,"Brno - Žabovřesky, okres Brno-město",Brno - Žabovřesky
12389,8000,18,1+kk,"Brno - Černá Pole, okres Brno-město",Brno - Černá Pole
12391,8000,17,1+kk,"Brno - Zábrdovice, okres Brno-město",Brno - Zábrdovice
12392,10000,25,1+kk,"Brno - Slatina, okres Brno-město",Brno - Slatina
12393,13000,34,2+kk,"Brno - Královo Pole, okres Brno-město",Brno - Královo Pole
12394,15000,29,2+kk,"Brno - Židenice, okres Brno-město",Brno - Židenice
12395,10000,31,2+1,"Brno - Židenice, okres Brno-město",Brno - Židenice
12396,10000,17,1+kk,"Brno - Zábrdovice, okres Brno-město",Brno - Zábrdovice
12398,9000,13,1+kk,"Brno - Zábrdovice, okres Brno-město",Brno - Zábrdovice
12399,10000,36,2+kk,"Brno - Královo Pole, okres Brno-město",Brno - Královo Pole
12401,11000,34,2+kk,"Brno, okres Brno-město",Brno
12402,10000,22,1+1,"Brno - Bystrc, okres Brno-město",Brno - Bystrc
12403,10000,15,1+1,"Brno - Žabovřesky, okres Brno-město",Brno - Žabovřesky
12404,8000,23,1+kk,"Brno - Židenice, okres Brno-město",Brno - Židenice
12405,8000,18,1+kk,"Brno - Žebětín, okres Brno-město",Brno - Žebětín
12406,10000,20,1+kk,"Brno - Bohunice, okres Brno-město",Brno - Bohunice
12407,16000,43,3+1,"Brno - Černá Pole, okres Brno-město",Brno - Černá Pole
12408,9000,26,2+kk,"Brno - Žabovřesky, okres Brno-město",Brno - Žabovřesky
12411,13000,39,2+kk,"Brno - Veveří, okres Brno-město",Brno - Veveří
12412,13000,20,2+kk,Brno - Brno-město,Brno - Brno-město
12413,21000,56,4+kk,Brno - Brno-město,Brno - Brno-město
12414,18000,36,3+kk,"Brno - Nový Lískovec, okres Brno-město",Brno - Nový Lískovec
12416,18000,47,3+kk,Brno - Brno-město,Brno - Brno-město
12417,13000,32,1+kk,Brno - Brno-město,Brno - Brno-město
12418,22000,55,3+kk,"Brno - Staré Brno, okres Brno-město",Brno - Staré Brno
12419,23000,85,3+1,"Brno - Černá Pole, okres Brno-město",Brno - Černá Pole
12420,19000,49,3+kk,"Brno - Staré Brno, okres Brno-město",Brno - Staré Brno
12421,16000,53,3+kk,"Brno - Lesná, okres Brno-město",Brno - Lesná
12422,15000,51,2+kk,"Brno - Staré Brno, okres Brno-město",Brno - Staré Brno
12424,16000,31,1+kk,Brno - Brno-město,Brno - Brno-město
12425,11000,16,1+kk,Brno - Brno-město,Brno - Brno-město
12426,11000,21,1+kk,"Brno - Ponava, okres Brno-město",Brno - Ponava
12427,7000,17,1+kk,"Brno - Sadová, okres Brno-město",Brno - Sadová
12428,11000,36,2+kk,"Brno - Černá Pole, okres Brno-město",Brno - Černá Pole
12429,14000,49,3+kk,"Brno - Lesná, okres Brno-město",Brno - Lesná
12430,9000,13,1+kk,"Brno - Zábrdovice, okres Brno-město",Brno - Zábrdovice
12431,9000,23,1+1,"Brno - Ponava, okres Brno-město",Brno - Ponava
12432,8000,19,1+kk,"Brno, okres Brno-město",Brno
12433,8000,14,1+kk,"Brno - Zábrdovice, okres Brno-město",Brno - Zábrdovice
12434,14000,40,3+1,"Brno - Štýřice, okres Brno-město",Brno - Štýřice
12435,10000,27,2+1,"Brno - Zábrdovice, okres Brno-město",Brno - Zábrdovice
12436,7000,17,1+kk,"Brno - Zábrdovice, okres Brno-město",Brno - Zábrdovice
12437,7000,19,1+kk,"Brno - Zábrdovice, okres Brno-město",Brno - Zábrdovice
12438,14000,43,3+kk,"Brno - Bystrc, okres Brno-město",Brno - Bystrc
12439,19000,51,3+kk,"Brno - Staré Brno, okres Brno-město",Brno - Staré Brno
12440,7000,14,1+kk,"Brno - Zábrdovice, okres Brno-město",Brno - Zábrdovice
12441,7000,20,1+1,"Brno - Královo Pole, okres Brno-město",Brno - Královo Pole
12442,10000,22,1+kk,"Brno - Královo Pole, okres Brno-město",Brno - Královo Pole
12443,14000,44,3+1,"Brno - Řečkovice, okres Brno-město",Brno - Řečkovice
12444,8000,19,1+kk,"Brno - Trnitá, okres Brno-město",Brno - Trnitá
12445,12000,22,2+kk,"Brno - Královo Pole, okres Brno-město",Brno - Královo Pole
12447,12000,32,2+kk,"Brno - Ponava, okres Brno-město",Brno - Ponava
12448,11000,33,2+kk,"Brno - Trnitá, okres Brno-město",Brno - Trnitá
12449,8000,20,1+kk,"Modřice, okres Brno-venkov",Modřice
12450,9000,26,2+kk,"Brno - Židenice, okres Brno-město",Brno - Židenice
12451,7000,16,1+kk,"Brno - Štýřice, okres Brno-město",Brno - Štýřice
12452,8000,23,1+1,"Brno - Bystrc, okres Brno-město",Brno - Bystrc
12454,14000,26,2+kk,"Brno - Zábrdovice, okres Brno-město",Brno - Zábrdovice
12455,8000,35,2+kk,"Brno - Židenice, okres Brno-město",Brno - Židenice
12456,10000,29,2+1,"Ivančice, okres Brno-venkov",Ivančice
12457,8000,35,2+kk,"Brno - Židenice, okres Brno-město",Brno - Židenice
12458,10000,29,2+1,"Ivančice, okres Brno-venkov",Ivančice
12459,11000,22,2+kk,"Brno - Královo Pole, okres Brno-město",Brno - Královo Pole
12460,14000,36,2+1,"Brno - Staré Brno, okres Brno-město",Brno - Staré Brno
12461,11000,19,1+kk,"Brno - Štýřice, okres Brno-město",Brno - Štýřice
12463,7000,16,1+1,"Brno - Židenice, okres Brno-město",Brno - Židenice
12464,9000,26,2+kk,"Brno - Židenice, okres Brno-město",Brno - Židenice
12465,14000,41,2+kk,"Brno, okres Brno-město",Brno
12467,17000,59,4+kk,"Brno - Staré Brno, okres Brno-město",Brno - Staré Brno
12468,10000,23,2+kk,"Brno - Ponava, okres Brno-město",Brno - Ponava
12469,9000,23,1+1,"Brno - Černovice, okres Brno-město",Brno - Černovice
12470,13000,38,2+kk,"Brno - Veveří, okres Brno-město",Brno - Veveří
12471,10000,26,2+kk,"Brno - Veveří, okres Brno-město",Brno - Veveří
12472,10000,26,1+1,"Brno - Veveří, okres Brno-město",Brno - Veveří
12474,12000,30,2+kk,"Brno - Černá Pole, okres Brno-město",Brno - Černá Pole
12476,7000,22,1+kk,Znojmo,Znojmo
12479,10000,34,2+1,"Brno - Bystrc, okres Brno-město",Brno - Bystrc
12481,8000,16,1+kk,"Brno - Černá Pole, okres Brno-město",Brno - Černá Pole
12482,11000,23,2+kk,"Brno - Ponava, okres Brno-město",Brno - Ponava
12483,8000,16,1+kk,"Brno - Líšeň, okres Brno-město",Brno - Líšeň
12484,10000,31,2+kk,"Brno - Trnitá, okres Brno-město",Brno - Trnitá
12485,11000,27,2+kk,"Brno - Ponava, okres Brno-město",Brno - Ponava
12486,16000,51,3+kk,"Brno - Staré Brno, okres Brno-město",Brno - Staré Brno
12487,12000,48,2+1,"Brno - Veveří, okres Brno-město",Brno - Veveří
12488,11000,23,1+kk,"Brno - Ponava, okres Brno-město",Brno - Ponava
12489,8000,23,1+1,"Brno - Veveří, okres Brno-město",Brno - Veveří
12490,16000,41,2+kk,Brno - Brno-město,Brno - Brno-město
12491,11000,25,2+kk,"Brno - Královo Pole, okres Brno-město",Brno - Královo Pole
12492,12000,34,3+kk,"Brno - Trnitá, okres Brno-město",Brno - Trnitá
12494,11000,34,2+1,"Brno - Trnitá, okres Brno-město",Brno - Trnitá
12495,11000,25,2+kk,"Brno - Staré Brno, okres Brno-město",Brno - Staré Brno
12496,10000,22,1+kk,"Brno - Zábrdovice, okres Brno-město",Brno - Zábrdovice
12497,14000,23,2+kk,Brno - Brno-město,Brno - Brno-město
12498,21000,56,3+kk,"Brno - Trnitá, okres Brno-město",Brno - Trnitá
12499,16000,45,3+kk,"Brno - Zábrdovice, okres Brno-město",Brno - Zábrdovice
12500,9000,16,1+kk,"Brno - Zábrdovice, okres Brno-město",Brno - Zábrdovice
12501,9000,35,2+1,"Brno - Žabovřesky, okres Brno-město",Brno - Žabovřesky
12502,14000,42,3+kk,"Brno - Štýřice, okres Brno-město",Brno - Štýřice
12503,8000,18,1+kk,"Brno - Žabovřesky, okres Brno-město",Brno - Žabovřesky
12504,9000,22,1+kk,"Brno - Veveří, okres Brno-město",Brno - Veveří
12505,9000,31,2+kk,Znojmo,Znojmo
12506,17000,70,2+kk,"Brno - Sadová, okres Brno-město",Brno - Sadová
12507,8000,14,1+kk,"Brno - Žabovřesky, okres Brno-město",Brno - Žabovřesky
12508,9000,31,2+kk,"Slavkov u Brna, okres Vyškov",Slavkov u Brna
12510,8000,32,2+1,Znojmo,Znojmo
12511,8000,13,1+kk,"Brno - Královo Pole, okres Brno-město",Brno - Královo Pole
12512,13000,45,2+1,"Brno - Žabovřesky, okres Brno-město",Brno - Žabovřesky
12513,8000,24,1+kk,"Brno - Zábrdovice, okres Brno-město",Brno - Zábrdovice
12514,15000,51,3+1,"Brno - Jundrov, okres Brno-město",Brno - Jundrov
12515,13000,36,3+kk,"Brno - Černovice, okres Brno-město",Brno - Černovice
12516,11000,26,2+kk,"Brno - Bystrc, okres Brno-město",Brno - Bystrc
12517,8000,24,1+kk,"Brno - Zábrdovice, okres Brno-město",Brno - Zábrdovice
12518,15000,51,3+1,"Brno - Jundrov, okres Brno-město",Brno - Jundrov
12519,13000,36,3+kk,"Brno - Černovice, okres Brno-město",Brno - Černovice
12520,11000,26,2+kk,"Brno - Bystrc, okres Brno-město",Brno - Bystrc
12522,10000,32,1+1,Brno - Brno-město,Brno - Brno-město
12523,11000,39,3+1,"Brno - Staré Brno, okres Brno-město",Brno - Staré Brno
12524,10000,37,2+kk,"Brno - Trnitá, okres Brno-město",Brno - Trnitá
12525,7000,17,1+kk,"Brno - Žabovřesky, okres Brno-město",Brno - Žabovřesky
12528,9000,25,2+kk,"Brno - Žabovřesky, okres Brno-město",Brno - Žabovřesky
12529,18000,42,3+kk,"Brno - Trnitá, okres Brno-město",Brno - Trnitá
12531,10000,28,2+kk,"Brno - Starý Lískovec, okres Brno-město",Brno - Starý Lískovec
12532,8000,12,1+kk,"Brno - Zábrdovice, okres Brno-město",Brno - Zábrdovice
12535,13000,33,2+kk,"Brno - Bohunice, okres Brno-město",Brno - Bohunice
12536,10000,31,2+kk,"Brno - Zábrdovice, okres Brno-město",Brno - Zábrdovice
12537,8000,17,1+kk,"Brno - Bystrc, okres Brno-město",Brno - Bystrc
12539,9000,30,2+kk,"Brno - Staré Brno, okres Brno-město",Brno - Staré Brno
12541,7000,27,1+1,"Brno - Trnitá, okres Brno-město",Brno - Trnitá
12542,12000,42,3+1,"Brno - Lesná, okres Brno-město",Brno - Lesná
12543,10000,29,1+kk,"Brno - Husovice, okres Brno-město",Brno - Husovice
12545,16000,59,3+1,"Brno - Ponava, okres Brno-město",Brno - Ponava
12547,11000,21,1+kk,"Brno - Žabovřesky, okres Brno-město",Brno - Žabovřesky
12548,12000,18,1+kk,"Brno - Žabovřesky, okres Brno-město",Brno - Žabovřesky
12549,14000,25,1+kk,"Brno - Žabovřesky, okres Brno-město",Brno - Žabovřesky
12550,11000,19,1+kk,"Brno - Žabovřesky, okres Brno-město",Brno - Žabovřesky
12552,7000,13,1+1,"Brno - Pisárky, okres Brno-město",Brno - Pisárky
12554,13000,34,2+kk,"Brno - Ponava, okres Brno-město",Brno - Ponava
12555,13000,23,1+kk,"Brno - Žabovřesky, okres Brno-město",Brno - Žabovřesky
12556,11000,19,1+kk,"Brno - Pisárky, okres Brno-město",Brno - Pisárky
12557,14000,59,2+1,"Brno - Pisárky, okres Brno-město",Brno - Pisárky
12560,18000,56,3+kk,"Brno - Starý Lískovec, okres Brno-město",Brno - Starý Lískovec
12561,11000,29,2+kk,"Brno - Staré Brno, okres Brno-město",Brno - Staré Brno
12562,11000,29,2+kk,"Brno - Ponava, okres Brno-město",Brno - Ponava
12565,24000,60,3+1,Brno - Brno-město,Brno - Brno-město
12566,29000,71,4+kk,"Brno - Sadová, okres Brno-město",Brno - Sadová
12567,17000,30,2+kk,"Brno - Zábrdovice, okres Brno-město",Brno - Zábrdovice
12568,8000,14,1+kk,"Brno - Zábrdovice, okres Brno-město",Brno - Zábrdovice
12569,19000,41,2+kk,"Brno - Černá Pole, okres Brno-město",Brno - Černá Pole
12570,9000,19,1+kk,"Brno - Ponava, okres Brno-město",Brno - Ponava
12571,14000,23,2+kk,"Brno - Ponava, okres Brno-město",Brno - Ponava
12572,22000,30,2+kk,"Brno - Komín, okres Brno-město",Brno - Komín
12573,11000,47,4+1,Hodonín,Hodonín
12574,8000,16,1+kk,"Brno - Královo Pole, okres Brno-město",Brno - Královo Pole
12575,14000,45,3+1,"Brno - Řečkovice, okres Brno-město",Brno - Řečkovice
12576,4000,16,1+kk,Břeclav,Břeclav
12577,9000,19,1+kk,"Brno - Židenice, okres Brno-město",Brno - Židenice
12579,9000,13,1+kk,"Brno - Veveří, okres Brno-město",Brno - Veveří
12580,5000,14,other,"Brno - Staré Brno, okres Brno-město",Brno - Staré Brno
12581,9000,22,1+1,"Brno - Bystrc, okres Brno-město",Brno - Bystrc
12582,5000,16,1+kk,Hodonín,Hodonín
12583,13000,28,2+kk,Brno - Brno-město,Brno - Brno-město
12584,6000,23,2+kk,Znojmo,Znojmo
12585,11000,33,2+kk,"Brno - Horní Heršpice, okres Brno-město",Brno - Horní Heršpice
12586,13000,44,3+kk,"Brno - Černovice, okres Brno-město",Brno - Černovice
12587,9000,26,2+1,"Brno - Židenice, okres Brno-město",Brno - Židenice
12588,13000,45,3+1,"Brno - Komín, okres Brno-město",Brno - Komín
12589,11000,58,3+1,"Brno - Zábrdovice, okres Brno-město",Brno - Zábrdovice
12591,10000,35,2+kk,"Brno - Líšeň, okres Brno-město",Brno - Líšeň
12592,14000,41,2+1,"Brno - Veveří, okres Brno-město",Brno - Veveří
12593,12000,38,2+1,Brno - Brno-město,Brno - Brno-město
12594,8000,23,2+kk,"Brno - Nový Lískovec, okres Brno-město",Brno - Nový Lískovec
12595,11000,32,2+kk,"Brno - Starý Lískovec, okres Brno-město",Brno - Starý Lískovec
12597,11000,35,2+1,"Brno - Bystrc, okres Brno-město",Brno - Bystrc
12598,19000,70,4+1,"Brno - Královo Pole, okres Brno-město",Brno - Královo Pole
12599,5000,19,1+kk,"Brno - Židenice, okres Brno-město",Brno - Židenice
12600,11000,29,2+kk,"Brno - Trnitá, okres Brno-město",Brno - Trnitá
12604,14000,42,2+kk,"Brno - Trnitá, okres Brno-město",Brno - Trnitá
12605,6000,17,1+1,"Brno - Zábrdovice, okres Brno-město",Brno - Zábrdovice
12606,7000,20,1+1,"Brno - Královo Pole, okres Brno-město",Brno - Královo Pole
12607,5000,18,1+1,Hodonín,Hodonín
12608,8000,26,2+kk,"Brno - Královo Pole, okres Brno-město",Brno - Královo Pole
12609,14000,54,3+kk,"Brno - Husovice, okres Brno-město",Brno - Husovice
12610,8000,18,1+kk,"Brno - Staré Brno, okres Brno-město",Brno - Staré Brno
12611,6000,29,2+kk,"Veselí nad Moravou, okres Hodonín",Veselí nad Moravou
12613,13000,43,3+1,"Brno - Starý Lískovec, okres Brno-město",Brno - Starý Lískovec
12614,6000,28,2+kk,Znojmo,Znojmo
12615,13000,44,3+1,"Brno - Lesná, okres Brno-město",Brno - Lesná
12616,15000,44,3+kk,"Modřice, okres Brno-venkov",Modřice
12618,12000,44,3+1,"Brno - Bystrc, okres Brno-město",Brno - Bystrc
12619,11000,39,2+1,"Brno, okres Brno-město",Brno
12620,11000,32,2+1,"Brno, okres Brno-město",Brno
12621,7000,30,1+kk,"Modřice, okres Brno-venkov",Modřice
12622,6000,23,1+1,Hodonín,Hodonín
12623,17000,44,3+1,"Brno - Komín, okres Brno-město",Brno - Komín
12624,9000,25,1+1,"Brno - Královo Pole, okres Brno-město",Brno - Královo Pole
12625,15000,46,3+1,"Brno - Staré Brno, okres Brno-město",Brno - Staré Brno
12626,8000,44,3+1,Hodonín,Hodonín
12627,10000,26,2+kk,"Brno - Královo Pole, okres Brno-město",Brno - Královo Pole
12629,8000,29,2+kk,Hodonín,Hodonín
12630,11000,32,2+kk,"Brno, okres Brno-město",Brno
12631,10000,22,1+1,"Brno - Veveří, okres Brno-město",Brno - Veveří
12632,14000,48,4+kk,"Brno - Líšeň, okres Brno-město",Brno - Líšeň
12634,21000,32,1+kk,"Brno - Staré Brno, okres Brno-město",Brno - Staré Brno
12637,10000,14,1+kk,"Brno - Štýřice, okres Brno-město",Brno - Štýřice
12639,7000,17,1+1,"Brno - Žabovřesky, okres Brno-město",Brno - Žabovřesky
12640,11000,41,2+kk,"Brno - Ponava, okres Brno-město",Brno - Ponava
12641,8000,29,2+kk,"Brno - Ponava, okres Brno-město",Brno - Ponava
12642,11000,32,3+1,"Brno - Žabovřesky, okres Brno-město",Brno - Žabovřesky
12643,14000,52,3+kk,"Brno - Ponava, okres Brno-město",Brno - Ponava
12644,10000,22,1+1,"Brno - Pisárky, okres Brno-město",Brno - Pisárky
12645,21000,71,3+kk,"Brno - Lesná, okres Brno-město",Brno - Lesná
12646,12000,33,2+1,"Brno - Ponava, okres Brno-město",Brno - Ponava
12647,11000,28,2+kk,"Brno - Veveří, okres Brno-město",Brno - Veveří
12649,12000,38,2+1,"Brno - Královo Pole, okres Brno-město",Brno - Královo Pole
12650,12000,35,2+1,"Brno - Královo Pole, okres Brno-město",Brno - Královo Pole
12651,10000,19,2+kk,"Brno - Veveří, okres Brno-město",Brno - Veveří
12653,12000,36,3+kk,"Brno - Bystrc, okres Brno-město",Brno - Bystrc
12654,8000,16,1+kk,"Brno - Komárov, okres Brno-město",Brno - Komárov
12655,9000,31,2+1,"Slavkov u Brna, okres Vyškov",Slavkov u Brna
12656,13000,38,2+1,"Brno - Veveří, okres Brno-město",Brno - Veveří
12657,9000,35,2+1,"Mikulov, okres Břeclav",Mikulov
12659,16000,34,2+kk,"Brno - Sadová, okres Brno-město",Brno - Sadová
12660,12000,18,1+kk,"Brno - Žabovřesky, okres Brno-město",Brno - Žabovřesky
12661,8000,19,1+1,"Brno - Jundrov, okres Brno-město",Brno - Jundrov
12662,9000,23,2+kk,"Brno - Staré Brno, okres Brno-město",Brno - Staré Brno
12663,12000,33,2+1,"Brno - Ponava, okres Brno-město",Brno - Ponava
12664,8000,47,2+kk,Znojmo,Znojmo
12665,11000,24,2+kk,Brno - Brno-město,Brno - Brno-město
12666,12000,41,3+1,"Brno - Líšeň, okres Brno-město",Brno - Líšeň
12667,8000,23,1+1,"Brno - Trnitá, okres Brno-město",Brno - Trnitá
12670,7000,19,1+1,"Brno - Královo Pole, okres Brno-město",Brno - Královo Pole
12672,9000,16,1+kk,"Brno - Trnitá, okres Brno-město",Brno - Trnitá
12673,13000,42,3+1,"Hustopeče, okres Břeclav",Hustopeče
12674,10000,33,2+kk,"Šlapanice, okres Brno-venkov",Šlapanice
12675,12000,33,2+1,"Brno - Ponava, okres Brno-město",Brno - Ponava
12676,11000,23,2+kk,"Brno - Židenice, okres Brno-město",Brno - Židenice
12677,7000,11,1+kk,"Brno - Řečkovice, okres Brno-město",Brno - Řečkovice
12678,9000,34,2+kk,"Ivančice, okres Brno-venkov",Ivančice
12679,10000,33,2+kk,"Brno - Židenice, okres Brno-město",Brno - Židenice
12681,10000,22,1+1,"Brno - Bystrc, okres Brno-město",Brno - Bystrc
12682,6000,21,1+1,"Brno - Husovice, okres Brno-město",Brno - Husovice
12683,8000,24,2+1,"Brno - Žabovřesky, okres Brno-město",Brno - Žabovřesky
12684,14000,27,2+kk,Brno - Brno-město,Brno - Brno-město
12685,12000,19,1+kk,Brno - Brno-město,Brno - Brno-město
12686,10000,27,2+kk,Brno - Brno-město,Brno - Brno-město
12687,11000,28,2+kk,"Brno - Trnitá, okres Brno-město",Brno - Trnitá
12688,16000,38,2+kk,"Brno - Bystrc, okres Brno-město",Brno - Bystrc
12690,19000,66,4+kk,"Brno - Zábrdovice, okres Brno-město",Brno - Zábrdovice
12694,16000,53,3+kk,"Brno, okres Brno-město",Brno
12695,11000,32,2+1,"Brno - Černá Pole, okres Brno-město",Brno - Černá Pole
12699,11000,38,2+kk,"Brno - Žabovřesky, okres Brno-město",Brno - Žabovřesky
12701,13000,44,3+1,"Brno - Komín, okres Brno-město",Brno - Komín
12702,14000,44,3+1,"Brno - Bystrc, okres Brno-město",Brno - Bystrc
12703,6000,20,1+1,"Boskovice, okres Blansko",Boskovice
12704,14000,35,2+kk,"Brno - Královo Pole, okres Brno-město",Brno - Královo Pole
12705,7000,24,1+1,"Brno - Bystrc, okres Brno-město",Brno - Bystrc
12707,15000,50,3+kk,"Brno - Černá Pole, okres Brno-město",Brno - Černá Pole
12708,8000,17,1+kk,"Brno - Sadová, okres Brno-město",Brno - Sadová
12709,8000,12,1+kk,"Brno - Žabovřesky, okres Brno-město",Brno - Žabovřesky
12710,8000,29,1+kk,"Brno - Černá Pole, okres Brno-město",Brno - Černá Pole
12711,13000,42,3+1,"Brno, okres Brno-město",Brno
12712,10000,11,1+kk,"Brno - Husovice, okres Brno-město",Brno - Husovice
12713,8000,20,1+1,"Brno - Veveří, okres Brno-město",Brno - Veveří
12714,13000,40,2+1,"Brno - Staré Brno, okres Brno-město",Brno - Staré Brno
12715,11000,35,1+1,"Brno - Zábrdovice, okres Brno-město",Brno - Zábrdovice
12716,7000,27,2+kk,Hodonín,Hodonín
12717,10000,32,2+kk,"Brno - Staré Brno, okres Brno-město",Brno - Staré Brno
12718,10000,22,2+kk,"Brno - Zábrdovice, okres Brno-město",Brno - Zábrdovice
12719,8000,29,2+kk,"Slavkov u Brna, okres Vyškov",Slavkov u Brna
12721,9000,41,3+1,Břeclav,Břeclav
12723,8000,13,1+kk,"Brno - Černá Pole, okres Brno-město",Brno - Černá Pole
12724,8000,22,1+kk,"Brno - Bohunice, okres Brno-město",Brno - Bohunice
12725,10000,26,2+kk,"Brno - Židenice, okres Brno-město",Brno - Židenice
12726,8000,25,2+kk,"Mikulov, okres Břeclav",Mikulov
12727,5000,19,1+1,Hodonín,Hodonín
12728,10000,24,2+kk,"Brno - Zábrdovice, okres Brno-město",Brno - Zábrdovice
12729,8000,23,1+kk,"Brno - Zábrdovice, okres Brno-město",Brno - Zábrdovice
12730,13000,41,2+1,"Brno - Trnitá, okres Brno-město",Brno - Trnitá
12731,17000,59,4+kk,"Brno - Bystrc, okres Brno-město",Brno - Bystrc
12732,8000,19,1+kk,"Brno - Žebětín, okres Brno-město",Brno - Žebětín
12733,8000,15,1+kk,"Brno - Černovice, okres Brno-město",Brno - Černovice
12734,8000,16,1+kk,"Brno - Lesná, okres Brno-město",Brno - Lesná
12735,8000,20,2+kk,"Brno - Husovice, okres Brno-město",Brno - Husovice
12736,8000,24,1+1,"Brno - Bystrc, okres Brno-město",Brno - Bystrc
12737,16000,32,2+kk,"Brno - Veveří, okres Brno-město",Brno - Veveří
12738,10000,33,2+1,"Brno - Židenice, okres Brno-město",Brno - Židenice
12739,9000,22,1+kk,"Brno - Ponava, okres Brno-město",Brno - Ponava
12741,14000,53,2+1,"Brno - Veveří, okres Brno-město",Brno - Veveří
12743,14000,36,2+kk,"Brno - Zábrdovice, okres Brno-město",Brno - Zábrdovice
12744,9000,20,1+kk,"Brno - Trnitá, okres Brno-město",Brno - Trnitá
12745,5000,19,1+1,Hodonín,Hodonín
12746,6000,39,2+1,Znojmo,Znojmo
12747,12000,43,2+1,"Brno - Starý Lískovec, okres Brno-město",Brno - Starý Lískovec
12749,8000,21,2+kk,"Brno - Královo Pole, okres Brno-město",Brno - Královo Pole
12750,13000,36,2+1,"Brno, okres Brno-město",Brno
12751,15000,41,3+kk,"Brno - Slatina, okres Brno-město",Brno - Slatina
12752,8000,19,1+kk,"Brno - Zábrdovice, okres Brno-město",Brno - Zábrdovice
12753,8000,17,1+kk,"Brno - Židenice, okres Brno-město",Brno - Židenice
12755,5000,26,1+kk,"Veselí nad Moravou, okres Hodonín",Veselí nad Moravou
12757,9000,32,1+1,"Brno - Královo Pole, okres Brno-město",Brno - Královo Pole
12758,7000,14,1+kk,"Brno - Lesná, okres Brno-město",Brno - Lesná
12759,10000,38,3+1,Hodonín,Hodonín
12760,13000,38,2+1,"Brno - Veveří, okres Brno-město",Brno - Veveří
12761,10000,19,2+kk,"Brno - Veveří, okres Brno-město",Brno - Veveří
12762,15000,46,2+1,"Brno - Staré Brno, okres Brno-město",Brno - Staré Brno
12763,11000,28,2+1,"Brno - Veveří, okres Brno-město",Brno - Veveří
12765,10000,32,2+kk,"Brno - Trnitá, okres Brno-město",Brno - Trnitá
12767,14000,19,1+kk,"Brno - Pisárky, okres Brno-město",Brno - Pisárky
12770,9000,13,1+kk,"Brno - Zábrdovice, okres Brno-město",Brno - Zábrdovice
12771,15000,18,2+1,"Brno - Staré Brno, okres Brno-město",Brno - Staré Brno
12772,9000,11,1+kk,"Brno - Staré Brno, okres Brno-město",Brno - Staré Brno
12773,19000,29,3+1,"Brno - Staré Brno, okres Brno-město",Brno - Staré Brno
12774,9000,16,1+1,"Brno - Staré Brno, okres Brno-město",Brno - Staré Brno
12775,9000,10,1+kk,"Brno - Staré Brno, okres Brno-město",Brno - Staré Brno
12776,15000,19,2+1,"Brno - Staré Brno, okres Brno-město",Brno - Staré Brno
12777,8000,23,1+kk,"Hustopeče, okres Břeclav",Hustopeče
12778,14000,21,2+kk,"Brno - Černá Pole, okres Brno-město",Brno - Černá Pole
12779,11000,16,1+kk,"Brno - Komárov, okres Brno-město",Brno - Komárov
12781,9000,28,1+1,"Brno - Ponava, okres Brno-město",Brno - Ponava
12783,12000,32,2+1,"Brno - Staré Brno, okres Brno-město",Brno - Staré Brno
12784,8000,20,2+kk,"Brno - Žabovřesky, okres Brno-město",Brno - Žabovřesky
12785,12000,44,2+kk,"Brno - Bystrc, okres Brno-město",Brno - Bystrc
12786,10000,22,1+1,"Brno - Zábrdovice, okres Brno-město",Brno - Zábrdovice
12787,6000,22,1+1,"Brno - Bystrc, okres Brno-město",Brno - Bystrc
12788,14000,40,3+kk,"Brno - Veveří, okres Brno-město",Brno - Veveří
12790,8000,28,1+kk,Znojmo,Znojmo
12791,6000,44,other,"Brno - Zábrdovice, okres Brno-město",Brno - Zábrdovice
12793,7000,50,other,"Brno - Židenice, okres Brno-město",Brno - Židenice
12794,6000,6,other,"Brno - Štýřice, okres Brno-město",Brno - Štýřice
12795,10000,29,2+kk,"Brno - Starý Lískovec, okres Brno-město",Brno - Starý Lískovec
12796,21000,89,5+kk,"Brno - Černovice, okres Brno-město",Brno - Černovice
12798,10000,34,2+1,"Brno - Černovice, okres Brno-město",Brno - Černovice
12799,9000,31,2+kk,"Brno - Staré Brno, okres Brno-město",Brno - Staré Brno
12801,7000,14,1+1,"Brno - Židenice, okres Brno-město",Brno - Židenice
12802,13000,39,2+kk,"Mikulov, okres Břeclav",Mikulov
12803,14000,39,2+kk,"Mikulov, okres Břeclav",Mikulov
12804,8000,12,1+kk,"Brno - Staré Brno, okres Brno-město",Brno - Staré Brno
12805,15000,43,2+kk,"Mikulov, okres Břeclav",Mikulov
12806,14000,38,2+kk,"Mikulov, okres Břeclav",Mikulov
12807,10000,31,2+1,Znojmo,Znojmo
12808,16000,41,3+kk,"Brno - Slatina, okres Brno-město",Brno - Slatina
12809,14000,39,2+1,"Brno - Staré Brno, okres Brno-město",Brno - Staré Brno
12810,14000,50,3+kk,"Brno - Staré Brno, okres Brno-město",Brno - Staré Brno
12811,9000,23,1+1,"Brno - Černá Pole, okres Brno-město",Brno - Černá Pole
12812,16000,70,2+kk,"Brno - Ponava, okres Brno-město",Brno - Ponava
12813,9000,32,1+kk,"Brno - Štýřice, okres Brno-město",Brno - Štýřice
12814,11000,34,2+1,"Brno - Slatina, okres Brno-město",Brno - Slatina
12815,10000,28,1+kk,"Brno - Trnitá, okres Brno-město",Brno - Trnitá
12817,9000,32,1+kk,"Brno - Štýřice, okres Brno-město",Brno - Štýřice
12818,11000,34,2+1,"Brno - Slatina, okres Brno-město",Brno - Slatina
12819,10000,28,1+kk,"Brno - Trnitá, okres Brno-město",Brno - Trnitá
12821,10000,19,1+kk,"Brno - Trnitá, okres Brno-město",Brno - Trnitá
12822,7000,31,2+kk,Znojmo,Znojmo
12823,7000,17,1+kk,"Brno - Řečkovice, okres Brno-město",Brno - Řečkovice
12824,12000,42,3+1,"Brno - Židenice, okres Brno-město",Brno - Židenice
12825,15000,39,3+kk,"Brno - Černá Pole, okres Brno-město",Brno - Černá Pole
12826,6000,18,1+kk,"Brno - Černovice, okres Brno-město",Brno - Černovice
12829,11000,34,2+1,"Brno - Štýřice, okres Brno-město",Brno - Štýřice
12830,14000,39,3+kk,"Brno - Černá Pole, okres Brno-město",Brno - Černá Pole
12831,14000,44,3+kk,Znojmo,Znojmo
12832,16000,39,3+kk,"Brno - Zábrdovice, okres Brno-město",Brno - Zábrdovice
12833,9000,19,1+kk,"Brno - Zábrdovice, okres Brno-město",Brno - Zábrdovice
12834,14000,41,2+kk,"Brno - Veveří, okres Brno-město",Brno - Veveří
12835,6000,16,1+kk,"Ivančice, okres Brno-venkov",Ivančice
12836,15000,41,2+1,Brno - Brno-město,Brno - Brno-město
12837,11000,22,2+kk,"Brno - Horní Heršpice, okres Brno-město",Brno - Horní Heršpice
12838,10000,22,1+kk,"Brno - Horní Heršpice, okres Brno-město",Brno - Horní Heršpice
12839,7000,22,2+kk,Znojmo,Znojmo
12840,6000,19,1+1,Znojmo,Znojmo
12841,8000,22,2+1,"Mikulov, okres Břeclav",Mikulov
12842,5000,11,1+kk,"Brno, okres Brno-město",Brno
12843,11000,38,3+kk,"Brno - Horní Heršpice, okres Brno-město",Brno - Horní Heršpice
12844,10000,20,1+kk,"Brno - Komárov, okres Brno-město",Brno - Komárov
12845,10000,34,2+kk,"Brno - Trnitá, okres Brno-město",Brno - Trnitá
12847,13000,39,3+kk,"Brno - Bystrc, okres Brno-město",Brno - Bystrc
12848,7000,22,1+kk,"Znojmo, okres Znojmo",Znojmo
12850,17000,57,2+1,"Brno, okres Brno-město",Brno
12851,15000,53,4+kk,"Brno - Veveří, okres Brno-město",Brno - Veveří
12852,6000,29,1+kk,"Boskovice, okres Blansko",Boskovice
12854,14000,34,2+1,"Brno - Veveří, okres Brno-město",Brno - Veveří
12855,11000,31,2+1,"Brno - Zábrdovice, okres Brno-město",Brno - Zábrdovice
12856,8000,13,1+kk,"Brno - Zábrdovice, okres Brno-město",Brno - Zábrdovice
12857,7000,13,1+kk,"Brno - Zábrdovice, okres Brno-město",Brno - Zábrdovice
12858,9000,18,1+kk,"Brno - Zábrdovice, okres Brno-město",Brno - Zábrdovice
12859,11000,26,1+kk,"Brno - Zábrdovice, okres Brno-město",Brno - Zábrdovice
12861,8000,38,3+1,Znojmo,Znojmo
12862,13000,25,2+kk,"Brno - Jundrov, okres Brno-město",Brno - Jundrov
12863,8000,14,1+kk,"Brno - Řečkovice, okres Brno-město",Brno - Řečkovice
12864,9000,19,1+kk,"Brno - Komárov, okres Brno-město",Brno - Komárov
12865,8000,14,1+kk,"Brno - Řečkovice, okres Brno-město",Brno - Řečkovice
12866,11000,22,2+kk,"Brno - Řečkovice, okres Brno-město",Brno - Řečkovice
12867,5000,24,1+1,Znojmo,Znojmo
12868,7000,16,1+kk,Hodonín,Hodonín
12869,8000,19,2+kk,Hodonín,Hodonín
12870,8000,16,1+kk,"Brno - Zábrdovice, okres Brno-město",Brno - Zábrdovice
12871,10000,26,2+kk,"Brno - Židenice, okres Brno-město",Brno - Židenice
12873,10000,29,2+1,"Brno - Veveří, okres Brno-město",Brno - Veveří
12874,16000,56,4+kk,Brno - Brno-město,Brno - Brno-město
12875,25000,50,4+kk,"Brno - Černá Pole, okres Brno-město",Brno - Černá Pole
12876,12000,46,3+1,"Brno - Bystrc, okres Brno-město",Brno - Bystrc
12878,10000,29,2+1,"Brno - Žabovřesky, okres Brno-město",Brno - Žabovřesky
12879,10000,26,2+kk,"Brno - Štýřice, okres Brno-město",Brno - Štýřice
12880,10000,46,2+kk,"Brno - Komín, okres Brno-město",Brno - Komín
12881,12000,23,1+kk,"Brno - Žabovřesky, okres Brno-město",Brno - Žabovřesky
12882,13000,25,2+kk,"Brno - Žabovřesky, okres Brno-město",Brno - Žabovřesky
12883,9000,20,1+kk,"Brno - Žabovřesky, okres Brno-město",Brno - Žabovřesky
12884,12000,20,1+kk,"Brno - Žabovřesky, okres Brno-město",Brno - Žabovřesky
12885,4000,17,1+kk,Břeclav,Břeclav
12887,8000,22,1+kk,"Brno - Žabovřesky, okres Brno-město",Brno - Žabovřesky
12889,8000,20,1+kk,"Brno - Husovice, okres Brno-město",Brno - Husovice
12890,11000,40,2+kk,"Slavkov u Brna, okres Vyškov",Slavkov u Brna
12891,9000,26,1+kk,"Brno - Královo Pole, okres Brno-město",Brno - Královo Pole
12892,12000,23,1+kk,"Brno - Žabovřesky, okres Brno-město",Brno - Žabovřesky
12893,11000,17,1+kk,"Brno - Žabovřesky, okres Brno-město",Brno - Žabovřesky
12894,14000,24,2+kk,"Brno - Žabovřesky, okres Brno-město",Brno - Žabovřesky
12895,8000,21,1+1,"Brno - Komín, okres Brno-město",Brno - Komín
12896,12000,29,2+kk,"Brno - Jundrov, okres Brno-město",Brno - Jundrov
12899,8000,26,1+kk,"Brno - Husovice, okres Brno-město",Brno - Husovice
12902,8000,39,2+1,"Boskovice, okres Blansko",Boskovice
12904,10000,14,1+kk,Brno - Brno-město,Brno - Brno-město
12905,13000,38,2+kk,"Brno - Komín, okres Brno-město",Brno - Komín
12906,7000,19,1+kk,"Brno - Husovice, okres Brno-město",Brno - Husovice
12907,8000,20,1+kk,"Brno - Starý Lískovec, okres Brno-město",Brno - Starý Lískovec
12908,6000,11,1+kk,"Brno - Starý Lískovec, okres Brno-město",Brno - Starý Lískovec
12909,9000,19,2+kk,"Brno - Černovice, okres Brno-město",Brno - Černovice
12911,12000,39,2+kk,"Šlapanice, okres Brno-venkov",Šlapanice
12912,10000,27,2+kk,Hodonín,Hodonín
12914,12000,39,2+kk,"Šlapanice, okres Brno-venkov",Šlapanice
12916,14000,42,3+1,"Brno - Židenice, okres Brno-město",Brno - Židenice
12919,13000,44,3+1,"Brno - Starý Lískovec, okres Brno-město",Brno - Starý Lískovec
12920,15000,40,4+kk,Brno - Brno-město,Brno - Brno-město
12921,14000,38,2+1,"Brno - Staré Brno, okres Brno-město",Brno - Staré Brno
12922,13000,23,2+kk,"Brno - Komárov, okres Brno-město",Brno - Komárov
12923,12000,30,2+kk,"Brno - Staré Brno, okres Brno-město",Brno - Staré Brno
12924,11000,28,2+kk,"Brno - Staré Brno, okres Brno-město",Brno - Staré Brno
12925,12000,33,2+kk,"Brno - Ponava, okres Brno-město",Brno - Ponava
12926,8000,22,1+kk,"Brno - Trnitá, okres Brno-město",Brno - Trnitá
12927,11000,16,1+kk,"Brno - Staré Brno, okres Brno-město",Brno - Staré Brno
12928,8000,14,1+kk,"Brno - Zábrdovice, okres Brno-město",Brno - Zábrdovice
12929,12000,35,2+kk,"Brno - Jundrov, okres Brno-město",Brno - Jundrov
12931,10000,30,2+kk,"Hustopeče, okres Břeclav",Hustopeče
12932,8000,16,1+kk,"Brno - Zábrdovice, okres Brno-město",Brno - Zábrdovice
12933,7000,15,1+kk,"Brno - Zábrdovice, okres Brno-město",Brno - Zábrdovice
12934,10000,21,2+kk,"Brno - Komárov, okres Brno-město",Brno - Komárov
12936,8000,31,2+kk,"Mikulov, okres Břeclav",Mikulov
12937,9000,24,1+kk,"Brno - Komín, okres Brno-město",Brno - Komín
12939,10000,19,2+kk,"Brno - Židenice, okres Brno-město",Brno - Židenice
12941,9000,26,1+1,"Brno - Židenice, okres Brno-město",Brno - Židenice
12942,13000,25,2+kk,"Brno - Židenice, okres Brno-město",Brno - Židenice
12943,13000,27,2+kk,"Brno - Lesná, okres Brno-město",Brno - Lesná
12944,17000,43,3+kk,"Brno - Židenice, okres Brno-město",Brno - Židenice
12945,11000,26,2+kk,"Brno - Královo Pole, okres Brno-město",Brno - Královo Pole
12946,10000,29,2+kk,"Brno - Staré Brno, okres Brno-město",Brno - Staré Brno
12948,11000,31,atypické,"Brno - Židenice, okres Brno-město",Brno - Židenice
12950,8000,16,1+kk,"Brno - Staré Brno, okres Brno-město",Brno - Staré Brno
12951,14000,54,2+kk,"Brno - Ponava, okres Brno-město",Brno - Ponava
12952,14000,21,2+kk,"Brno - Žabovřesky, okres Brno-město",Brno - Žabovřesky
12955,11000,33,2+1,"Brno - Řečkovice, okres Brno-město",Brno - Řečkovice
12957,6000,11,1+kk,"Brno - Královo Pole, okres Brno-město",Brno - Královo Pole
12958,10000,38,2+1,Znojmo,Znojmo
12959,6000,19,1+1,Znojmo,Znojmo
12960,11000,31,atypické,"Brno - Židenice, okres Brno-město",Brno - Židenice
12961,5000,13,1+kk,"Brno, okres Brno-město",Brno
12963,11000,33,2+kk,"Brno - Staré Brno, okres Brno-město",Brno - Staré Brno
12964,9000,23,1+kk,"Slavkov u Brna, okres Vyškov",Slavkov u Brna
12965,11000,29,2+kk,"Slavkov u Brna, okres Vyškov",Slavkov u Brna
12966,9000,23,1+kk,"Slavkov u Brna, okres Vyškov",Slavkov u Brna
12967,11000,26,2+kk,"Slavkov u Brna, okres Vyškov",Slavkov u Brna
12968,7000,17,1+kk,"Slavkov u Brna, okres Vyškov",Slavkov u Brna
12969,13000,46,4+1,"Brno - Nový Lískovec, okres Brno-město",Brno - Nový Lískovec
12970,10000,29,2+kk,"Brno - Husovice, okres Brno-město",Brno - Husovice
12972,13000,53,3+kk,"Brno - Zábrdovice, okres Brno-město",Brno - Zábrdovice
12973,4000,50,other,"Brno - Bohunice, okres Brno-město",Brno - Bohunice
12974,4000,11,other,"Brno - Nový Lískovec, okres Brno-město",Brno - Nový Lískovec
12975,6000,11,other,"Brno - Žabovřesky, okres Brno-město",Brno - Žabovřesky
12976,17000,67,4+1,Brno - Brno-město,Brno - Brno-město
12977,11000,28,2+kk,"Brno - Žabovřesky, okres Brno-město",Brno - Žabovřesky
12978,13000,39,2+1,"Brno - Veveří, okres Brno-město",Brno - Veveří
12979,14000,32,2+kk,"Brno - Nový Lískovec, okres Brno-město",Brno - Nový Lískovec
12980,16000,34,2+kk,"Brno - Zábrdovice, okres Brno-město",Brno - Zábrdovice
12981,12000,41,2+kk,"Brno - Bystrc, okres Brno-město",Brno - Bystrc
12982,14000,41,2+kk,"Brno - Staré Brno, okres Brno-město",Brno - Staré Brno
12983,7000,17,1+kk,"Hustopeče, okres Břeclav",Hustopeče
12984,13000,30,2+kk,"Brno - Staré Brno, okres Brno-město",Brno - Staré Brno
12985,13000,39,3+kk,Břeclav,Břeclav
12986,9000,29,1+1,"Brno - Veveří, okres Brno-město",Brno - Veveří
12987,10000,35,2+kk,"Brno - Řečkovice, okres Brno-město",Brno - Řečkovice
12988,4000,23,1+1,Znojmo,Znojmo
12989,8000,13,1+kk,"Brno - Řečkovice, okres Brno-město",Brno - Řečkovice
12990,15000,53,2+kk,"Brno - Staré Brno, okres Brno-město",Brno - Staré Brno
12991,8000,25,1+1,"Brno - Královo Pole, okres Brno-město",Brno - Královo Pole
12992,10000,38,2+1,"Brno - Řečkovice, okres Brno-město",Brno - Řečkovice
12993,10000,29,2+kk,"Brno - Trnitá, okres Brno-město",Brno - Trnitá
12994,11000,26,2+kk,"Brno - Sadová, okres Brno-město",Brno - Sadová
12995,14000,40,3+1,"Brno - Černá Pole, okres Brno-město",Brno - Černá Pole
12996,11000,35,2+kk,"Brno - Trnitá, okres Brno-město",Brno - Trnitá
12997,8000,22,1+kk,"Brno - Žabovřesky, okres Brno-město",Brno - Žabovřesky
12999,8000,20,1+kk,"Brno - Husovice, okres Brno-město",Brno - Husovice
13000,11000,40,2+kk,"Slavkov u Brna, okres Vyškov",Slavkov u Brna
13001,9000,26,1+kk,"Brno - Královo Pole, okres Brno-město",Brno - Královo Pole
13002,12000,23,1+kk,"Brno - Žabovřesky, okres Brno-město",Brno - Žabovřesky
13003,11000,17,1+kk,"Brno - Žabovřesky, okres Brno-město",Brno - Žabovřesky
13004,14000,24,2+kk,"Brno - Žabovřesky, okres Brno-město",Brno - Žabovřesky
13005,8000,21,1+1,"Brno - Komín, okres Brno-město",Brno - Komín
13006,12000,29,2+kk,"Brno - Jundrov, okres Brno-město",Brno - Jundrov
13007,8000,26,1+kk,"Brno - Husovice, okres Brno-město",Brno - Husovice
13009,9000,47,3+1,"Brno, okres Brno-město",Brno
13010,8000,29,2+1,"Brno, okres Brno-město",Brno
13011,10000,14,1+kk,Brno - Brno-město,Brno - Brno-město
13012,8000,41,2+1,"Brno, okres Brno-město",Brno
13013,7000,19,1+kk,"Brno - Husovice, okres Brno-město",Brno - Husovice
13014,8000,20,1+kk,"Brno - Starý Lískovec, okres Brno-město",Brno - Starý Lískovec
13015,6000,11,1+kk,"Brno - Starý Lískovec, okres Brno-město",Brno - Starý Lískovec
13016,9000,19,2+kk,"Brno - Černovice, okres Brno-město",Brno - Černovice
13018,12000,39,2+kk,"Šlapanice, okres Brno-venkov",Šlapanice
13019,10000,27,2+kk,Hodonín,Hodonín
13021,12000,39,2+kk,"Šlapanice, okres Brno-venkov",Šlapanice
13022,14000,42,3+1,"Brno - Židenice, okres Brno-město",Brno - Židenice
13024,8000,22,1+kk,"Brno - Trnitá, okres Brno-město",Brno - Trnitá
13025,8000,14,1+kk,"Brno - Zábrdovice, okres Brno-město",Brno - Zábrdovice
13026,12000,35,2+kk,"Brno - Jundrov, okres Brno-město",Brno - Jundrov
13028,10000,30,2+kk,"Hustopeče, okres Břeclav",Hustopeče
13029,8000,16,1+kk,"Brno - Zábrdovice, okres Brno-město",Brno - Zábrdovice
13030,7000,15,1+kk,"Brno - Zábrdovice, okres Brno-město",Brno - Zábrdovice
13031,8000,31,2+kk,"Mikulov, okres Břeclav",Mikulov
13032,9000,24,1+kk,"Brno - Komín, okres Brno-město",Brno - Komín
13034,10000,19,2+kk,"Brno - Židenice, okres Brno-město",Brno - Židenice
13036,9000,26,1+1,"Brno - Židenice, okres Brno-město",Brno - Židenice
13037,13000,25,2+kk,"Brno - Židenice, okres Brno-město",Brno - Židenice
13038,13000,27,2+kk,"Brno - Lesná, okres Brno-město",Brno - Lesná
13039,17000,43,3+kk,"Brno - Židenice, okres Brno-město",Brno - Židenice
13040,11000,26,2+kk,"Brno - Královo Pole, okres Brno-město",Brno - Královo Pole
13042,11000,31,atypické,"Brno - Židenice, okres Brno-město",Brno - Židenice
13044,14000,54,2+kk,"Brno - Ponava, okres Brno-město",Brno - Ponava
13045,14000,21,2+kk,"Brno - Žabovřesky, okres Brno-město",Brno - Žabovřesky
13048,11000,33,2+1,"Brno - Řečkovice, okres Brno-město",Brno - Řečkovice
13050,10000,38,2+1,Znojmo,Znojmo
13051,6000,19,1+1,Znojmo,Znojmo
13052,11000,31,atypické,"Brno - Židenice, okres Brno-město",Brno - Židenice
13053,5000,13,1+kk,"Brno, okres Brno-město",Brno
13055,11000,33,2+kk,"Brno - Staré Brno, okres Brno-město",Brno - Staré Brno
13056,13000,46,4+1,"Brno - Nový Lískovec, okres Brno-město",Brno - Nový Lískovec
13058,9000,28,2+kk,"Brno - Nový Lískovec, okres Brno-město",Brno - Nový Lískovec
13059,8000,39,2+kk,Znojmo,Znojmo
13060,7000,35,2+1,Znojmo,Znojmo
13061,15000,41,2+1,Brno - Brno-město,Brno - Brno-město
13063,13000,39,2+1,"Brno, okres Brno-město",Brno
13064,14000,47,3+1,"Brno - Řečkovice, okres Brno-město",Brno - Řečkovice
13065,11000,32,2+1,"Brno - Lesná, okres Brno-město",Brno - Lesná
13066,11000,26,2+kk,"Brno - Komárov, okres Brno-město",Brno - Komárov
13067,8000,39,3+1,Znojmo,Znojmo
13068,9000,31,2+kk,"Hustopeče, okres Břeclav",Hustopeče
13069,11000,31,2+1,"Brno - Zábrdovice, okres Brno-město",Brno - Zábrdovice
13071,19000,66,4+kk,"Brno - Řečkovice, okres Brno-město",Brno - Řečkovice
13072,11000,26,1+1,"Brno - Veveří, okres Brno-město",Brno - Veveří
13075,14000,41,3+1,"Brno - Veveří, okres Brno-město",Brno - Veveří
13076,17000,71,4+1,"Brno - Královo Pole, okres Brno-město",Brno - Královo Pole
13077,12000,28,2+kk,"Brno - Veveří, okres Brno-město",Brno - Veveří
13078,12000,30,2+kk,"Brno - Veveří, okres Brno-město",Brno - Veveří
13079,7000,36,2+1,Znojmo,Znojmo
13080,7000,22,1+kk,"Brno - Žebětín, okres Brno-město",Brno - Žebětín
13081,11000,41,2+kk,"Brno - Žebětín, okres Brno-město",Brno - Žebětín
13082,11000,25,2+kk,"Mikulov, okres Břeclav",Mikulov
13083,8000,23,1+1,"Mikulov, okres Břeclav",Mikulov
13084,8000,22,1+1,"Brno - Lesná, okres Brno-město",Brno - Lesná
13085,14000,35,2+1,"Brno - Veveří, okres Brno-město",Brno - Veveří
13086,8000,16,1+kk,"Brno - Královo Pole, okres Brno-město",Brno - Královo Pole
13087,9000,29,2+kk,"Šlapanice, okres Brno-venkov",Šlapanice
13088,5000,23,2+kk,Hodonín,Hodonín
13089,5000,29,1+kk,Hodonín,Hodonín
13090,11000,59,3+1,"Brno - Bohunice, okres Brno-město",Brno - Bohunice
13091,9000,12,1+1,"Brno - Staré Brno, okres Brno-město",Brno - Staré Brno
13092,9000,18,2+kk,"Brno - Staré Brno, okres Brno-město",Brno - Staré Brno
13093,12000,36,2+kk,"Brno - Líšeň, okres Brno-město",Brno - Líšeň
13094,13000,25,1+kk,"Brno - Žabovřesky, okres Brno-město",Brno - Žabovřesky
13095,6000,12,1+kk,"Brno - Žebětín, okres Brno-město",Brno - Žebětín
13097,9000,34,2+1,"Slavkov u Brna, okres Vyškov",Slavkov u Brna
13098,17000,106,5+1,"Brno - Královo Pole, okres Brno-město",Brno - Královo Pole
13099,11000,32,2+kk,"Brno - Starý Lískovec, okres Brno-město",Brno - Starý Lískovec
13101,17000,45,3+kk,"Brno - Královo Pole, okres Brno-město",Brno - Královo Pole
13103,7000,22,2+kk,"Veselí nad Moravou, okres Hodonín",Veselí nad Moravou
13104,12000,34,2+1,"Hustopeče, okres Břeclav",Hustopeče
13105,10000,34,2+kk,"Brno - Komín, okres Brno-město",Brno - Komín
13106,5000,19,1+1,"Veselí nad Moravou, okres Hodonín",Veselí nad Moravou
13108,7000,28,2+kk,Hodonín,Hodonín
13109,10000,51,3+kk,Břeclav,Břeclav
13110,14000,25,2+kk,"Brno - Žabovřesky, okres Brno-město",Brno - Žabovřesky
13111,19000,63,3+kk,"Brno - Veveří, okres Brno-město",Brno - Veveří
13112,11000,34,2+kk,Břeclav,Břeclav
13113,8000,14,1+kk,"Brno - Žabovřesky, okres Brno-město",Brno - Žabovřesky
13114,11000,41,3+1,"Modřice, okres Brno-venkov",Modřice
13115,13000,42,3+1,"Brno - Lesná, okres Brno-město",Brno - Lesná
13116,8000,19,1+1,"Brno - Jundrov, okres Brno-město",Brno - Jundrov
13117,4000,14,1+kk,"Brno - Trnitá, okres Brno-město",Brno - Trnitá
13118,8000,23,1+1,"Brno - Bystrc, okres Brno-město",Brno - Bystrc
13121,8000,19,1+kk,Brno - Brno-město,Brno - Brno-město
13122,7000,19,1+kk,Znojmo,Znojmo
13123,5000,29,2+1,"Boskovice, okres Blansko",Boskovice
13124,5000,17,1+1,"Mikulov, okres Břeclav",Mikulov
13125,10000,20,1+1,"Brno - Zábrdovice, okres Brno-město",Brno - Zábrdovice
13126,13000,38,2+kk,"Brno - Sadová, okres Brno-město",Brno - Sadová
13127,8000,20,1+1,"Brno - Staré Brno, okres Brno-město",Brno - Staré Brno
13130,12000,28,2+1,"Brno - Staré Brno, okres Brno-město",Brno - Staré Brno
13131,12000,31,2+kk,Brno - Brno-město,Brno - Brno-město
13132,14000,47,3+1,"Brno - Štýřice, okres Brno-město",Brno - Štýřice
13134,9000,15,1+kk,"Brno - Trnitá, okres Brno-město",Brno - Trnitá
13135,9000,42,2+kk,Břeclav,Břeclav
13136,12000,36,2+kk,"Brno - Černá Pole, okres Brno-město",Brno - Černá Pole
13138,7000,19,2+kk,Hodonín,Hodonín
13140,10000,32,2+kk,"Ivančice, okres Brno-venkov",Ivančice
13144,11000,20,1+kk,"Brno - Žabovřesky, okres Brno-město",Brno - Žabovřesky
13146,12000,35,3+1,"Brno - Bohunice, okres Brno-město",Brno - Bohunice
13147,13000,44,3+1,"Brno - Žabovřesky, okres Brno-město",Brno - Žabovřesky
13148,17000,50,3+1,"Brno - Řečkovice, okres Brno-město",Brno - Řečkovice
13149,15000,36,3+1,"Brno - Řečkovice, okres Brno-město",Brno - Řečkovice
13150,13000,31,2+kk,"Brno - Řečkovice, okres Brno-město",Brno - Řečkovice
13151,10000,22,2+kk,"Brno - Řečkovice, okres Brno-město",Brno - Řečkovice
13154,9000,20,1+kk,"Brno - Ponava, okres Brno-město",Brno - Ponava
13155,7000,13,1+kk,"Brno - Královo Pole, okres Brno-město",Brno - Královo Pole
13156,11000,38,2+kk,"Brno - Židenice, okres Brno-město",Brno - Židenice
13157,13000,36,2+1,"Brno - Židenice, okres Brno-město",Brno - Židenice
13158,9000,29,2+kk,"Mikulov, okres Břeclav",Mikulov
13159,9000,32,2+1,"Brno - Komárov, okres Brno-město",Brno - Komárov
13161,6000,26,1+1,"Brno - Staré Brno, okres Brno-město",Brno - Staré Brno
13162,13000,41,3+1,"Brno - Lesná, okres Brno-město",Brno - Lesná
13163,11000,32,2+1,"Brno - Židenice, okres Brno-město",Brno - Židenice
13164,6000,23,1+kk,Znojmo,Znojmo
13165,17000,39,3+kk,"Brno - Pisárky, okres Brno-město",Brno - Pisárky
13166,32000,137,other,"Brno - Zábrdovice, okres Brno-město",Brno - Zábrdovice
13167,6000,18,1+1,"Hodonín, okres Hodonín",Hodonín
13168,11000,24,2+kk,"Brno - Trnitá, okres Brno-město",Brno - Trnitá
13169,7000,34,2+kk,Znojmo,Znojmo
13170,7000,13,1+kk,"Brno, okres Brno-město",Brno
13171,12000,18,1+kk,"Brno - Žabovřesky, okres Brno-město",Brno - Žabovřesky
13172,13000,16,1+kk,"Brno - Žabovřesky, okres Brno-město",Brno - Žabovřesky
13173,13000,46,2+kk,"Brno - Žabovřesky, okres Brno-město",Brno - Žabovřesky
13174,5000,18,1+1,Hodonín,Hodonín
13175,8000,19,1+kk,"Brno - Zábrdovice, okres Brno-město",Brno - Zábrdovice
13176,17000,39,3+kk,"Brno - Pisárky, okres Brno-město",Brno - Pisárky
13177,22000,70,4+1,"Brno - Veveří, okres Brno-město",Brno - Veveří
13178,9000,20,1+kk,"Brno - Horní Heršpice, okres Brno-město",Brno - Horní Heršpice
13179,7000,26,2+kk,Znojmo,Znojmo
13180,8000,26,2+kk,Znojmo,Znojmo
13181,10000,37,2+1,"Brno - Zábrdovice, okres Brno-město",Brno - Zábrdovice
13182,7000,22,1+1,Znojmo,Znojmo
13183,10000,25,1+1,"Brno - Žabovřesky, okres Brno-město",Brno - Žabovřesky
13184,8000,14,1+kk,"Brno - Lesná, okres Brno-město",Brno - Lesná
13185,4000,17,1+kk,Břeclav,Břeclav
13186,8000,25,1+1,"Brno - Královo Pole, okres Brno-město",Brno - Královo Pole
13187,6000,25,2+kk,Hodonín,Hodonín
13188,8000,20,1+1,"Brno - Královo Pole, okres Brno-město",Brno - Královo Pole
13189,10000,16,1+kk,"Brno, okres Brno-město",Brno
13191,13000,34,2+kk,"Brno - Horní Heršpice, okres Brno-město",Brno - Horní Heršpice
13192,8000,17,1+kk,"Brno - Líšeň, okres Brno-město",Brno - Líšeň
13193,7000,16,1+kk,"Brno - Komín, okres Brno-město",Brno - Komín
13194,16000,26,2+kk,"Brno - Veveří, okres Brno-město",Brno - Veveří
13195,13000,44,3+kk,"Brno - Veveří, okres Brno-město",Brno - Veveří
13196,11000,29,2+kk,"Brno - Zábrdovice, okres Brno-město",Brno - Zábrdovice
13197,10000,28,2+kk,"Brno - Nový Lískovec, okres Brno-město",Brno - Nový Lískovec
13198,8000,22,1+kk,"Brno - Židenice, okres Brno-město",Brno - Židenice
13199,9000,19,2+kk,"Brno - Královo Pole, okres Brno-město",Brno - Královo Pole
13200,7000,27,2+kk,Znojmo,Znojmo
13202,10000,34,2+1,"Brno - Lesná, okres Brno-město",Brno - Lesná
13203,8000,28,2+kk,"Slavkov u Brna, okres Vyškov",Slavkov u Brna
13204,8000,18,1+kk,"Brno - Veveří, okres Brno-město",Brno - Veveří
13206,11000,34,2+kk,"Brno - Trnitá, okres Brno-město",Brno - Trnitá
13207,11000,28,2+1,"Brno - Veveří, okres Brno-město",Brno - Veveří
13208,9000,22,1+kk,"Brno - Zábrdovice, okres Brno-město",Brno - Zábrdovice
13209,9000,22,1+kk,"Brno - Královo Pole, okres Brno-město",Brno - Královo Pole
13210,9000,14,1+kk,"Brno - Staré Brno, okres Brno-město",Brno - Staré Brno
13211,15000,23,3+kk,"Brno - Staré Brno, okres Brno-město",Brno - Staré Brno
13212,9000,19,1+1,"Brno - Staré Brno, okres Brno-město",Brno - Staré Brno
13213,15000,23,2+1,"Brno - Staré Brno, okres Brno-město",Brno - Staré Brno
13214,9000,10,1+kk,"Brno - Staré Brno, okres Brno-město",Brno - Staré Brno
13216,8000,22,1+kk,"Brno - Líšeň, okres Brno-město",Brno - Líšeň
13217,12000,32,2+1,"Brno - Staré Brno, okres Brno-město",Brno - Staré Brno
13219,14000,35,3+kk,Brno - Brno-město,Brno - Brno-město
13220,8000,18,1+kk,"Brno - Trnitá, okres Brno-město",Brno - Trnitá
13221,14000,41,3+kk,"Brno - Žabovřesky, okres Brno-město",Brno - Žabovřesky
13223,14000,39,3+1,"Brno - Lesná, okres Brno-město",Brno - Lesná
13224,4000,18,1+kk,Znojmo,Znojmo
13225,13000,29,2+kk,"Brno - Líšeň, okres Brno-město",Brno - Líšeň
13226,10000,19,2+kk,"Brno - Černá Pole, okres Brno-město",Brno - Černá Pole
13227,15000,46,3+1,"Brno - Staré Brno, okres Brno-město",Brno - Staré Brno
13228,14000,36,2+kk,"Brno - Trnitá, okres Brno-město",Brno - Trnitá
13229,13000,35,2+kk,"Brno - Horní Heršpice, okres Brno-město",Brno - Horní Heršpice
13230,14000,35,2+kk,"Brno - Jundrov, okres Brno-město",Brno - Jundrov
13231,8000,16,1+kk,"Brno, okres Brno-město",Brno
13232,17000,50,3+1,"Brno - Veveří, okres Brno-město",Brno - Veveří
13234,16000,45,3+1,"Brno - Bohunice, okres Brno-město",Brno - Bohunice
13235,12000,16,1+kk,"Brno - Trnitá, okres Brno-město",Brno - Trnitá
13236,8000,21,1+1,"Brno - Bystrc, okres Brno-město",Brno - Bystrc
13237,17000,48,3+kk,"Brno - Líšeň, okres Brno-město",Brno - Líšeň
13242,14000,32,2+kk,"Brno - Štýřice, okres Brno-město",Brno - Štýřice
13243,8000,20,1+kk,"Brno - Bystrc, okres Brno-město",Brno - Bystrc
13244,12000,47,3+1,"Hodonín, okres Hodonín",Hodonín
13245,15000,50,2+1,"Brno - Veveří, okres Brno-město",Brno - Veveří
13246,8000,26,2+kk,"Brno - Líšeň, okres Brno-město",Brno - Líšeň
13247,8000,33,1+kk,"Brno - Bystrc, okres Brno-město",Brno - Bystrc
13249,5000,31,1+1,Znojmo,Znojmo
13250,7000,25,2+kk,Znojmo,Znojmo
13252,13000,53,2+kk,"Brno - Žabovřesky, okres Brno-město",Brno - Žabovřesky
13253,8000,14,1+kk,"Brno - Zábrdovice, okres Brno-město",Brno - Zábrdovice
13254,10000,20,2+kk,"Brno - Veveří, okres Brno-město",Brno - Veveří
13256,8000,19,1+1,"Šlapanice, okres Brno-venkov",Šlapanice
13257,10000,36,2+kk,"Brno - Žebětín, okres Brno-město",Brno - Žebětín
13258,11000,28,2+kk,"Modřice, okres Brno-venkov",Modřice
13260,13000,32,2+kk,"Brno - Veveří, okres Brno-město",Brno - Veveří
13261,11000,34,2+1,"Brno - Trnitá, okres Brno-město",Brno - Trnitá
13262,13000,42,3+1,"Brno - Bohunice, okres Brno-město",Brno - Bohunice
13263,12000,33,2+kk,"Brno - Zábrdovice, okres Brno-město",Brno - Zábrdovice
13264,8000,20,1+1,"Brno - Řečkovice, okres Brno-město",Brno - Řečkovice
13266,10000,25,2+kk,"Brno - Řečkovice, okres Brno-město",Brno - Řečkovice
13267,8000,28,1+1,"Brno - Husovice, okres Brno-město",Brno - Husovice
13269,16000,41,3+kk,"Brno - Trnitá, okres Brno-město",Brno - Trnitá
13270,10000,28,1+kk,"Brno - Starý Lískovec, okres Brno-město",Brno - Starý Lískovec
13271,13000,29,2+kk,"Brno - Ponava, okres Brno-město",Brno - Ponava
13272,13000,35,2+1,"Brno - Židenice, okres Brno-město",Brno - Židenice
13273,8000,28,2+kk,Znojmo,Znojmo
13274,11000,43,3+1,"Brno - Starý Lískovec, okres Brno-město",Brno - Starý Lískovec
13275,13000,42,3+kk,"Brno - Líšeň, okres Brno-město",Brno - Líšeň
13277,8000,16,1+kk,"Brno - Slatina, okres Brno-město",Brno - Slatina
13279,6000,17,1+kk,"Modřice, okres Brno-venkov",Modřice
13280,4000,5,other,Břeclav,Břeclav
13283,14000,29,2+kk,"Brno - Veveří, okres Brno-město",Brno - Veveří
13284,13000,26,2+kk,"Brno - Štýřice, okres Brno-město",Brno - Štýřice
13286,7000,25,1+1,Znojmo,Znojmo
13287,10000,39,3+1,"Hustopeče, okres Břeclav",Hustopeče
13288,11000,34,2+kk,"Brno - Zábrdovice, okres Brno-město",Brno - Zábrdovice
13289,8000,22,1+1,"Brno - Staré Brno, okres Brno-město",Brno - Staré Brno
13290,8000,14,1+kk,"Brno - Zábrdovice, okres Brno-město",Brno - Zábrdovice
13291,15000,34,2+kk,"Brno - Sadová, okres Brno-město",Brno - Sadová
13292,11000,39,3+kk,"Hustopeče, okres Břeclav",Hustopeče
13293,8000,16,1+kk,"Brno - Staré Brno, okres Brno-město",Brno - Staré Brno
13296,22000,77,3+kk,"Brno - Židenice, okres Brno-město",Brno - Židenice
13297,22000,77,3+kk,"Brno - Židenice, okres Brno-město",Brno - Židenice
13298,11000,26,2+kk,"Brno - Žebětín, okres Brno-město",Brno - Žebětín
13299,20000,73,4+kk,"Brno - Veveří, okres Brno-město",Brno - Veveří
13300,10000,22,2+kk,"Brno - Zábrdovice, okres Brno-město",Brno - Zábrdovice
13302,8000,31,2+1,Břeclav,Břeclav
13304,5000,22,2+kk,Břeclav,Břeclav
13305,8000,17,1+kk,"Brno - Trnitá, okres Brno-město",Brno - Trnitá
13307,5000,14,1+kk,"Boskovice, okres Blansko",Boskovice
13308,14000,44,2+1,"Brno - Veveří, okres Brno-město",Brno - Veveří
13309,11000,38,2+1,"Brno - Žabovřesky, okres Brno-město",Brno - Žabovřesky
13310,8000,20,1+1,"Brno - Bystrc, okres Brno-město",Brno - Bystrc
13311,8000,23,1+kk,"Brno - Královo Pole, okres Brno-město",Brno - Královo Pole
13312,6000,16,1+kk,"Brno - Královo Pole, okres Brno-město",Brno - Královo Pole
13313,15000,36,2+kk,"Brno - Trnitá, okres Brno-město",Brno - Trnitá
13315,8000,35,2+1,"Brno - Horní Heršpice, okres Brno-město",Brno - Horní Heršpice
13317,9000,12,1+kk,"Brno - Staré Brno, okres Brno-město",Brno - Staré Brno
13318,9000,19,1+kk,"Brno - Staré Brno, okres Brno-město",Brno - Staré Brno
13319,9000,11,1+kk,"Brno - Staré Brno, okres Brno-město",Brno - Staré Brno
13320,9000,14,1+1,"Brno - Staré Brno, okres Brno-město",Brno - Staré Brno
13321,9000,11,1+kk,"Brno - Staré Brno, okres Brno-město",Brno - Staré Brno
13322,9000,17,1+1,"Brno - Staré Brno, okres Brno-město",Brno - Staré Brno
13323,9000,15,1+kk,"Brno - Staré Brno, okres Brno-město",Brno - Staré Brno
13324,9000,17,1+1,"Brno - Staré Brno, okres Brno-město",Brno - Staré Brno
13325,15000,17,2+1,"Brno - Staré Brno, okres Brno-město",Brno - Staré Brno
13326,5000,17,other,"Modřice, okres Brno-venkov",Modřice
13328,8000,20,1+kk,"Brno - Žebětín, okres Brno-město",Brno - Žebětín
13329,8000,13,1+kk,"Brno - Zábrdovice, okres Brno-město",Brno - Zábrdovice
13330,8000,17,1+kk,"Brno - Bystrc, okres Brno-město",Brno - Bystrc
13331,13000,32,2+kk,"Brno - Sadová, okres Brno-město",Brno - Sadová
13333,7000,22,1+1,"Brno - Husovice, okres Brno-město",Brno - Husovice
13334,5000,32,2+1,Hodonín,Hodonín
13337,14000,36,2+kk,Brno - Brno-město,Brno - Brno-město
13338,18000,47,3+kk,Brno - Brno-město,Brno - Brno-město
13339,8000,20,1+kk,"Brno - Komín, okres Brno-město",Brno - Komín
13340,15000,51,2+kk,"Brno - Staré Brno, okres Brno-město",Brno - Staré Brno
13341,9000,10,other,"Brno - Komárov, okres Brno-město",Brno - Komárov
13342,7000,15,1+kk,"Brno - Líšeň, okres Brno-město",Brno - Líšeň
13343,5000,22,1+1,"Veselí nad Moravou, okres Hodonín",Veselí nad Moravou
13346,11000,34,2+kk,"Brno - Slatina, okres Brno-město",Brno - Slatina
13347,16000,40,3+kk,"Brno - Veveří, okres Brno-město",Brno - Veveří
13348,8000,32,2+1,"Veselí nad Moravou, okres Hodonín",Veselí nad Moravou
13349,10000,36,2+1,"Brno - Židenice, okres Brno-město",Brno - Židenice
13350,10000,36,3+1,"Brno - Židenice, okres Brno-město",Brno - Židenice
13351,9000,22,1+1,"Brno, okres Brno-město",Brno
13352,19000,53,3+1,"Brno - Zábrdovice, okres Brno-město",Brno - Zábrdovice
13353,6000,26,1+1,Znojmo,Znojmo
13354,8000,22,1+kk,"Brno - Zábrdovice, okres Brno-město",Brno - Zábrdovice
13358,8000,22,1+kk,"Brno - Líšeň, okres Brno-město",Brno - Líšeň
13359,4000,23,1+1,"Brno - Židenice, okres Brno-město",Brno - Židenice
13361,14000,56,3+kk,"Brno - Židenice, okres Brno-město",Brno - Židenice
13363,7000,32,2+1,Hodonín,Hodonín
13366,8000,23,1+1,"Mikulov, okres Břeclav",Mikulov
13367,12000,28,2+kk,"Brno - Zábrdovice, okres Brno-město",Brno - Zábrdovice
13368,14000,36,2+kk,"Brno - Staré Brno, okres Brno-město",Brno - Staré Brno
13369,5000,71,3+1,"Modřice, okres Brno-venkov",Modřice
13370,8000,11,2+kk,"Brno - Řečkovice, okres Brno-město",Brno - Řečkovice
13371,20000,41,3+kk,"Brno - Žabovřesky, okres Brno-město",Brno - Žabovřesky
13372,12000,33,2+kk,"Brno, okres Brno-město",Brno
13373,10000,13,1+kk,"Brno - Trnitá, okres Brno-město",Brno - Trnitá
13374,11000,13,1+kk,"Brno - Trnitá, okres Brno-město",Brno - Trnitá
13375,10000,19,1+kk,Brno - Brno-město,Brno - Brno-město
13377,8000,26,2+kk,"Brno - Husovice, okres Brno-město",Brno - Husovice
13378,11000,30,2+kk,"Hustopeče, okres Břeclav",Hustopeče
13379,7000,11,1+kk,"Brno - Královo Pole, okres Brno-město",Brno - Královo Pole
13380,9000,23,1+1,"Brno - Pisárky, okres Brno-město",Brno - Pisárky
13383,9000,14,1+kk,"Brno - Trnitá, okres Brno-město",Brno - Trnitá
13384,9000,13,1+kk,"Brno - Trnitá, okres Brno-město",Brno - Trnitá
13385,11000,33,2+1,"Brno - Staré Brno, okres Brno-město",Brno - Staré Brno
13386,10000,31,2+kk,"Brno - Žebětín, okres Brno-město",Brno - Žebětín
13387,11000,26,2+kk,"Brno - Zábrdovice, okres Brno-město",Brno - Zábrdovice
13388,10000,27,2+kk,"Brno - Líšeň, okres Brno-město",Brno - Líšeň
13389,9000,39,3+kk,Hodonín,Hodonín
13391,8000,26,2+kk,"Brno - Nový Lískovec, okres Brno-město",Brno - Nový Lískovec
13394,9000,17,1+kk,"Brno - Žabovřesky, okres Brno-město",Brno - Žabovřesky
13395,12000,38,2+kk,"Brno - Zábrdovice, okres Brno-město",Brno - Zábrdovice
13396,20000,45,3+kk,"Brno - Staré Brno, okres Brno-město",Brno - Staré Brno
13397,15000,42,3+1,"Brno - Zábrdovice, okres Brno-město",Brno - Zábrdovice
13398,13000,41,3+1,"Brno - Lesná, okres Brno-město",Brno - Lesná
13399,6000,19,1+1,Znojmo,Znojmo
13400,5000,27,1+1,Znojmo,Znojmo
13401,8000,20,1+kk,"Brno - Žebětín, okres Brno-město",Brno - Žebětín
13402,17000,45,2+1,"Brno - Horní Heršpice, okres Brno-město",Brno - Horní Heršpice
13403,7000,23,1+1,Znojmo,Znojmo
13404,7000,16,other,"Brno - Veveří, okres Brno-město",Brno - Veveří
13405,9000,22,2+kk,"Brno - Veveří, okres Brno-město",Brno - Veveří
13406,7000,19,1+1,Znojmo,Znojmo
13408,6000,24,1+kk,"Veselí nad Moravou, okres Hodonín",Veselí nad Moravou
13409,14000,41,3+kk,"Brno - Zábrdovice, okres Brno-město",Brno - Zábrdovice
13410,8000,44,3+1,Znojmo,Znojmo
13411,13000,36,3+1,"Brno - Starý Lískovec, okres Brno-město",Brno - Starý Lískovec
13412,8000,13,1+kk,"Brno - Černá Pole, okres Brno-město",Brno - Černá Pole
13413,13000,38,3+kk,"Brno - Královo Pole, okres Brno-město",Brno - Královo Pole
13414,10000,33,2+1,"Brno - Trnitá, okres Brno-město",Brno - Trnitá
13416,8000,17,1+kk,"Brno - Zábrdovice, okres Brno-město",Brno - Zábrdovice
13418,7000,20,1+1,"Brno - Královo Pole, okres Brno-město",Brno - Královo Pole
13420,11000,36,2+kk,"Brno - Černá Pole, okres Brno-město",Brno - Černá Pole
13421,14000,43,3+kk,"Brno - Staré Brno, okres Brno-město",Brno - Staré Brno
13423,17000,34,2+kk,"Brno - Staré Brno, okres Brno-město",Brno - Staré Brno
13424,12000,29,2+kk,"Brno - Slatina, okres Brno-město",Brno - Slatina
13425,4000,35,other,"Brno - Černovice, okres Brno-město",Brno - Černovice
13426,11000,35,2+1,"Brno - Štýřice, okres Brno-město",Brno - Štýřice
13427,7000,14,1+1,"Boskovice, okres Blansko",Boskovice
13428,7000,25,2+kk,Znojmo,Znojmo
13429,8000,25,2+kk,Znojmo,Znojmo
13430,15000,44,3+1,"Brno - Královo Pole, okres Brno-město",Brno - Královo Pole
13431,10000,20,1+kk,"Brno - Židenice, okres Brno-město",Brno - Židenice
13432,17000,44,3+kk,"Brno - Líšeň, okres Brno-město",Brno - Líšeň
13433,7000,28,1+1,"Veselí nad Moravou, okres Hodonín",Veselí nad Moravou
13434,9000,40,2+1,"Mikulov, okres Břeclav",Mikulov
13436,5000,12,other,"Brno - Žabovřesky, okres Brno-město",Brno - Žabovřesky
13437,14000,42,3+kk,"Brno - Štýřice, okres Brno-město",Brno - Štýřice
13438,14000,44,2+1,"Brno, okres Brno-město",Brno
13439,8000,35,1+1,"Šlapanice, okres Brno-venkov",Šlapanice
13440,9000,23,1+1,"Brno - Žabovřesky, okres Brno-město",Brno - Žabovřesky
13441,8000,42,2+1,"Brno - Líšeň, okres Brno-město",Brno - Líšeň
13442,7000,33,2+kk,"Ivančice, okres Brno-venkov",Ivančice
13444,14000,42,3+kk,"Brno - Veveří, okres Brno-město",Brno - Veveří
13445,11000,28,2+kk,"Brno - Štýřice, okres Brno-město",Brno - Štýřice
13446,11000,31,1+1,"Brno - Veveří, okres Brno-město",Brno - Veveří
13447,7000,15,1+kk,"Brno - Bystrc, okres Brno-město",Brno - Bystrc
13448,12000,33,2+kk,"Brno - Zábrdovice, okres Brno-město",Brno - Zábrdovice
13449,17000,47,3+kk,"Brno - Černá Pole, okres Brno-město",Brno - Černá Pole
13450,11000,48,3+1,"Brno - Lesná, okres Brno-město",Brno - Lesná
13451,25000,78,3+kk,"Brno - Štýřice, okres Brno-město",Brno - Štýřice
13452,12000,36,2+1,"Brno - Bystrc, okres Brno-město",Brno - Bystrc
13453,14000,26,2+kk,"Brno - Veveří, okres Brno-město",Brno - Veveří
13454,5000,14,1+kk,"Brno - Trnitá, okres Brno-město",Brno - Trnitá
13455,8000,14,1+kk,"Brno - Trnitá, okres Brno-město",Brno - Trnitá
13456,8000,14,1+kk,"Brno - Trnitá, okres Brno-město",Brno - Trnitá
13457,8000,17,1+kk,"Brno - Trnitá, okres Brno-město",Brno - Trnitá
13460,20000,50,4+1,"Brno - Černá Pole, okres Brno-město",Brno - Černá Pole
13461,12000,27,2+kk,"Brno - Zábrdovice, okres Brno-město",Brno - Zábrdovice
13462,9000,16,1+kk,"Brno - Zábrdovice, okres Brno-město",Brno - Zábrdovice
13463,21000,84,3+kk,"Brno - Zábrdovice, okres Brno-město",Brno - Zábrdovice
13464,26000,96,3+kk,"Brno - Zábrdovice, okres Brno-město",Brno - Zábrdovice
13465,5000,9,other,"Brno - Starý Lískovec, okres Brno-město",Brno - Starý Lískovec
13466,8000,34,3+1,Břeclav,Břeclav
13470,7000,23,1+1,"Brno - Královo Pole, okres Brno-město",Brno - Královo Pole
13471,7000,15,1+1,"Brno - Žabovřesky, okres Brno-město",Brno - Žabovřesky
13473,10000,43,3+1,Znojmo,Znojmo
13474,4000,28,1+1,Břeclav,Břeclav
13475,8000,24,1+1,"Brno - Řečkovice, okres Brno-město",Brno - Řečkovice
13476,7000,20,1+kk,"Brno - Zábrdovice, okres Brno-město",Brno - Zábrdovice
13477,8000,24,1+1,"Brno - Řečkovice, okres Brno-město",Brno - Řečkovice
13478,7000,20,1+kk,"Brno - Zábrdovice, okres Brno-město",Brno - Zábrdovice
13479,11000,44,3+kk,Znojmo,Znojmo
13480,8000,20,1+kk,"Brno - Starý Lískovec, okres Brno-město",Brno - Starý Lískovec
13481,8000,17,1+1,"Brno - Veveří, okres Brno-město",Brno - Veveří
13482,17000,69,4+1,Brno - Brno-město,Brno - Brno-město
13483,11000,39,2+1,Břeclav,Břeclav
13484,12000,44,3+kk,Břeclav,Břeclav
13485,10000,42,2+1,Břeclav,Břeclav
13487,9000,20,1+kk,"Brno - Ponava, okres Brno-město",Brno - Ponava
13488,12000,34,2+1,"Brno - Pisárky, okres Brno-město",Brno - Pisárky
13489,8000,34,2+1,"Boskovice, okres Blansko",Boskovice
13492,10000,65,3+1,Znojmo,Znojmo
13493,7000,14,1+kk,"Brno - Černovice, okres Brno-město",Brno - Černovice
13496,8000,16,1+kk,"Brno - Zábrdovice, okres Brno-město",Brno - Zábrdovice
13497,23000,66,4+kk,"Brno - Černá Pole, okres Brno-město",Brno - Černá Pole
13498,14000,41,3+1,"Brno - Žabovřesky, okres Brno-město",Brno - Žabovřesky
13499,12000,65,4+kk,Znojmo,Znojmo
13500,13000,34,2+1,"Brno - Ponava, okres Brno-město",Brno - Ponava
13501,11000,26,2+1,"Brno - Černá Pole, okres Brno-město",Brno - Černá Pole
13502,13000,39,2+kk,"Brno - Zábrdovice, okres Brno-město",Brno - Zábrdovice
13503,7000,16,1+kk,"Brno - Veveří, okres Brno-město",Brno - Veveří
13504,10000,20,2+kk,"Brno - Královo Pole, okres Brno-město",Brno - Královo Pole
13505,9000,27,2+kk,"Brno - Líšeň, okres Brno-město",Brno - Líšeň
13508,10000,17,1+kk,Brno - Brno-město,Brno - Brno-město
13509,10000,31,2+kk,"Hustopeče, okres Břeclav",Hustopeče
13510,9000,22,2+kk,"Brno - Horní Heršpice, okres Brno-město",Brno - Horní Heršpice
13511,12000,42,3+1,"Brno - Lesná, okres Brno-město",Brno - Lesná
13512,9000,14,1+kk,"Brno - Trnitá, okres Brno-město",Brno - Trnitá
13513,8000,17,1+kk,"Brno - Řečkovice, okres Brno-město",Brno - Řečkovice
13514,8000,20,1+kk,"Brno - Zábrdovice, okres Brno-město",Brno - Zábrdovice
13515,6000,13,1+kk,"Brno - Zábrdovice, okres Brno-město",Brno - Zábrdovice
13516,10000,26,2+kk,"Brno - Zábrdovice, okres Brno-město",Brno - Zábrdovice
13517,14000,59,2+kk,"Brno - Zábrdovice, okres Brno-město",Brno - Zábrdovice
13518,8000,38,2+1,"Veselí nad Moravou, okres Hodonín",Veselí nad Moravou
13521,8000,35,2+1,"Ivančice, okres Brno-venkov",Ivančice
13523,9000,14,1+kk,"Brno - Trnitá, okres Brno-město",Brno - Trnitá
13524,10000,14,1+kk,"Brno - Trnitá, okres Brno-město",Brno - Trnitá
13525,9000,14,1+kk,"Brno - Trnitá, okres Brno-město",Brno - Trnitá
13526,7000,29,2+kk,"Brno - Trnitá, okres Brno-město",Brno - Trnitá
13528,13000,34,3+kk,"Brno - Slatina, okres Brno-město",Brno - Slatina
13530,8000,23,1+kk,Brno - Brno-město,Brno - Brno-město
13531,8000,23,1+kk,"Brno - Královo Pole, okres Brno-město",Brno - Královo Pole
13532,9000,32,2+1,"Brno - Staré Brno, okres Brno-město",Brno - Staré Brno
13533,7000,34,2+1,"Boskovice, okres Blansko",Boskovice
13534,13000,39,3+1,"Brno - Staré Brno, okres Brno-město",Brno - Staré Brno
13536,4000,89,other,"Brno - Trnitá, okres Brno-město",Brno - Trnitá
13538,8000,35,2+1,"Ivančice, okres Brno-venkov",Ivančice
13540,9000,14,1+kk,"Brno - Trnitá, okres Brno-město",Brno - Trnitá
13541,10000,14,1+kk,"Brno - Trnitá, okres Brno-město",Brno - Trnitá
13542,9000,14,1+kk,"Brno - Trnitá, okres Brno-město",Brno - Trnitá
13543,7000,29,2+kk,"Brno - Trnitá, okres Brno-město",Brno - Trnitá
13545,13000,34,3+kk,"Brno - Slatina, okres Brno-město",Brno - Slatina
13547,8000,23,1+kk,Brno - Brno-město,Brno - Brno-město
13548,8000,23,1+kk,"Brno - Královo Pole, okres Brno-město",Brno - Královo Pole
13549,9000,32,2+1,"Brno - Staré Brno, okres Brno-město",Brno - Staré Brno
13550,7000,34,2+1,"Boskovice, okres Blansko",Boskovice
13551,13000,39,3+1,"Brno - Staré Brno, okres Brno-město",Brno - Staré Brno
13552,4000,89,other,"Brno - Trnitá, okres Brno-město",Brno - Trnitá
13553,8000,31,2+1,"Slavkov u Brna, okres Vyškov",Slavkov u Brna
13554,16000,45,3+kk,"Brno - Komín, okres Brno-město",Brno - Komín
13555,13000,43,3+kk,"Brno, okres Brno-město",Brno
13558,13000,34,2+kk,Brno - Brno-město,Brno - Brno-město
13560,11000,38,1+kk,"Hustopeče, okres Břeclav",Hustopeče
13562,8000,13,1+kk,"Brno, okres Brno-město",Brno
13563,14000,41,2+kk,"Brno - Veveří, okres Brno-město",Brno - Veveří
13564,8000,52,3+1,Znojmo,Znojmo
13565,8000,28,2+kk,Znojmo,Znojmo
13566,16000,49,3+1,"Brno - Staré Brno, okres Brno-město",Brno - Staré Brno
13567,8000,32,2+kk,"Brno - Veveří, okres Brno-město",Brno - Veveří
13568,8000,19,1+1,"Brno - Královo Pole, okres Brno-město",Brno - Královo Pole
13570,5000,22,1+1,Hodonín,Hodonín
13571,14000,28,2+kk,"Brno - Zábrdovice, okres Brno-město",Brno - Zábrdovice
13572,17000,45,3+1,"Brno - Veveří, okres Brno-město",Brno - Veveří
13573,7000,35,2+kk,Hodonín,Hodonín
13574,11000,28,2+kk,"Brno - Nový Lískovec, okres Brno-město",Brno - Nový Lískovec
13575,14000,49,4+1,"Brno - Nový Lískovec, okres Brno-město",Brno - Nový Lískovec
13577,8000,17,1+kk,"Brno - Zábrdovice, okres Brno-město",Brno - Zábrdovice
13578,9000,20,1+kk,"Brno - Zábrdovice, okres Brno-město",Brno - Zábrdovice
13579,8000,15,1+kk,"Brno - Zábrdovice, okres Brno-město",Brno - Zábrdovice
13580,5000,23,1+1,Znojmo,Znojmo
13581,11000,20,1+kk,"Brno - Zábrdovice, okres Brno-město",Brno - Zábrdovice
13583,13000,32,2+1,"Brno - Štýřice, okres Brno-město",Brno - Štýřice
13586,10000,31,2+kk,"Brno - Trnitá, okres Brno-město",Brno - Trnitá
13587,7000,17,1+1,"Brno - Řečkovice, okres Brno-město",Brno - Řečkovice
13590,19000,57,3+kk,"Brno - Staré Brno, okres Brno-město",Brno - Staré Brno
13591,12000,29,2+kk,"Brno - Žabovřesky, okres Brno-město",Brno - Žabovřesky
13592,8000,31,1+kk,"Veselí nad Moravou, okres Hodonín",Veselí nad Moravou
13593,9000,38,3+kk,Znojmo,Znojmo
13594,7000,28,2+kk,Znojmo,Znojmo
13597,11000,32,2+1,"Brno - Bystrc, okres Brno-město",Brno - Bystrc
13598,4000,78,atypické,"Brno - Husovice, okres Brno-město",Brno - Husovice
13599,8000,22,2+kk,"Brno - Husovice, okres Brno-město",Brno - Husovice
13600,5000,7,other,"Brno - Zábrdovice, okres Brno-město",Brno - Zábrdovice
13601,5000,7,other,"Brno - Zábrdovice, okres Brno-město",Brno - Zábrdovice
13602,16000,56,3+kk,"Brno - Královo Pole, okres Brno-město",Brno - Královo Pole
13604,15000,50,3+1,"Brno - Ponava, okres Brno-město",Brno - Ponava
13605,10000,36,2+kk,"Mikulov, okres Břeclav",Mikulov
13606,13000,38,2+kk,"Brno - Slatina, okres Brno-město",Brno - Slatina
13607,7000,17,1+kk,"Brno - Žebětín, okres Brno-město",Brno - Žebětín
13608,11000,49,3+1,Hodonín,Hodonín
13609,8000,18,2+kk,"Brno - Staré Brno, okres Brno-město",Brno - Staré Brno
13610,8000,30,1+kk,"Brno - Bystrc, okres Brno-město",Brno - Bystrc
13611,14000,51,3+1,"Brno - Černá Pole, okres Brno-město",Brno - Černá Pole
13612,8000,47,3+1,Znojmo,Znojmo
13615,9000,26,2+kk,"Brno - Bohunice, okres Brno-město",Brno - Bohunice
13617,17000,68,4+kk,"Šlapanice, okres Brno-venkov",Šlapanice
13618,10000,25,2+kk,"Ivančice, okres Brno-venkov",Ivančice
13619,7000,26,2+kk,Znojmo,Znojmo
13620,14000,42,3+kk,"Mikulov, okres Břeclav",Mikulov
13625,9000,19,1+1,"Brno - Žabovřesky, okres Brno-město",Brno - Žabovřesky
13626,11000,28,1+1,"Brno - Staré Brno, okres Brno-město",Brno - Staré Brno
13627,10000,35,2+kk,"Hustopeče, okres Břeclav",Hustopeče
13628,13000,71,4+1,"Brno - Veveří, okres Brno-město",Brno - Veveří
13629,12000,42,3+kk,"Brno - Zábrdovice, okres Brno-město",Brno - Zábrdovice
13632,5000,27,2+kk,Břeclav,Břeclav
13633,6000,29,2+kk,Znojmo,Znojmo
13634,10000,31,2+kk,"Brno - Trnitá, okres Brno-město",Brno - Trnitá
13636,6000,24,1+kk,Hodonín,Hodonín
13637,12000,30,2+kk,"Brno - Trnitá, okres Brno-město",Brno - Trnitá
13638,12000,46,2+1,"Brno - Královo Pole, okres Brno-město",Brno - Královo Pole
13639,8000,31,1+kk,"Brno - Zábrdovice, okres Brno-město",Brno - Zábrdovice
13640,4000,43,other,"Brno - Starý Lískovec, okres Brno-město",Brno - Starý Lískovec
13641,9000,40,3+1,Břeclav,Břeclav
13642,7000,40,3+1,Znojmo,Znojmo
13643,9000,11,1+kk,"Brno - Staré Brno, okres Brno-město",Brno - Staré Brno
13644,5000,20,1+kk,Znojmo,Znojmo
13645,8000,44,3+1,Znojmo,Znojmo
13647,8000,14,1+kk,"Brno - Trnitá, okres Brno-město",Brno - Trnitá
13648,12000,19,1+kk,Brno - Brno-město,Brno - Brno-město
13649,14000,27,2+kk,Brno - Brno-město,Brno - Brno-město
13650,14000,29,1+kk,Brno - Brno-město,Brno - Brno-město
13651,11000,36,1+kk,"Brno - Židenice, okres Brno-město",Brno - Židenice
13652,11000,31,2+kk,"Brno - Židenice, okres Brno-město",Brno - Židenice
13653,7000,25,2+kk,Hodonín,Hodonín
13655,6000,13,1+kk,"Brno - Královo Pole, okres Brno-město",Brno - Královo Pole
13656,9000,25,2+1,"Brno - Zábrdovice, okres Brno-město",Brno - Zábrdovice
13657,6000,13,1+kk,"Brno - Královo Pole, okres Brno-město",Brno - Královo Pole
13658,9000,25,2+1,"Brno - Zábrdovice, okres Brno-město",Brno - Zábrdovice
13660,10000,14,1+kk,"Brno - Trnitá, okres Brno-město",Brno - Trnitá
13661,13000,36,2+1,Brno - Brno-město,Brno - Brno-město
13662,10000,14,1+kk,"Brno - Zábrdovice, okres Brno-město",Brno - Zábrdovice
13663,7000,28,2+1,Znojmo,Znojmo
13664,11000,23,1+kk,Brno - Brno-město,Brno - Brno-město
13665,12000,26,1+kk,Brno - Brno-město,Brno - Brno-město
13666,14000,40,3+kk,Znojmo,Znojmo
13667,7000,22,1+kk,"Brno - Žebětín, okres Brno-město",Brno - Žebětín
13668,5000,11,other,"Brno - Staré Brno, okres Brno-město",Brno - Staré Brno
13669,10000,22,1+1,"Brno - Žabovřesky, okres Brno-město",Brno - Žabovřesky
13671,10000,33,2+1,Znojmo,Znojmo
13672,10000,31,2+kk,"Modřice, okres Brno-venkov",Modřice
13673,15000,19,2+1,"Brno - Staré Brno, okres Brno-město",Brno - Staré Brno
13674,11000,41,2+1,"Brno - Veveří, okres Brno-město",Brno - Veveří
13677,10000,14,1+kk,"Brno - Zábrdovice, okres Brno-město",Brno - Zábrdovice
13679,7000,17,1+kk,"Brno - Zábrdovice, okres Brno-město",Brno - Zábrdovice
13680,8000,38,2+1,"Brno - Královo Pole, okres Brno-město",Brno - Královo Pole
13681,7000,22,1+1,"Brno - Žebětín, okres Brno-město",Brno - Žebětín
13682,5000,14,1+kk,"Brno, okres Brno-město",Brno
13683,8000,27,1+1,"Boskovice, okres Blansko",Boskovice
13685,7000,35,2+1,Znojmo,Znojmo
13688,7000,23,1+1,Břeclav,Břeclav
13689,8000,31,2+1,"Mikulov, okres Břeclav",Mikulov
13690,4000,81,other,"Brno - Žabovřesky, okres Brno-město",Brno - Žabovřesky
13691,11000,59,2+1,Břeclav,Břeclav
13692,8000,14,1+kk,"Brno - Trnitá, okres Brno-město",Brno - Trnitá
13693,8000,38,2+1,Hodonín,Hodonín
13694,12000,45,3+1,"Brno - Žabovřesky, okres Brno-město",Brno - Žabovřesky
13696,11000,26,1+1,"Brno - Staré Brno, okres Brno-město",Brno - Staré Brno
13697,14000,52,3+1,"Brno - Staré Brno, okres Brno-město",Brno - Staré Brno
13698,20000,79,3+1,"Brno - Staré Brno, okres Brno-město",Brno - Staré Brno
13700,7000,33,2+1,Hodonín,Hodonín
13701,13000,20,1+kk,"Brno - Židenice, okres Brno-město",Brno - Židenice
13702,4000,26,other,Brno - Brno-město,Brno - Brno-město
13703,9000,16,1+kk,"Brno, okres Brno-město",Brno
13705,6000,26,2+1,"Břeclav, okres Břeclav",Břeclav
13706,13000,53,3+kk,"Brno - Trnitá, okres Brno-město",Brno - Trnitá
13707,9000,25,2+kk,"Brno - Zábrdovice, okres Brno-město",Brno - Zábrdovice
13708,13000,74,4+1,Hodonín,Hodonín
13711,14000,59,3+kk,"Ivančice, okres Brno-venkov",Ivančice
13713,5000,8,other,"Brno - Starý Lískovec, okres Brno-město",Brno - Starý Lískovec
13714,23000,44,3+kk,"Brno - Komárov, okres Brno-město",Brno - Komárov
13715,8000,22,1+kk,"Brno - Židenice, okres Brno-město",Brno - Židenice
13716,8000,19,1+kk,"Brno - Štýřice, okres Brno-město",Brno - Štýřice
13717,4000,24,1+kk,Znojmo,Znojmo
13718,7000,21,1+1,"Brno - Bystrc, okres Brno-město",Brno - Bystrc
13719,10000,27,1+kk,"Brno - Zábrdovice, okres Brno-město",Brno - Zábrdovice
13723,9000,27,2+kk,"Mikulov, okres Břeclav",Mikulov
13724,14000,28,2+kk,"Brno - Komárov, okres Brno-město",Brno - Komárov
13725,8000,14,1+kk,"Brno - Veveří, okres Brno-město",Brno - Veveří
13726,12000,19,1+kk,Brno - Brno-město,Brno - Brno-město
13727,11000,17,1+kk,Brno - Brno-město,Brno - Brno-město
13728,8000,20,1+1,"Brno - Židenice, okres Brno-město",Brno - Židenice
13729,7000,28,2+kk,Znojmo,Znojmo
13730,9000,10,1+kk,"Brno - Staré Brno, okres Brno-město",Brno - Staré Brno
13731,9000,10,1+kk,"Brno - Staré Brno, okres Brno-město",Brno - Staré Brno
13734,9000,35,2+kk,"Slavkov u Brna, okres Vyškov",Slavkov u Brna
13736,59000,198,atypické,"Brno - Štýřice, okres Brno-město",Brno - Štýřice
13737,13000,55,3+kk,"Břeclav, okres Břeclav",Břeclav
13738,13000,59,3+kk,"Břeclav, okres Břeclav",Břeclav
13739,6000,12,1+kk,"Brno - Zábrdovice, okres Brno-město",Brno - Zábrdovice
13741,14000,41,2+kk,"Brno - Bystrc, okres Brno-město",Brno - Bystrc
13744,14000,39,3+1,"Brno - Lesná, okres Brno-město",Brno - Lesná
13745,8000,13,1+kk,Brno - Brno-město,Brno - Brno-město
13746,10000,20,1+1,"Brno - Veveří, okres Brno-město",Brno - Veveří
13747,7000,7,other,Brno - Brno-město,Brno - Brno-město
13749,17000,32,2+1,"Brno - Černovice, okres Brno-město",Brno - Černovice
13750,9000,14,1+kk,"Brno - Staré Brno, okres Brno-město",Brno - Staré Brno
13751,9000,14,1+kk,"Brno - Staré Brno, okres Brno-město",Brno - Staré Brno
13752,9000,12,1+kk,"Brno - Staré Brno, okres Brno-město",Brno - Staré Brno
13753,9000,25,1+1,"Veselí nad Moravou, okres Hodonín",Veselí nad Moravou
13754,9000,32,2+kk,"Veselí nad Moravou, okres Hodonín",Veselí nad Moravou
13755,9000,23,1+1,"Veselí nad Moravou, okres Hodonín",Veselí nad Moravou
13756,5000,32,other,Brno - Brno-město,Brno - Brno-město
13757,5000,38,other,Brno - Brno-město,Brno - Brno-město
13758,8000,26,1+1,"Brno - Řečkovice, okres Brno-město",Brno - Řečkovice
13761,7000,26,2+1,Hodonín,Hodonín
13764,9000,13,1+kk,"Brno - Staré Brno, okres Brno-město",Brno - Staré Brno
13765,9000,13,1+kk,"Brno - Staré Brno, okres Brno-město",Brno - Staré Brno
13766,9000,13,1+kk,"Brno - Staré Brno, okres Brno-město",Brno - Staré Brno
13767,8000,16,1+kk,Hodonín,Hodonín
13768,4000,42,other,Brno - Brno-město,Brno - Brno-město
13769,11000,17,1+kk,"Brno - Komárov, okres Brno-město",Brno - Komárov
13770,6000,19,1+1,"Brno - Štýřice, okres Brno-město",Brno - Štýřice
13771,5000,47,other,"Brno - Pisárky, okres Brno-město",Brno - Pisárky
13772,12000,36,2+kk,Znojmo,Znojmo
13773,5000,22,1+1,Hodonín,Hodonín
13774,4000,8,other,"Brno - Černá Pole, okres Brno-město",Brno - Černá Pole
13775,11000,53,4+kk,Břeclav,Břeclav
13776,19000,39,3+kk,"Brno - Veveří, okres Brno-město",Brno - Veveří
13777,11000,77,3+1,"Veselí nad Moravou, okres Hodonín",Veselí nad Moravou
13779,8000,19,1+1,"Brno - Královo Pole, okres Brno-město",Brno - Královo Pole
13780,26000,72,3+kk,"Brno - Veveří, okres Brno-město",Brno - Veveří
13781,41000,178,5+kk,"Brno - Veveří, okres Brno-město",Brno - Veveří
13782,4000,28,other,"Brno - Zábrdovice, okres Brno-město",Brno - Zábrdovice
13783,8000,45,2+1,Znojmo,Znojmo
13784,7000,37,3+1,Znojmo,Znojmo
13785,7000,13,1+kk,"Brno - Zábrdovice, okres Brno-město",Brno - Zábrdovice
13786,7000,20,1+1,"Ivančice, okres Brno-venkov",Ivančice
13787,11000,20,1+kk,"Brno, okres Brno-město",Brno
13788,5000,11,other,"Modřice, okres Brno-venkov",Modřice
13791,5000,28,other,Brno - Brno-město,Brno - Brno-město
13792,5000,26,other,Brno - Brno-město,Brno - Brno-město
13794,4000,28,other,Brno - Brno-město,Brno - Brno-město
13795,7000,42,other,"Brno - Černá Pole, okres Brno-město",Brno - Černá Pole
13796,4000,32,other,Brno - Brno-město,Brno - Brno-město
13797,18000,57,4+kk,Znojmo,Znojmo
13798,17000,63,4+kk,Znojmo,Znojmo
13799,13000,50,3+kk,Znojmo,Znojmo
13800,11000,16,1+kk,Brno - Brno-město,Brno - Brno-město
13803,7000,26,other,Brno - Brno-město,Brno - Brno-město
13804,8000,17,1+kk,"Brno - Zábrdovice, okres Brno-město",Brno - Zábrdovice
13805,9000,28,1+1,"Brno - Černá Pole, okres Brno-město",Brno - Černá Pole
13806,11000,38,2+1,"Brno, okres Brno-město",Brno
13807,6000,17,1+kk,Hodonín,Hodonín
13808,8000,15,1+kk,Brno - Brno-město,Brno - Brno-město
13809,5000,50,other,Brno - Brno-město,Brno - Brno-město
13810,5000,50,other,Brno - Brno-město,Brno - Brno-město
13811,5000,50,other,Brno - Brno-město,Brno - Brno-město
13817,20000,54,3+kk,"Brno - Trnitá, okres Brno-město",Brno - Trnitá
13846,36000,86,3+kk,"Poděbradská, Praha - Hloubětín",Poděbradská
13858,17000,34,1+kk,"Poděbradská, Praha - Hloubětín",Poděbradská
13883,20990,54,2+1,"Poděbradská, Praha - Vysočany",Poděbradská
13897,19000,23,1+kk,"Poděbradská, Praha - Vysočany",Poděbradská
13955,21503,52,2+1,"Poděbradská, Praha - Hloubětín",Poděbradská
13977,22900,47,1+kk,"Poděbradská, Praha - Vysočany",Poděbradská
13982,17900,27,1+kk,"Slovenská, Praha - Vinohrady",Slovenská
13992,19500,28,1+kk,"Poděbradská, Praha - Hloubětín",Poděbradská
14046,22900,45,1+1,"Plzeňská, Praha - Smíchov",Plzeňská
14112,14550,103,4+1,"Hlavní třída, Havířov - Havířov-město, Moravskoslezský kraj",Hlavní třída
14127,9850,72,3+1,"Závodní, Karviná - Karviná-město, Moravskoslezský kraj",Závodní
14131,10550,69,3+1,"Závodní, Karviná - Karviná-město, Moravskoslezský kraj",Závodní
14135,10350,69,3+1,"Závodní, Karviná - Karviná-město, Moravskoslezský kraj",Závodní
14152,10600,72,3+1,"Závodní, Karviná - Karviná-město, Moravskoslezský kraj",Závodní
14168,12550,69,3+1,"Okružní, Český Těšín - Český Těšín, Moravskoslezský kraj",Okružní
14171,7900,55,2+1,"Okružní, Havířov - Šumbark, Moravskoslezský kraj",Okružní
14181,8350,55,2+1,"Závodní, Karviná - Karviná-město, Moravskoslezský kraj",Závodní
14239,27500,63,2+kk,"Poděbradská, Praha - Vysočany",Poděbradská
14315,12350,69,3+1,"Závodní, Karviná - Karviná-město, Moravskoslezský kraj",Závodní
14323,8400,35,1+1,"Slovenská, Karviná - Karviná-město, Moravskoslezský kraj",Slovenská
14340,10800,68,3+1,"Hlavní třída, Havířov - Havířov-město, Moravskoslezský kraj",Hlavní třída
14341,8450,59,2+1,"Okružní, Havířov - Šumbark, Moravskoslezský kraj",Okružní
14352,10600,70,3+1,"Hlavní třída, Havířov - Havířov-město, Moravskoslezský kraj",Hlavní třída
14362,7600,55,2+1,"Závodní, Karviná - Karviná-město, Moravskoslezský kraj",Závodní
14366,7400,35,1+kk,"Slovenská, Karviná - Karviná-město, Moravskoslezský kraj",Slovenská
14376,11550,55,2+1,"Slovenská, Karviná - Karviná-město, Moravskoslezský kraj",Slovenská
14382,8750,37,1+1,"Slovenská, Karviná - Karviná-město, Moravskoslezský kraj",Slovenská
14383,9750,54,2+1,"Hlavní třída, Havířov - Havířov-město, Moravskoslezský kraj",Hlavní třída
14403,19000,65,2+kk,"Brno - Královo Pole, Jihomoravský kraj",Brno - Královo Pole
14426,20500,43,1+kk,"Poděbradská, Praha - Hloubětín",Poděbradská
14458,15000,32,1+kk,"Brno - Trnitá, Jihomoravský kraj",Brno - Trnitá
14471,20500,34,1+kk,"Poděbradská, Praha - Hloubětín",Poděbradská
14490,12250,53,2+1,"Slovenská, Karviná - Karviná-město, Moravskoslezský kraj",Slovenská
14495,9500,55,2+1,"Hlavní třída, Havířov - Havířov-město, Moravskoslezský kraj",Hlavní třída
14506,27783,36,1+kk,"Veletržní, Praha - Bubeneč",Veletržní
14509,7450,35,1+kk,"Slovenská, Karviná - Karviná-město, Moravskoslezský kraj",Slovenská
14510,11450,77,3+1,"Hlavní třída, Havířov - Havířov-město, Moravskoslezský kraj",Hlavní třída
14512,6750,52,2+1,"Závodní, Karviná - Karviná-město, Moravskoslezský kraj",Závodní
14528,11750,73,4+1,"Slovenská, Karviná - Karviná-město, Moravskoslezský kraj",Slovenská
14529,7400,34,1+kk,"Slovenská, Karviná - Karviná-město, Moravskoslezský kraj",Slovenská
14532,12900,72,3+1,"Slovenská, Karviná - Karviná-město, Moravskoslezský kraj",Slovenská
14540,15500,30,1+kk,"Poděbradská, Praha - Hloubětín",Poděbradská
14599,46251,51,atypické,"Plzeňská, Praha - Košíře",Plzeňská
14604,16990,32,1+kk,"Poděbradská, Praha - Hloubětín",Poděbradská
14620,13200,25,1+kk,"Poděbradská, Praha - Vysočany",Poděbradská
14681,13100,55,3+1,"Slovenská, Karviná - Karviná-město, Moravskoslezský kraj",Slovenská
14683,8000,35,1+kk,"Slovenská, Karviná - Karviná-město, Moravskoslezský kraj",Slovenská
14690,10550,78,3+kk,"Hlavní třída, Havířov - Havířov-město, Moravskoslezský kraj",Hlavní třída
14696,9400,67,3+1,"Okružní, Havířov - Šumbark, Moravskoslezský kraj",Okružní
14717,10750,69,3+1,"Závodní, Karviná - Karviná-město, Moravskoslezský kraj",Závodní
14727,18990,36,1+kk,"Poděbradská, Praha - Vysočany",Poděbradská
14839,20000,56,2+kk,"Plzeňská, Praha - Smíchov",Plzeňská
14921,13500,26,1+kk,"Okružní, Brno - Lesná, Jihomoravský kraj",Okružní
14927,17000,54,2+kk,"Olomouc - Nová Ulice, Olomoucký kraj",Olomouc - Nová Ulice
14972,41038,36,atypické,"Veletržní, Praha - Bubeneč",Veletržní
14993,16990,54,2+1,"Poděbradská, Praha - Vysočany",Poděbradská
15005,42014,35,atypické,"Plzeňská, Praha - Smíchov",Plzeňská
15126,10000,30,1+1,"Plzeňská, České Budějovice - České Budějovice 3, Jihočeský kraj",Plzeňská
15193,15000,58,3+kk,"Okružní, Roudnice nad Labem - Roudnice nad Labem, Ústecký kraj",Okružní
15278,16000,35,2+kk,"Okružní, Brno - Lesná, Jihomoravský kraj",Okružní
15315,18990,32,1+kk,"Poděbradská, Praha - Hloubětín",Poděbradská
15316,38003,20,atypické,"Plzeňská, Praha - Smíchov",Plzeňská
15385,19500,28,1+kk,"Poděbradská, Praha - Hloubětín",Poděbradská
15433,13490,33,1+kk,"Poděbradská, Praha - Vysočany",Poděbradská
15491,37031,23,atypické,"Plzeňská, Praha - Smíchov",Plzeňská
15507,11500,35,1+kk,"Okružní, Olomouc - Nová Ulice, Olomoucký kraj",Okružní
15557,17990,32,1+kk,"Poděbradská, Praha - Hloubětín",Poděbradská
15623,42664,28,atypické,"Veletržní, Praha - Bubeneč",Veletržní
15626,51603,46,atypické,"Veletržní, Praha - Bubeneč",Veletržní
15627,43070,28,atypické,"Veletržní, Praha - Bubeneč",Veletržní
15682,13214,45,2+kk,"Hlavní třída, Ostrava - Poruba, Moravskoslezský kraj",Hlavní třída
15793,13000,45,1+kk,"Okružní, Jihlava - Jihlava, Kraj Vysočina",Okružní
15800,19990,39,1+kk,"Poděbradská, Praha - Hloubětín",Poděbradská
15801,13000,37,1+kk,"České Budějovice - České Budějovice 2, Jihočeský kraj",České Budějovice - České Budějovice 2
15845,23000,46,1+kk,"Poděbradská, Praha - Hloubětín",Poděbradská
15871,16000,44,1+1,"Brno - Staré Brno, Jihomoravský kraj",Brno - Staré Brno
16040,22000,46,2+kk,"Poděbradská, Praha - Vysočany",Poděbradská
16049,18990,35,1+kk,"Poděbradská, Praha - Vysočany",Poděbradská
16054,45102,30,atypické,"Veletržní, Praha - Bubeneč",Veletržní
16055,45102,37,atypické,"Veletržní, Praha - Bubeneč",Veletržní
16056,42257,31,atypické,"Veletržní, Praha - Bubeneč",Veletržní
16057,41851,31,atypické,"Veletržní, Praha - Bubeneč",Veletržní
16125,37155,20,atypické,"Plzeňská, Praha - Smíchov",Plzeňská
16134,42257,30,atypické,"Veletržní, Praha - Bubeneč",Veletržní
16167,16490,35,1+kk,"Poděbradská, Praha - Hloubětín",Poděbradská
16206,50790,45,atypické,"Veletržní, Praha - Bubeneč",Veletržní
16303,29414,29,atypické,"Plzeňská, Praha - Motol",Plzeňská
16322,56777,117,atypické,"Plzeňská, Praha - Smíchov",Plzeňská
16332,6650,21,1+kk,"Hlavní třída, Havířov - Havířov-město, Moravskoslezský kraj",Hlavní třída
16336,7950,55,2+1,"Závodní, Karviná - Karviná-město, Moravskoslezský kraj",Závodní
16344,10900,67,3+1,"Okružní, Orlová - Horní Lutyně, Moravskoslezský kraj",Okružní
16348,8350,34,1+1,"Hlavní třída, Havířov-město, Moravskoslezský kraj",Hlavní třída
16350,12250,82,3+1,"Hlavní třída, Havířov - Havířov-město, Moravskoslezský kraj",Hlavní třída
